# Blender 4.4.1
# www.blender.org
mtllib bunny.mtl
o bunny
v -0.692496 0.499936 0.067464
v -0.717584 0.477704 0.110200
v -0.715928 0.511408 0.099912
v -0.690944 0.232520 0.095848
v -0.687288 0.237504 0.061264
v -0.696448 0.205024 0.078120
v -0.210432 0.361512 0.139144
v -0.219064 0.345944 0.173272
v -0.206808 0.334632 0.208640
v -0.582216 0.788360 -0.385672
v -0.576672 0.759984 -0.335440
v -0.541904 0.778312 -0.403008
v -0.250872 0.331280 0.207768
v -0.228768 0.312096 0.239104
v -0.487216 -0.292560 0.341432
v -0.455208 -0.276504 0.345896
v -0.483048 -0.272632 0.320712
v -0.014384 0.409384 0.130888
v -0.064672 0.402440 0.134976
v -0.027280 0.402560 0.174032
v -0.448088 0.590536 0.202952
v -0.453024 0.581648 0.237032
v -0.435632 0.583816 0.180040
v -0.669896 -0.025824 0.071672
v -0.678912 -0.012864 0.131696
v -0.689640 0.007448 0.084280
v -0.548824 0.559384 -0.320408
v -0.555304 0.569744 -0.356312
v -0.533608 0.578944 -0.362128
v -0.710504 0.062128 0.113816
v -0.716896 0.092800 0.142496
v -0.715192 0.076312 0.093168
v 0.467520 -0.078392 0.142240
v 0.458760 -0.084136 0.169232
v 0.467136 -0.106072 0.175832
v -0.269392 0.781960 -0.065440
v -0.316160 0.750872 -0.060600
v -0.284208 0.767648 -0.038944
v -0.071912 0.396184 0.176216
v -0.650056 -0.055800 0.056816
v -0.669920 -0.022080 0.037336
v -0.562880 0.712560 -0.209152
v -0.582072 0.717272 -0.216104
v -0.555504 0.678392 -0.137752
v -0.511008 0.651208 -0.160512
v -0.519672 0.628160 -0.100760
v -0.506464 0.612848 -0.110712
v -0.514968 0.743696 -0.393808
v -0.532376 0.733688 -0.337024
v -0.511408 0.703392 -0.325840
v -0.405496 -0.352512 -0.099048
v -0.382976 -0.366912 -0.123344
v -0.412000 -0.370168 -0.096664
v -0.543872 0.717984 -0.253016
v -0.567360 0.730936 -0.262112
v -0.526464 0.701144 -0.244472
v -0.553088 0.739824 -0.312104
v -0.554984 0.644944 -0.073520
v -0.566912 0.650920 -0.077856
v -0.537056 0.616752 -0.049624
v -0.581224 0.685432 -0.145696
v -0.235424 0.105336 -0.199456
v -0.264384 0.127672 -0.187408
v -0.224984 0.154576 -0.188640
v -0.121816 0.382792 0.172360
v -0.160888 0.360360 0.188704
v -0.129848 0.350632 0.236616
v -0.743920 0.407384 0.159352
v -0.724392 0.440952 0.173448
v -0.737864 0.415632 0.123448
v -0.062528 0.385696 -0.015544
v -0.107952 0.390592 0.047752
v -0.024856 0.405832 0.045144
v -0.567696 -0.365232 -0.006272
v -0.563080 -0.340400 -0.007456
v -0.550368 -0.359056 -0.041656
v -0.733720 0.296800 0.246472
v -0.741896 0.325848 0.261544
v -0.739992 0.330520 0.234048
v -0.674680 0.005840 0.177440
v -0.688280 0.021168 0.156344
v -0.085888 0.399224 0.087952
v -0.044808 0.406136 0.084128
v -0.299328 -0.258544 -0.137176
v -0.300912 -0.243720 -0.093008
v -0.284504 -0.244800 -0.102920
v -0.613240 0.600784 0.063752
v -0.632320 0.602992 0.121136
v -0.589576 0.609040 0.114880
v -0.543560 0.279488 -0.076088
v -0.566976 0.288928 -0.063648
v -0.539128 0.311176 -0.069840
v -0.714552 0.156376 0.107344
v -0.699240 0.207520 0.109168
v -0.024376 0.393560 -0.008552
v -0.706888 0.559736 0.208352
v -0.666392 0.556864 0.269928
v -0.692304 0.572384 0.207000
v -0.009752 0.129616 0.430528
v 0.032384 0.126536 0.423496
v 0.024640 0.146456 0.404288
v -0.651976 0.597848 0.157576
v -0.616032 0.601704 0.196280
v -0.754376 0.369416 0.153800
v -0.746248 0.375288 0.108040
v 0.019144 0.413016 0.095640
v -0.592864 0.748456 -0.303896
v -0.187672 0.369232 0.132912
v -0.650112 0.590496 0.207184
v -0.653752 0.580008 0.237248
v 0.007744 0.405144 0.020696
v 0.028616 0.411120 0.057672
v -0.657528 -0.035120 0.132344
v -0.653016 -0.052232 0.089296
v -0.537736 0.653704 -0.109872
v -0.506504 0.680264 -0.263160
v -0.720072 0.422248 0.047376
v -0.709968 0.450048 0.057184
v -0.699512 0.429992 0.019176
v 0.052088 0.400200 0.007432
v 0.090784 0.145952 -0.184192
v 0.121888 0.119824 -0.195496
v 0.083712 0.129440 -0.207192
v -0.551520 0.612224 -0.015776
v -0.577784 0.631736 -0.043392
v -0.086928 0.375336 0.220600
v -0.595912 0.611952 -0.020760
v -0.589984 0.603144 0.018792
v 0.019936 0.398688 0.198776
v -0.033952 0.393192 0.206632
v -0.012432 0.380376 0.233864
v -0.709048 0.119048 0.063472
v -0.715960 0.125056 0.113880
v -0.711136 0.153672 0.076560
v -0.603248 0.707128 -0.214344
v -0.707752 0.249944 0.101432
v -0.724464 0.262080 0.129128
v -0.724752 0.269848 0.082216
v -0.052688 0.371336 0.241808
v -0.036816 0.354280 0.267776
v -0.405744 0.582104 0.094536
v -0.401936 0.621896 0.075152
v -0.419360 0.584808 0.103416
v -0.745408 0.305680 0.186896
v -0.753952 0.336592 0.188544
v -0.749152 0.303152 0.149296
v -0.647208 0.364696 0.417240
v -0.632032 0.388040 0.425192
v -0.651640 0.400976 0.416944
v -0.616456 0.415480 0.419696
v -0.638232 0.435912 0.407920
v -0.571584 0.808424 -0.443832
v -0.593272 0.798984 -0.406360
v -0.563056 0.805696 -0.425384
v -0.631488 0.545376 0.315704
v -0.631456 0.567448 0.281216
v -0.378488 0.663680 0.048592
v -0.414720 0.644960 0.057136
v -0.458120 0.600504 0.154576
v -0.738152 0.278016 0.136136
v -0.624648 0.348152 0.417096
v -0.627488 0.474240 0.386632
v -0.618048 0.525272 0.344984
v -0.647560 0.472288 0.378872
v -0.476608 0.597792 0.210984
v -0.480424 0.582432 0.263104
v -0.594352 0.668552 -0.124272
v -0.249744 -0.289216 0.398248
v -0.249384 -0.317648 0.410496
v -0.211776 -0.279720 0.409752
v -0.732448 0.415704 0.085104
v -0.422656 -0.077608 -0.118920
v -0.440528 -0.015288 -0.158040
v -0.408200 -0.034360 -0.145496
v -0.511368 0.381936 -0.068392
v -0.564760 0.399584 -0.070104
v -0.547728 0.439848 -0.066688
v -0.451784 0.622272 0.065432
v -0.461480 0.604936 0.103864
v -0.437136 0.601840 0.100896
v -0.605744 0.361816 0.424696
v -0.607864 0.465664 0.393736
v 0.348120 0.092160 -0.021176
v 0.331512 0.098920 -0.059672
v 0.328944 0.139928 -0.031808
v -0.689440 0.020576 0.050912
v -0.694208 0.034760 0.099352
v -0.205288 0.365016 0.036432
v -0.188056 0.373760 0.087976
v -0.712688 0.099016 0.084560
v -0.755040 0.334712 0.143232
v -0.515656 0.587432 -0.040944
v 0.061912 0.411800 0.093464
v 0.047288 0.411272 0.134592
v -0.592272 0.512552 0.359960
v -0.420112 -0.259376 0.118864
v -0.402320 -0.247208 0.137320
v -0.407096 -0.218176 0.115648
v 0.067368 0.407280 0.050200
v -0.612528 0.293920 0.411912
v -0.591040 0.327328 0.427168
v -0.581328 0.400448 0.413344
v -0.595776 0.440600 0.405512
v -0.118592 0.058312 -0.306536
v -0.104792 0.086208 -0.293272
v -0.074856 0.043392 -0.304904
v -0.319504 0.553832 0.012816
v -0.295944 0.565112 -0.016296
v -0.280808 0.576272 -0.001064
v -0.738656 0.361912 0.073272
v -0.707192 0.471920 0.085128
v -0.694360 0.468056 0.036464
v -0.306688 -0.203968 -0.087240
v -0.308992 -0.173576 -0.092048
v -0.282104 -0.197720 -0.084360
v -0.258064 0.065544 -0.201048
v -0.294048 0.069304 -0.190952
v -0.584008 0.306136 0.424280
v -0.602080 0.555088 0.313408
v -0.580536 0.540256 0.333712
v -0.696328 0.404712 0.007296
v -0.716480 0.388136 0.036368
v -0.704728 0.061936 0.038792
v -0.488672 0.430896 -0.057800
v -0.521248 0.482760 -0.061480
v -0.492240 0.483008 -0.050184
v -0.566648 0.340352 0.426200
v -0.581176 0.487912 0.375816
v -0.599184 0.276712 0.406216
v -0.578032 0.283168 0.413360
v -0.492552 0.726792 -0.493432
v -0.492144 0.761400 -0.485056
v -0.487720 0.720168 -0.486712
v -0.698120 0.096880 0.033648
v -0.247840 0.690776 -0.129928
v -0.187648 0.705976 -0.150584
v -0.228288 0.656680 -0.118288
v 0.344120 0.141528 0.008208
v 0.330072 0.188888 0.021408
v 0.345744 0.155896 0.040120
v 0.402544 -0.217712 -0.027336
v 0.422832 -0.224808 -0.004968
v 0.411472 -0.252120 0.008320
v -0.272560 0.651920 -0.110296
v -0.525576 0.524928 -0.151800
v -0.508936 0.544112 -0.161360
v -0.503176 0.535584 -0.104792
v 0.030136 0.259240 0.331960
v 0.053224 0.293888 0.309728
v 0.006472 0.290664 0.321344
v 0.367536 -0.254888 -0.030976
v 0.326008 0.204376 0.060056
v 0.343032 0.167504 0.075800
v 0.436400 -0.191640 -0.005296
v -0.425592 0.453832 -0.013264
v -0.402920 0.457264 0.015624
v -0.404312 0.426936 -0.008696
v -0.130184 0.387560 0.133472
v 0.028984 0.406144 0.169352
v -0.554952 0.121944 0.337032
v -0.563656 0.167904 0.318352
v -0.587520 0.123304 0.321688
v -0.560904 0.303232 0.421712
v 0.011016 -0.221576 0.425192
v 0.016528 -0.239160 0.418320
v 0.029032 -0.214408 0.427384
v -0.549608 0.517080 0.344336
v 0.396608 -0.289472 0.116664
v 0.341752 -0.320184 0.071456
v 0.373544 -0.300280 0.052520
v 0.458448 -0.160440 0.015112
v 0.459376 -0.191904 0.032200
v 0.359680 0.007544 0.004888
v 0.364088 0.055624 0.031096
v 0.370024 -0.021008 0.055312
v -0.480544 -0.308640 0.183624
v -0.442824 -0.296512 0.153080
v -0.489008 -0.337680 0.157688
v -0.691168 0.198352 0.047856
v -0.674512 0.236584 0.029680
v -0.667920 0.217976 0.006064
v -0.600920 -0.107544 0.081952
v -0.617344 -0.081392 0.040488
v -0.596240 -0.106552 0.037560
v -0.537856 0.153392 0.332752
v -0.541528 0.218728 0.304144
v -0.577136 0.202936 0.300184
v -0.555056 0.229264 0.300064
v -0.052968 0.083320 0.455040
v -0.009952 0.072744 0.452416
v -0.044976 0.105880 0.447152
v 0.075264 0.082624 0.433712
v 0.107312 0.104592 0.411744
v 0.076080 0.123872 0.407288
v 0.051680 -0.157624 0.438240
v 0.021320 -0.138400 0.452200
v 0.026008 -0.161368 0.443712
v -0.545160 0.379896 0.401192
v -0.546952 0.343144 0.419504
v 0.374672 -0.045168 0.081120
v 0.370248 -0.010384 0.118288
v -0.734576 0.379784 0.291672
v -0.722696 0.409584 0.305112
v -0.723016 0.420200 0.248664
v -0.708688 0.528472 0.079024
v -0.684880 0.537000 0.052784
v -0.006256 0.385832 -0.025992
v 0.034528 0.382608 0.229176
v -0.519880 0.189728 0.325184
v -0.517856 0.592808 -0.323720
v -0.522272 0.607392 -0.398928
v -0.504560 0.631800 -0.343616
v 0.003016 -0.280512 0.372160
v -0.005072 -0.262456 0.393096
v -0.056008 -0.268664 0.379888
v 0.058744 0.327856 0.287784
v 0.048328 0.359552 0.261224
v 0.027864 0.320208 0.295296
v -0.397976 0.489000 0.042352
v -0.384192 0.514128 0.034000
v -0.387752 0.524768 0.066928
v -0.753904 0.369232 0.177608
v -0.399168 0.533672 -0.014888
v -0.354736 0.569104 -0.045488
v -0.350048 0.541872 -0.017144
v 0.357744 0.118424 0.096200
v 0.361072 0.109048 0.049872
v 0.367352 0.056288 0.067392
v -0.113360 0.381432 0.010464
v -0.706272 0.054952 0.064824
v 0.098552 0.392304 0.010672
v -0.119440 -0.330848 0.235024
v -0.145280 -0.325424 0.315224
v -0.166512 -0.332792 0.222944
v 0.064576 -0.227408 0.414192
v 0.073784 -0.287000 0.360456
v 0.047888 -0.266488 0.392592
v 0.039440 -0.304136 0.365784
v 0.486232 -0.146824 0.083712
v 0.478696 -0.108616 0.068112
v 0.480632 -0.094968 0.091640
v 0.442064 -0.228672 0.025648
v -0.515200 0.626752 -0.434048
v -0.514000 0.643600 -0.456328
v -0.495568 0.678336 -0.453184
v -0.546256 0.099016 0.339112
v -0.543224 0.062536 0.348216
v -0.524736 0.088336 0.352736
v 0.134664 0.187000 0.362296
v 0.165256 0.193344 0.344040
v 0.120040 0.218152 0.334496
v 0.028064 0.050720 0.456384
v 0.038392 0.093240 0.437720
v 0.062520 -0.199592 0.422000
v 0.041584 -0.183856 0.427392
v -0.541408 0.492024 0.350944
v -0.525536 0.556944 0.305288
v 0.353632 0.041632 -0.016936
v 0.357048 0.033424 0.006616
v 0.336856 0.012264 -0.053352
v -0.246168 0.365128 0.132760
v 0.109424 0.397384 0.055464
v 0.154560 0.379064 0.090368
v 0.154104 0.375152 0.044440
v -0.511520 -0.011024 0.336672
v -0.519936 0.036408 0.352960
v -0.563928 0.014544 0.324880
v -0.559496 0.048616 0.337408
v -0.512224 0.142712 0.340520
v 0.346112 -0.033512 -0.031072
v 0.364960 -0.042528 0.020856
v -0.003520 -0.173256 0.435864
v -0.006840 -0.155248 0.446600
v -0.034464 -0.148648 0.445512
v 0.077208 0.168704 0.378984
v 0.041160 0.173112 0.363384
v 0.057552 0.150872 0.387360
v 0.033544 -0.056680 0.450392
v 0.061568 -0.060992 0.448496
v 0.044544 -0.028824 0.450616
v -0.199512 0.722488 -0.090640
v -0.252656 0.691352 -0.045856
v -0.242808 0.675856 -0.042632
v -0.037000 -0.177920 0.431928
v -0.034472 -0.204256 0.431264
v -0.194928 0.775464 -0.093760
v -0.240576 0.740664 -0.050880
v -0.241072 0.720904 -0.058872
v -0.411672 -0.192976 0.127200
v -0.435712 -0.197144 0.082616
v -0.361808 0.394840 0.163024
v -0.372384 0.425664 0.135120
v -0.382128 0.424160 0.182992
v -0.669616 0.338112 -0.029840
v -0.633896 0.324432 -0.045392
v -0.659776 0.289928 -0.018592
v -0.499464 0.032280 0.353624
v -0.500920 0.089016 0.360728
v -0.472472 0.163304 0.341800
v 0.346528 -0.222832 0.259936
v 0.350280 -0.249568 0.250744
v 0.381888 -0.217992 0.246376
v -0.155272 0.723288 -0.167960
v -0.117248 0.756520 -0.207784
v -0.111160 0.702976 -0.175176
v -0.011992 -0.192600 0.437048
v -0.496768 0.671064 -0.467088
v 0.272192 0.268312 0.196760
v 0.266992 0.258232 0.222304
v 0.300424 0.214824 0.210424
v -0.480936 0.124424 0.353472
v -0.485216 0.197376 0.327248
v -0.510256 0.242984 0.300640
v 0.307976 -0.255504 0.253896
v 0.303944 -0.241656 0.255216
v 0.284120 -0.236400 0.251520
v -0.449720 0.491136 -0.022424
v -0.424344 0.487408 -0.003792
v -0.715848 0.467200 0.200488
v -0.726360 0.468416 0.164504
v -0.721936 0.446080 0.113192
v -0.164344 0.318360 0.264032
v 0.203656 -0.324128 -0.032200
v 0.232064 -0.341136 -0.002200
v 0.177544 -0.345800 -0.016736
v -0.497008 -0.137240 -0.036160
v -0.476168 -0.151680 -0.019000
v -0.517152 -0.146216 0.001808
v -0.471376 -0.019640 0.343688
v -0.478936 0.004328 0.346216
v -0.475992 0.070760 0.360872
v -0.471976 0.096248 0.362680
v 0.077728 0.201880 0.348832
v -0.463856 0.235456 0.303984
v 0.061128 0.051416 0.448944
v -0.548352 0.761040 -0.457504
v -0.528560 0.684624 -0.469152
v -0.541472 0.682688 -0.443728
v -0.462896 0.031552 0.353488
v -0.452992 0.130576 0.349344
v -0.473568 0.265664 0.289880
v -0.001944 -0.203712 0.437128
v -0.030760 0.038304 0.457584
v -0.598824 0.559448 -0.222024
v -0.596624 0.573120 -0.229184
v -0.584880 0.547776 -0.229984
v 0.338504 -0.167208 0.246784
v 0.325088 -0.147400 0.238728
v 0.309488 -0.188392 0.249512
v 0.034016 0.201896 0.340512
v -0.526136 -0.348240 -0.057656
v -0.547768 -0.340176 -0.039648
v -0.533080 -0.316560 -0.040144
v -0.455448 0.064816 0.357544
v 0.085040 -0.266304 0.371776
v -0.372400 -0.098784 0.317088
v -0.381720 -0.144440 0.293648
v -0.355912 -0.151376 0.316360
v -0.552832 0.604760 0.013096
v -0.255616 0.361472 0.155208
v -0.432704 -0.321752 -0.084360
v -0.498992 -0.318832 -0.059232
v -0.406008 -0.295120 -0.080152
v -0.472000 -0.049984 0.329576
v -0.440888 -0.042496 0.335520
v -0.444992 0.097496 0.360440
v -0.442472 0.189232 0.332136
v 0.042344 -0.095952 0.445360
v 0.042280 0.235496 0.333400
v 0.009408 0.234600 0.341304
v -0.498768 0.539640 -0.061280
v -0.495968 0.540920 -0.034608
v -0.504456 0.507336 -0.059928
v 0.095824 0.192288 0.363168
v -0.021472 -0.230024 0.425496
v 0.019272 0.161344 0.375504
v -0.568384 0.572888 -0.357432
v -0.556848 0.599264 -0.401512
v -0.535328 0.342312 -0.071264
v -0.495184 0.343768 -0.070184
v -0.441904 0.015992 0.359880
v -0.439976 0.221936 0.315400
v -0.000832 -0.024944 0.465528
v -0.016464 0.007984 0.460432
v -0.047528 -0.007696 0.463760
v 0.484760 -0.146584 0.124736
v 0.485832 -0.113544 0.111800
v 0.480752 -0.114456 0.148264
v -0.422416 -0.309440 0.369360
v -0.457448 -0.312648 0.370408
v -0.291616 0.335992 0.221368
v -0.246160 0.287784 0.262872
v -0.520480 0.436168 -0.064720
v -0.526488 0.508728 -0.100680
v -0.545720 0.511272 -0.119872
v -0.439016 -0.077744 0.310624
v -0.432000 0.004544 0.356808
v -0.428936 0.042776 0.362656
v -0.439952 0.157128 0.343640
v -0.433608 0.276136 0.278752
v 0.365096 -0.180776 0.255936
v 0.326200 -0.203544 0.256120
v 0.171536 0.090840 0.384344
v 0.165112 0.132816 0.375768
v 0.135784 0.136856 0.379528
v -0.421776 -0.282216 0.353144
v 0.298000 -0.339920 0.118528
v 0.284848 -0.347784 0.078528
v -0.441392 -0.252928 0.308144
v -0.477688 -0.347712 -0.075960
v -0.424968 -0.016704 0.346680
v -0.423488 0.087312 0.356552
v -0.062432 -0.238648 0.407912
v 0.105944 0.133904 0.390000
v 0.107896 0.166112 0.379632
v 0.369472 -0.144720 0.241784
v 0.368696 -0.108208 0.214472
v 0.167400 0.050488 0.395464
v 0.142952 0.087192 0.389704
v 0.343328 -0.106336 0.215960
v 0.344184 -0.129632 0.224312
v 0.365752 -0.084088 0.188392
v 0.423904 -0.258016 0.040336
v 0.455264 -0.227376 0.058032
v 0.453848 -0.235872 0.085016
v 0.162552 0.163360 0.366088
v -0.327336 -0.271024 -0.143544
v -0.299360 -0.276568 -0.193816
v -0.337200 -0.293248 -0.172072
v -0.407840 0.438928 0.220680
v -0.381256 0.406200 0.204192
v -0.068248 -0.158728 0.442472
v -0.100960 -0.146920 0.435392
v -0.095904 -0.180056 0.422016
v -0.231608 -0.325712 0.426472
v -0.237992 -0.347680 0.419944
v -0.400216 0.010488 0.354112
v -0.415208 0.123664 0.351504
v -0.415968 0.157664 0.341736
v -0.405992 0.234296 0.306384
v -0.398376 0.267368 0.280944
v -0.046000 -0.116088 0.449384
v -0.000904 -0.085696 0.452640
v -0.040016 -0.082760 0.455144
v 0.161048 0.218624 0.322592
v 0.157272 0.258896 0.300360
v 0.121096 0.285720 0.296256
v 0.313752 0.213544 0.163600
v 0.297416 0.245152 0.150488
v -0.405968 -0.030816 0.345104
v -0.411968 0.199736 0.322776
v 0.021904 -0.007152 0.453752
v 0.071520 0.216848 0.329944
v -0.421248 -0.252048 0.309848
v -0.393496 -0.268712 0.329360
v -0.398032 -0.242096 0.296296
v -0.392008 0.049776 0.362816
v -0.402976 0.070760 0.361504
v -0.390472 0.088672 0.355656
v 0.103848 0.269312 0.306424
v -0.000976 0.105608 0.443184
v -0.017160 0.251464 0.339496
v -0.495168 0.593936 -0.152152
v -0.497320 0.613352 -0.142704
v -0.498232 0.573328 -0.117384
v -0.399680 -0.295184 0.355704
v 0.472960 -0.134968 0.172496
v -0.542008 0.528416 -0.186664
v -0.550936 0.537864 -0.229920
v -0.531744 0.549720 -0.252632
v -0.393496 0.196160 0.322408
v 0.373288 -0.202248 0.255816
v -0.619064 0.587728 0.247160
v -0.602152 0.578632 0.274992
v -0.431944 0.519896 -0.008872
v -0.402168 0.506928 0.012120
v -0.580320 -0.356808 0.056240
v -0.576128 -0.339416 0.031832
v -0.571984 -0.364376 0.033624
v -0.388944 0.131624 0.353464
v -0.380720 0.166496 0.338792
v 0.278704 -0.294776 0.231632
v 0.259472 -0.277328 0.242536
v -0.023952 -0.062512 0.465336
v -0.050984 -0.062528 0.463784
v -0.028352 -0.298720 0.380336
v -0.052136 -0.279712 0.380024
v -0.119848 -0.299432 0.411240
v -0.379032 -0.252344 0.313016
v -0.373488 -0.203432 0.300696
v -0.403192 -0.225352 0.272296
v -0.379216 -0.035600 0.341040
v -0.395968 -0.052512 0.333392
v -0.379976 0.210856 0.321328
v -0.367736 0.232408 0.310032
v -0.529424 0.497472 -0.075016
v -0.510040 0.514312 -0.091168
v -0.352576 -0.231536 0.311824
v -0.363008 0.019072 0.346256
v -0.365448 0.039904 0.353280
v -0.356120 0.118880 0.343784
v -0.363296 0.088016 0.346024
v -0.731920 0.523456 0.178216
v -0.726800 0.530048 0.118472
v -0.734064 0.506768 0.142328
v 0.072808 -0.252208 0.394824
v -0.349760 0.705816 0.018744
v -0.356720 -0.289616 0.341480
v -0.355472 0.061240 0.347824
v -0.366816 0.325840 0.221320
v -0.392160 0.301704 0.252648
v -0.088776 0.816184 -0.224336
v -0.081952 0.791664 -0.236312
v -0.097376 0.810008 -0.232488
v 0.000216 0.195736 0.350208
v -0.539584 0.600616 -0.412752
v -0.533712 0.588704 -0.392776
v -0.373232 0.633424 0.062416
v -0.721648 0.555824 0.104280
v -0.700088 0.564920 0.081216
v -0.349488 -0.262760 0.322288
v -0.548032 0.698560 -0.191680
v 0.270912 -0.010744 -0.141056
v 0.245848 0.015752 -0.160320
v 0.269984 0.029152 -0.149040
v -0.359912 -0.067384 0.335432
v -0.360448 -0.009632 0.338728
v -0.351928 0.155400 0.339064
v -0.353944 0.194536 0.330720
v -0.343312 0.306880 0.245160
v -0.158552 0.680760 -0.140872
v -0.125784 0.664984 -0.131176
v -0.251600 0.596840 -0.061440
v -0.225752 0.620648 -0.087992
v -0.194128 0.615016 -0.062808
v -0.362408 0.615608 0.057632
v -0.349792 0.655312 0.046168
v -0.341920 -0.024040 0.342432
v -0.331928 0.257984 0.286984
v -0.322736 0.293568 0.259680
v -0.395384 0.502680 0.071784
v -0.408864 0.521616 0.114240
v 0.422416 -0.267680 0.083424
v 0.388080 -0.145752 0.242776
v -0.335832 -0.082960 0.334600
v -0.335968 0.008672 0.339648
v -0.338600 0.218984 0.315648
v -0.513848 0.550224 -0.207200
v 0.055632 -0.122400 0.444792
v 0.002032 -0.114072 0.452552
v -0.332032 0.699880 0.026216
v -0.401352 -0.212304 0.130040
v -0.335032 -0.190688 0.318376
v -0.336448 0.053696 0.340280
v -0.331688 0.148360 0.334232
v -0.738248 0.380968 0.238016
v -0.499400 0.669328 -0.397336
v -0.007600 0.171288 0.354320
v -0.329960 -0.295208 0.337040
v -0.311840 -0.176032 0.321208
v -0.313488 -0.135400 0.331064
v -0.316144 -0.014976 0.343352
v -0.495632 0.709224 -0.420968
v -0.502664 -0.278536 0.276984
v -0.475312 -0.261776 0.273376
v -0.031184 0.205296 0.352376
v -0.075152 0.219424 0.347640
v -0.062440 0.201328 0.350600
v -0.311472 -0.269088 0.322920
v -0.305152 -0.235200 0.314416
v -0.306728 -0.089248 0.334768
v -0.314864 0.029048 0.348016
v -0.315440 0.076784 0.345424
v -0.317904 0.177232 0.324592
v -0.389312 0.451080 0.054448
v -0.387472 0.460400 0.105960
v -0.071864 0.714120 -0.181464
v -0.083864 0.693464 -0.173968
v -0.078280 0.714280 -0.198056
v -0.250864 0.588976 -0.037392
v -0.235680 0.604024 -0.009528
v -0.293264 -0.039304 0.336056
v -0.290392 0.125568 0.348640
v -0.311832 0.214640 0.305984
v -0.283632 0.259584 0.280440
v -0.304400 0.282168 0.265432
v -0.290472 0.310152 0.245392
v -0.325216 0.341320 0.210320
v -0.682640 0.587192 0.163024
v -0.694600 0.582464 0.124168
v -0.711000 0.573552 0.160696
v -0.326416 0.674888 0.029960
v -0.302856 0.720808 0.011392
v -0.298224 0.743128 -0.006928
v -0.025568 0.313000 0.306800
v 0.000248 0.345256 0.278000
v -0.051432 0.336088 0.285928
v -0.313440 -0.300744 0.331808
v 0.476464 -0.135208 0.047576
v 0.476256 -0.155960 0.046720
v -0.295968 0.711944 0.010608
v -0.281744 -0.091520 0.331048
v -0.292040 0.009216 0.345296
v -0.293960 0.048672 0.348904
v -0.293960 0.071096 0.346496
v -0.285136 0.100936 0.353912
v -0.287448 0.158480 0.338688
v -0.289808 0.210736 0.309160
v 0.000176 -0.052032 0.461576
v 0.331312 0.182736 0.132632
v 0.348384 0.139112 0.138520
v 0.159744 -0.361248 -0.015184
v 0.163320 -0.355456 -0.030248
v -0.289208 -0.267960 0.325928
v -0.274424 -0.235840 0.306288
v -0.275088 -0.207232 0.304480
v -0.275592 -0.153752 0.316352
v -0.264512 -0.026760 0.330224
v -0.257288 0.231720 0.304824
v 0.078416 0.240320 0.319560
v 0.067096 0.266896 0.318344
v -0.025984 -0.034312 0.469720
v -0.293176 0.691208 -0.002256
v -0.280184 0.023104 0.343304
v -0.264464 0.049488 0.340480
v -0.265912 0.068592 0.349576
v -0.268656 0.190712 0.325904
v -0.275144 0.738936 -0.007856
v -0.233416 0.769600 -0.044992
v -0.426584 0.581880 0.129712
v -0.442952 0.595400 0.129288
v -0.261520 -0.098160 0.320992
v -0.265952 0.018136 0.334816
v -0.070952 0.123200 0.435568
v -0.046896 0.138800 0.421952
v -0.254680 0.085784 0.353384
v -0.059552 0.295472 0.314272
v -0.060416 0.254704 0.336320
v -0.244920 -0.204696 0.293552
v -0.242176 -0.140200 0.303856
v -0.233936 0.114320 0.358568
v -0.246944 0.135320 0.357208
v -0.576672 0.557248 -0.314128
v -0.578424 0.574936 -0.332352
v -0.743256 0.344560 0.292184
v -0.246408 0.000544 0.334384
v -0.233208 0.175792 0.341064
v 0.418616 -0.125384 0.226256
v 0.403200 -0.101664 0.214808
v 0.172968 -0.338744 -0.037616
v -0.233960 -0.083584 0.314952
v -0.234048 -0.038648 0.329488
v -0.239856 0.043216 0.349960
v -0.233936 0.083624 0.353896
v -0.226736 0.142264 0.350088
v 0.364784 0.065216 0.104992
v 0.357088 0.102352 0.142656
v 0.274064 -0.224552 0.262064
v -0.055168 0.035464 0.457352
v -0.260776 0.759896 -0.020760
v -0.239968 0.784888 -0.041888
v -0.220304 -0.000280 0.381576
v -0.219168 0.032864 0.389968
v 0.461960 -0.126736 0.021024
v 0.466984 -0.095456 0.045800
v 0.086200 0.406336 0.114736
v -0.224008 -0.151400 0.299768
v -0.224432 -0.203592 0.294296
v 0.321560 0.178528 -0.016040
v 0.299352 0.228064 0.002720
v 0.087328 0.370688 0.238856
v 0.081160 0.337736 0.277752
v 0.370816 -0.047360 0.146832
v 0.364336 0.026704 0.157608
v -0.518376 0.576848 -0.289480
v -0.506200 0.579656 -0.257776
v -0.221760 -0.235984 0.346728
v -0.238744 -0.265744 0.381976
v -0.211752 -0.257472 0.394584
v -0.216368 -0.103888 0.317376
v -0.204984 0.149704 0.353688
v -0.199216 0.256888 0.300480
v -0.206952 0.194136 0.337664
v -0.003728 0.318696 -0.108888
v 0.006784 0.293600 -0.138696
v -0.014984 0.287512 -0.137352
v 0.010048 0.030768 0.459568
v -0.548280 0.474352 -0.062440
v -0.498104 0.577592 -0.180632
v -0.206936 -0.186488 0.313456
v -0.202824 -0.139464 0.325136
v -0.192632 -0.096744 0.361424
v -0.741232 0.326720 0.333040
v -0.745520 0.321592 0.303312
v -0.737928 0.305344 0.329616
v 0.291080 -0.184032 0.268808
v -0.212488 0.106320 0.359800
v -0.169016 0.234584 0.325720
v -0.199440 0.287424 0.272760
v -0.181992 -0.240928 0.372848
v -0.444240 0.552440 -0.015680
v -0.400616 0.559816 -0.029136
v 0.398080 -0.078120 0.189856
v 0.069424 0.391568 0.209256
v 0.126400 0.392112 0.105896
v -0.195040 0.126928 0.355480
v -0.179936 -0.267888 0.415080
v -0.183592 -0.231832 0.351408
v -0.198304 -0.219152 0.326720
v -0.511632 0.535576 0.307872
v -0.182960 0.182776 0.348360
v -0.147768 0.637416 -0.089352
v -0.113784 0.653392 -0.106792
v -0.194920 0.807744 -0.078648
v -0.211744 0.808344 -0.064648
v -0.192856 0.830472 -0.092360
v -0.209416 -0.300008 0.426520
v -0.174936 -0.287816 0.425952
v -0.178928 -0.255408 0.401016
v -0.124104 0.194888 0.343352
v -0.120960 0.159440 0.356000
v -0.092800 0.168624 0.353536
v -0.705040 0.140328 0.045432
v -0.281656 0.360416 0.173088
v -0.147064 0.843496 -0.137088
v -0.121688 0.837088 -0.176456
v -0.138168 0.855968 -0.159824
v -0.178896 0.145664 0.358128
v 0.089696 -0.107328 0.431856
v -0.536560 0.805816 -0.452952
v -0.418504 -0.231320 0.195888
v -0.417048 -0.189576 0.213376
v -0.407328 -0.209488 0.158024
v -0.167056 0.272760 0.302984
v -0.482032 0.507128 -0.030328
v 0.134168 0.069160 0.404184
v 0.144360 0.028984 0.410288
v -0.159008 -0.227136 0.369136
v -0.172712 -0.185304 0.363736
v -0.307944 -0.057280 -0.140016
v -0.282104 -0.071456 -0.144096
v -0.283088 -0.105464 -0.123480
v 0.130632 0.340152 0.251000
v 0.110512 0.345776 0.260024
v 0.132592 0.311216 0.280336
v -0.161744 0.177152 0.349608
v 0.406408 -0.181536 0.240008
v 0.403296 -0.157496 0.241960
v -0.140264 -0.256288 0.390640
v -0.730480 0.547888 0.130160
v -0.728032 0.550856 0.172056
v -0.720096 0.566664 0.126024
v 0.133720 0.375192 0.001784
v -0.423992 -0.246648 0.271744
v -0.458208 -0.261600 0.239120
v -0.358744 0.530352 0.013696
v -0.144464 0.200312 0.342424
v -0.295456 -0.343144 -0.237712
v -0.324336 -0.328912 -0.218920
v -0.271656 -0.311800 -0.237280
v 0.080912 -0.028256 0.442056
v 0.065480 0.006048 0.443000
v -0.124080 -0.277736 0.405224
v -0.144016 -0.240656 0.375584
v -0.135288 -0.225248 0.387672
v -0.232376 0.364504 0.062096
v 0.076064 0.403352 0.165720
v -0.563304 0.490336 -0.067672
v -0.179312 0.026272 0.444728
v -0.164648 -0.003416 0.448112
v -0.153080 0.027800 0.457736
v -0.058528 -0.048640 0.463776
v 0.126088 0.105632 0.399512
v -0.133464 0.058136 0.453928
v -0.160176 0.064256 0.444712
v -0.150968 0.151784 0.355912
v -0.133544 0.285488 0.302824
v 0.237320 -0.067944 -0.170256
v 0.210576 -0.078072 -0.191032
v 0.203784 -0.047240 -0.199512
v 0.049208 0.027248 0.451712
v -0.337872 0.736928 -0.033440
v -0.142360 -0.020112 0.448696
v -0.135944 0.020448 0.460192
v -0.129992 -0.205664 0.402456
v -0.146720 -0.180080 0.398104
v -0.139368 -0.082728 0.432720
v -0.121936 -0.072720 0.440040
v -0.121928 0.094576 0.446536
v -0.154568 0.096992 0.430568
v 0.111248 0.383264 0.200880
v -0.092472 -0.368840 -0.168432
v -0.106968 -0.365104 -0.152192
v -0.189368 -0.370952 -0.185744
v -0.121440 0.224616 0.338800
v -0.111936 0.317008 0.290016
v -0.106984 -0.256864 0.383072
v -0.125728 -0.153416 0.418920
v -0.114840 -0.204576 0.405680
v -0.117968 -0.115328 0.429848
v -0.116464 -0.027344 0.451944
v -0.121968 0.023528 0.455480
v -0.109008 0.078304 0.453392
v -0.115152 0.116704 0.431952
v -0.665272 0.533944 0.024608
v -0.661856 0.495752 0.010024
v 0.105808 0.396648 0.157520
v -0.103624 0.287488 0.311360
v -0.099160 0.341176 0.268704
v 0.389992 -0.277880 0.018416
v 0.346736 -0.066592 -0.017840
v -0.110200 -0.072896 0.437568
v -0.099248 0.041784 0.458144
v -0.097544 -0.244240 0.395872
v -0.094928 -0.054528 0.450000
v -0.091032 -0.000984 0.461592
v -0.102560 0.196568 0.347728
v -0.092872 0.238696 0.339800
v 0.198128 0.246488 0.293824
v -0.083576 -0.210512 0.415672
v -0.082264 -0.088592 0.442320
v -0.079552 -0.029256 0.459112
v -0.089712 0.098928 0.448840
v -0.086984 0.070616 0.453328
v 0.357544 0.101512 0.017976
v -0.061056 0.184360 0.349688
v -0.304944 -0.028880 -0.149152
v -0.452480 -0.253152 0.292856
v -0.091104 -0.122064 0.439344
v -0.067984 0.031920 0.460840
v -0.060280 0.161704 0.379912
v -0.126904 0.136176 0.401112
v -0.050040 0.169736 0.354576
v -0.705560 0.185168 0.140072
v 0.120384 -0.273952 0.350352
v 0.117952 -0.298264 0.356080
v 0.087488 0.048216 0.437864
v -0.164936 0.819008 -0.114392
v -0.368608 0.705576 0.005896
v 0.241352 0.163896 0.315240
v 0.208888 0.167120 0.333864
v 0.230520 0.133704 0.338064
v -0.250848 0.624792 0.015304
v -0.202992 0.627200 -0.011840
v -0.210336 0.637072 -0.004144
v 0.083248 -0.166704 0.419872
v 0.079928 -0.138120 0.432072
v -0.122448 -0.358032 0.401072
v -0.075824 -0.352176 0.395472
v -0.141824 -0.349680 0.417776
v 0.195296 0.144136 0.357496
v 0.190240 0.121784 0.370776
v 0.437720 -0.122424 0.215840
v 0.431552 -0.148864 0.226152
v 0.137416 -0.055472 0.414616
v 0.144880 -0.033544 0.419904
v 0.112592 -0.026784 0.433768
v 0.435616 -0.173256 0.221224
v 0.319256 -0.125112 0.253496
v 0.300152 -0.151496 0.274928
v 0.350128 0.067120 -0.028568
v -0.315960 -0.339584 0.342968
v -0.346592 -0.349712 0.352336
v 0.454568 -0.130472 0.202288
v 0.414592 -0.213784 0.223416
v -0.313288 0.617512 -0.084640
v -0.268960 0.615320 -0.088200
v 0.112440 -0.219808 0.388752
v 0.155368 -0.229432 0.358392
v 0.153640 -0.198664 0.381776
v 0.213096 -0.259144 -0.131424
v 0.196536 -0.286960 -0.086568
v 0.176320 -0.280056 -0.140224
v 0.216168 -0.149232 -0.178336
v 0.247520 -0.155856 -0.145064
v 0.245304 -0.181600 -0.132144
v -0.186752 0.648280 -0.025488
v -0.234120 0.651232 -0.016832
v 0.116176 -0.148936 0.404008
v 0.132544 -0.109840 0.408080
v 0.103360 -0.126368 0.419528
v -0.403944 0.492792 0.130336
v -0.381384 -0.351064 -0.106408
v -0.569080 0.465416 0.382832
v 0.119240 -0.189200 0.396184
v 0.093960 -0.186576 0.415312
v -0.394800 0.553080 0.090192
v -0.188592 -0.343704 0.433160
v -0.215528 -0.350528 0.426816
v -0.183472 -0.354936 0.422920
v -0.558088 0.435432 0.386120
v 0.268200 0.237296 -0.055912
v 0.303640 0.199096 -0.025624
v 0.293568 0.189824 -0.063696
v -0.530392 0.346968 0.404928
v -0.461080 -0.236592 0.036888
v -0.448544 -0.212232 0.058976
v -0.456552 -0.204608 0.018720
v 0.161224 0.307976 0.274168
v 0.273008 0.136432 0.300720
v 0.234000 0.212152 0.292720
v 0.229872 0.188808 0.304280
v 0.142200 -0.174048 0.390920
v -0.296616 0.638912 0.012880
v -0.551008 0.241776 0.312040
v -0.190832 0.653160 -0.116032
v 0.447656 -0.214824 0.185584
v 0.413632 -0.249144 0.193184
v -0.628880 -0.082744 0.094488
v -0.534536 0.316120 0.411920
v -0.533616 0.416848 0.363848
v -0.281624 0.679488 -0.021448
v -0.523184 0.300160 0.389888
v -0.544720 0.291768 0.409208
v -0.540032 0.273928 0.384288
v -0.262400 0.635896 0.017568
v -0.513640 0.339512 0.384064
v 0.358984 -0.035864 0.185240
v 0.361096 -0.283000 0.204136
v 0.392128 -0.283408 0.165272
v -0.503928 0.319960 0.361888
v -0.514784 0.370248 0.373200
v 0.461432 -0.148856 0.193616
v 0.453376 -0.184232 0.194336
v 0.304824 -0.114576 0.281064
v 0.287776 -0.106640 0.302248
v 0.282736 -0.146960 0.300848
v 0.310288 0.119632 0.260160
v 0.314336 0.170080 0.220408
v 0.294064 0.153560 0.262704
v -0.291400 0.109048 -0.188280
v -0.313824 0.153480 -0.175304
v -0.524800 0.266360 0.338552
v -0.552696 0.256400 0.362560
v -0.508824 0.285720 0.340576
v -0.523400 0.480904 0.330472
v 0.473912 -0.189096 0.075624
v 0.451304 -0.098720 0.191752
v 0.307568 -0.034808 0.280408
v 0.295800 -0.000992 0.297584
v 0.283776 -0.055384 0.307856
v 0.230232 0.020424 0.356216
v 0.227384 0.064088 0.353872
v 0.206984 0.067856 0.373240
v 0.436296 -0.089624 0.196144
v -0.506936 0.402968 0.333360
v 0.185472 -0.170768 0.366968
v 0.197376 -0.130440 0.361640
v 0.175216 -0.152992 0.378256
v 0.289152 0.035512 0.303496
v 0.307312 0.059920 0.281488
v 0.275240 0.055464 0.324592
v -0.492088 0.349888 0.344504
v -0.174328 0.212640 -0.178616
v -0.135624 0.213544 -0.176024
v -0.159904 0.182264 -0.187144
v 0.143176 -0.003864 0.422080
v -0.103152 0.790320 -0.181000
v -0.088736 0.799368 -0.207968
v -0.514296 0.437088 0.319568
v 0.100272 0.076752 0.427160
v 0.161016 -0.129192 0.383360
v 0.384600 -0.248240 0.225320
v -0.157696 0.706328 -0.104168
v -0.091576 0.730488 -0.156824
v -0.126520 0.760392 -0.149232
v -0.509704 0.261944 0.304056
v 0.337680 -0.009112 0.233496
v -0.502104 0.462240 0.293432
v -0.310920 0.186720 -0.165128
v -0.265616 0.206264 -0.165184
v 0.319200 -0.077640 0.261760
v 0.215976 -0.229456 0.310016
v 0.250288 -0.217088 0.295312
v 0.231624 -0.191000 0.323112
v 0.155896 -0.313528 0.341128
v 0.173528 -0.318704 0.326768
v 0.181000 -0.291024 0.327240
v 0.206576 -0.269384 0.306216
v 0.151424 -0.286000 0.344080
v 0.173064 -0.254984 0.325552
v 0.218152 -0.283616 0.289224
v 0.196496 -0.253040 -0.157384
v -0.488768 0.296136 0.317232
v -0.475000 0.319856 0.324384
v -0.479496 0.378096 0.326168
v -0.489032 0.414264 0.311328
v -0.497168 0.447984 0.293608
v -0.499536 0.486784 0.295728
v 0.194288 -0.200328 0.344696
v -0.490368 0.521600 0.297104
v -0.303904 0.220120 -0.159808
v -0.458680 0.347208 0.321848
v -0.451712 -0.338536 0.374560
v -0.407720 -0.333504 0.370288
v -0.263816 -0.109080 -0.147088
v 0.156296 -0.159968 0.388608
v -0.130064 0.642504 -0.077544
v -0.169736 0.631032 -0.037536
v -0.172736 0.621072 -0.054896
v -0.106024 0.690176 -0.112960
v -0.087896 0.689696 -0.128384
v -0.542008 0.618784 -0.431856
v -0.524080 0.628584 -0.444800
v -0.456248 0.284960 0.291960
v -0.183008 0.751424 -0.107448
v -0.143752 0.806240 -0.144824
v 0.133944 -0.252488 0.349432
v 0.187752 0.292504 0.268296
v -0.455336 0.369880 0.315416
v -0.466080 0.487960 0.259528
v -0.480080 0.502760 0.283600
v -0.473040 0.563176 0.275920
v -0.333320 0.559688 0.036328
v -0.132248 0.666000 -0.073976
v -0.180816 0.660040 -0.048576
v -0.143136 0.649104 -0.053656
v -0.446880 0.301944 0.298024
v -0.437808 0.325704 0.299608
v -0.444136 0.396488 0.292784
v -0.465624 0.421680 0.295352
v -0.448264 0.458488 0.255768
v -0.466392 0.470840 0.263496
v -0.468824 0.530976 0.270472
v 0.450440 -0.097840 0.021224
v -0.314152 0.576416 -0.052960
v -0.433384 0.347032 0.300608
v -0.401016 -0.072536 0.315848
v -0.361672 -0.329288 0.356032
v -0.212648 0.605416 -0.033568
v -0.159408 0.679176 -0.079920
v -0.417328 0.561096 0.139592
v 0.148776 -0.357648 -0.069424
v 0.192872 0.035944 0.386336
v 0.202176 -0.010200 0.384216
v 0.105880 -0.332376 0.356008
v -0.425736 0.417760 0.263824
v -0.454416 0.521176 0.253920
v -0.366032 -0.358344 0.348144
v -0.435232 -0.359944 0.359000
v -0.427408 -0.363520 0.342256
v 0.175088 -0.208576 0.360816
v -0.410536 -0.253832 -0.063448
v -0.371080 -0.260072 -0.080688
v -0.415536 0.365280 0.276704
v -0.448560 0.560056 0.238944
v -0.396632 -0.351224 0.367640
v 0.115392 0.000688 0.430048
v 0.230488 -0.293184 0.257264
v 0.264360 0.221304 0.255328
v 0.232504 0.251968 0.270448
v 0.290352 -0.070232 0.296920
v 0.266912 -0.103560 0.317832
v 0.167936 -0.085320 0.392032
v 0.181504 -0.038808 0.394504
v 0.187096 -0.079392 0.376104
v -0.418216 0.302008 0.270152
v -0.437848 0.501376 0.231848
v 0.342648 0.044448 0.222992
v -0.569352 0.539216 -0.220728
v -0.573792 0.529392 -0.172544
v 0.173928 0.002008 0.403400
v -0.397328 0.325104 0.257304
v -0.439288 0.532984 0.227512
v -0.276064 0.595800 0.013200
v 0.240416 -0.142640 0.332368
v 0.234904 -0.107920 0.338312
v -0.176384 0.827888 -0.096760
v -0.408832 -0.055424 -0.129944
v 0.263832 -0.051992 0.323896
v 0.237936 -0.074824 0.333232
v 0.298616 -0.318320 -0.006864
v 0.350240 -0.283752 -0.010096
v 0.346344 -0.305088 0.016504
v -0.481168 -0.310384 0.354352
v -0.424624 0.460376 0.226128
v -0.077616 0.699112 -0.154880
v -0.089472 0.676000 -0.129216
v 0.259296 0.109888 0.327120
v 0.312864 0.226328 0.105136
v 0.264320 -0.145808 0.318248
v -0.148224 0.772256 -0.136352
v -0.232080 -0.229880 -0.177408
v -0.204224 -0.228216 -0.215080
v -0.208392 -0.258456 -0.209192
v -0.396296 0.359304 0.254224
v -0.396064 0.395960 0.242072
v 0.105512 0.033688 0.424528
v 0.231856 -0.047296 0.347576
v 0.230616 0.097064 0.351360
v 0.247080 -0.008008 0.347112
v 0.207232 -0.035712 0.371336
v 0.268592 -0.171880 0.306488
v 0.262048 0.071752 0.337720
v 0.243560 0.039680 0.344088
v -0.430656 0.558536 0.200536
v -0.729512 0.287112 0.197648
v -0.375912 0.368064 0.215888
v 0.190848 0.209328 0.315024
v 0.216112 -0.160376 0.347632
v -0.728352 0.495992 0.173840
v -0.727600 0.471632 0.138968
v 0.208872 -0.095936 0.351224
v 0.205272 -0.075600 0.356320
v -0.382752 0.337208 0.230664
v -0.013872 -0.324184 0.378104
v 0.189424 -0.228208 0.328424
v 0.203712 -0.207760 -0.173528
v 0.232504 -0.198312 -0.144336
v 0.214200 -0.228616 -0.161872
v -0.456752 -0.272024 0.214920
v -0.499712 -0.290224 0.227944
v -0.309368 0.645616 -0.098864
v 0.328520 0.083688 0.239112
v -0.588032 0.111064 -0.118016
v -0.605144 0.155520 -0.095424
v -0.580792 0.142104 -0.115472
v 0.190024 -0.362632 0.031912
v 0.232696 -0.353600 0.028504
v 0.282016 0.086696 0.313472
v 0.465416 -0.217432 0.121456
v 0.478384 -0.185280 0.106744
v 0.264240 0.030256 0.333096
v -0.298336 0.675928 -0.109016
v -0.268328 -0.349256 0.392720
v -0.281168 -0.331312 0.381864
v -0.295192 -0.352600 0.358352
v -0.693400 0.021320 0.121392
v 0.337248 -0.082256 0.226544
v 0.038952 -0.336304 0.366944
v -0.462584 -0.083696 -0.115328
v -0.413384 -0.105192 -0.096960
v -0.413632 -0.339040 -0.094104
v -0.376640 -0.314392 -0.094960
v -0.567104 0.512368 -0.119264
v 0.388104 -0.065616 0.048008
v 0.316840 -0.280480 0.239936
v -0.180336 -0.315072 0.431888
v -0.205176 -0.329112 0.433288
v 0.338376 -0.276512 0.232328
v 0.157088 -0.334128 -0.100064
v 0.175824 -0.297160 -0.116288
v 0.173576 -0.316584 -0.075704
v -0.688496 -0.000552 0.115528
v -0.105760 0.831776 -0.220152
v -0.109672 0.839296 -0.204400
v 0.094456 -0.072632 0.433928
v -0.511512 0.581016 0.275848
v 0.472736 -0.176344 0.162160
v 0.452160 -0.230560 0.159528
v 0.470608 -0.195968 0.149184
v 0.457440 -0.071136 0.064248
v 0.451640 -0.080392 0.039352
v 0.429880 -0.063784 0.054408
v 0.452200 -0.238992 0.124512
v 0.467000 -0.070512 0.104584
v 0.479096 -0.091896 0.129376
v -0.509848 0.686160 -0.480832
v -0.498872 0.763584 -0.491888
v -0.504168 0.784880 -0.483152
v -0.140944 -0.328712 0.419224
v -0.133744 -0.371104 -0.197000
v -0.625736 0.709920 -0.268512
v -0.603432 0.727648 -0.263040
v -0.167128 0.847624 -0.120296
v 0.250392 -0.032744 0.341592
v -0.368760 0.583752 0.072024
v -0.266880 0.718912 -0.123592
v -0.196320 0.800472 -0.149816
v -0.216904 0.746576 -0.148312
v -0.642352 -0.066384 0.127960
v -0.359056 0.564240 0.061160
v -0.491256 0.741504 -0.466128
v -0.500336 0.774360 -0.462576
v -0.500112 0.737048 -0.422304
v 0.199808 -0.298840 -0.056136
v -0.230896 -0.356824 0.138800
v -0.278680 -0.362232 0.276624
v -0.238424 -0.365704 0.130824
v -0.253552 0.180904 -0.178816
v 0.173976 0.329480 0.247032
v 0.152544 0.331592 0.255744
v 0.122104 -0.067424 0.421736
v -0.501960 0.671800 -0.475184
v -0.705648 0.115888 0.189952
v -0.710088 0.136296 0.168632
v -0.710608 0.083864 0.169640
v -0.247144 -0.260728 -0.199632
v 0.355600 0.014776 0.196424
v 0.326600 0.121360 0.229264
v -0.590368 0.231648 0.313736
v 0.361288 -0.071760 0.180248
v -0.364560 0.533088 0.045208
v -0.334432 0.606568 0.051640
v -0.342112 0.618200 0.041616
v -0.352888 0.103072 -0.178984
v -0.408632 0.111144 -0.174096
v -0.409120 0.132944 -0.176760
v -0.091520 -0.338872 0.402208
v -0.083392 -0.332088 0.049832
v -0.132448 -0.333712 0.081728
v -0.114016 -0.330816 -0.034424
v -0.418952 0.534632 0.151480
v -0.252288 -0.282080 -0.224632
v 0.306688 -0.329352 0.024752
v -0.059024 -0.328096 0.391432
v -0.332808 0.638240 0.028296
v 0.325768 -0.012192 -0.065704
v -0.302216 0.604152 0.034960
v -0.668488 0.580472 0.061448
v -0.631008 0.587760 0.031904
v -0.665696 0.565768 0.033704
v 0.331816 0.044072 -0.073256
v -0.571160 0.357504 -0.068752
v -0.294016 0.624168 0.033488
v -0.073992 0.778072 -0.226160
v -0.076672 0.754088 -0.227128
v -0.303080 0.655976 0.001976
v -0.488648 0.706704 -0.473536
v -0.227192 0.805656 -0.062776
v -0.582584 0.520848 -0.125240
v -0.279984 -0.221344 -0.082776
v -0.347720 0.356088 0.180152
v -0.608024 0.668904 -0.144168
v -0.615232 0.696640 -0.215448
v -0.619280 0.660840 -0.166040
v -0.107752 0.663952 -0.096000
v -0.326008 -0.245720 -0.090288
v -0.123608 0.847808 -0.198368
v -0.704720 0.250840 0.148128
v -0.374048 0.422744 0.064968
v -0.412768 0.035376 -0.172808
v -0.421408 0.065768 -0.175088
v -0.391880 0.085856 -0.174536
v -0.702632 0.508120 0.285664
v -0.715264 0.508224 0.247400
v -0.712880 0.468112 0.301272
v -0.510056 0.632976 -0.401248
v -0.695928 0.051560 0.179368
v -0.715080 0.152192 0.140176
v -0.498984 0.585040 -0.231976
v -0.496472 0.615824 -0.270280
v -0.492728 0.614528 -0.207568
v -0.494152 0.645440 -0.272368
v -0.495040 0.640040 -0.206448
v -0.736160 0.288920 0.286744
v -0.482544 -0.332456 0.361968
v -0.503424 -0.327504 0.341664
v -0.496016 -0.348520 0.351352
v -0.681896 0.246192 0.196304
v -0.689288 0.227088 0.145960
v -0.480912 -0.355600 0.359264
v -0.142960 -0.334368 0.161944
v -0.206384 -0.337080 0.159848
v -0.682160 0.204144 0.186328
v -0.672984 0.226560 0.197848
v -0.748608 0.357968 0.209704
v -0.740808 0.401496 0.201472
v -0.345816 -0.269888 -0.094176
v -0.730256 0.424952 0.197512
v -0.498496 0.669688 -0.324992
v -0.714504 0.452240 0.243672
v 0.446872 -0.136720 0.005520
v -0.741400 0.296152 0.095120
v 0.194016 -0.188344 -0.194040
v 0.280384 -0.312208 0.215760
v 0.231584 -0.326720 0.217880
v 0.268672 -0.333568 0.183432
v -0.269248 -0.365248 0.295312
v -0.335304 -0.364256 0.265600
v 0.241160 0.050272 -0.163264
v 0.282872 0.059512 -0.136872
v -0.073840 0.745160 -0.193584
v -0.069568 0.743328 -0.213672
v -0.744320 0.322112 0.089736
v -0.737904 0.359080 0.326296
v -0.718168 0.392392 0.344184
v -0.435784 -0.272496 0.188904
v -0.502640 0.575160 -0.073896
v 0.148048 -0.333648 -0.137088
v -0.414640 -0.251448 0.173176
v -0.260848 -0.149880 -0.123624
v 0.133112 -0.334432 -0.159080
v 0.111600 -0.360960 -0.148904
v 0.007040 0.153880 -0.194848
v 0.055864 0.141840 -0.198400
v 0.020832 0.135544 -0.227256
v 0.302520 -0.002416 -0.106320
v 0.306416 0.036392 -0.115832
v 0.292192 0.015936 -0.129840
v 0.260800 -0.210336 -0.088048
v 0.285656 -0.191336 -0.071992
v 0.265648 -0.231832 -0.057904
v 0.096072 -0.352304 -0.173888
v -0.693784 0.159336 0.028432
v 0.299032 -0.055256 -0.101080
v 0.279856 -0.098072 -0.125464
v 0.268040 -0.057520 -0.136280
v -0.211336 -0.282608 -0.225680
v -0.680848 0.041416 0.205432
v -0.706928 0.268952 0.046584
v -0.421000 -0.236520 0.232376
v -0.704008 0.053008 0.123736
v 0.328584 0.069792 -0.078304
v 0.309184 0.081224 -0.100400
v -0.053120 0.177776 -0.188152
v -0.068296 0.159368 -0.194808
v -0.099440 0.182880 -0.190576
v -0.490384 -0.368800 -0.074576
v -0.509728 -0.369784 -0.064056
v 0.225184 -0.009720 -0.179456
v 0.245480 -0.034184 -0.166224
v 0.311976 0.136704 -0.062240
v 0.283256 0.145512 -0.096072
v 0.293472 0.167968 -0.078792
v -0.423280 -0.183656 0.167904
v -0.716624 0.326264 0.028184
v -0.721600 0.292600 0.045408
v 0.284304 -0.031496 -0.115480
v -0.699408 0.123760 0.032248
v 0.277968 -0.133912 -0.117176
v 0.304888 -0.121504 -0.089136
v 0.199928 -0.112824 -0.188544
v 0.233736 -0.097200 -0.163352
v 0.225640 -0.124872 -0.165584
v -0.726576 0.342152 0.048800
v -0.333888 0.375008 -0.033392
v -0.336968 0.386008 0.008600
v -0.296432 0.377208 0.002840
v -0.035056 0.371264 -0.055592
v 0.028512 0.381192 -0.035736
v -0.019080 0.343240 -0.083056
v -0.091616 0.737648 -0.214760
v -0.087256 0.771944 -0.233968
v -0.093624 0.138848 0.412736
v 0.162000 -0.343736 0.314616
v 0.189456 -0.321896 0.297192
v -0.716856 0.477688 0.234472
v -0.717128 0.467352 0.273136
v 0.296216 0.111600 -0.093392
v 0.237920 -0.219696 -0.129800
v 0.237928 -0.237400 -0.111928
v -0.726072 0.497872 0.208064
v 0.137680 -0.357928 -0.117480
v -0.571472 -0.019408 0.304488
v -0.524360 -0.044560 0.313344
v -0.142128 0.845784 -0.184392
v -0.198664 0.126864 -0.201296
v -0.152384 0.132496 -0.220640
v -0.206248 0.110224 -0.227104
v 0.322256 -0.058904 -0.074304
v 0.319280 -0.094624 -0.076560
v -0.638328 0.188136 -0.053024
v -0.597472 0.222888 -0.072384
v 0.325648 -0.124200 -0.044736
v 0.287320 -0.160672 -0.095736
v 0.227640 -0.255464 -0.102776
v 0.233664 -0.260400 -0.068064
v -0.089944 0.676600 -0.145928
v -0.621544 0.749440 -0.331832
v -0.629600 0.745112 -0.341760
v 0.310632 -0.161280 -0.051400
v 0.133504 -0.344184 0.344008
v 0.178336 -0.343576 0.264808
v 0.153024 -0.354872 0.293136
v -0.488416 -0.284864 0.099376
v -0.462824 -0.268440 0.088504
v -0.404760 -0.240616 0.153392
v -0.042792 -0.369368 -0.180800
v 0.011272 -0.361744 -0.186120
v 0.051872 -0.365656 -0.166840
v 0.310712 -0.177536 -0.042064
v 0.307704 -0.200520 -0.049456
v -0.313656 0.012288 -0.164568
v -0.286000 -0.022016 -0.154992
v -0.523784 -0.274976 0.036464
v -0.497992 -0.267680 0.057520
v -0.461704 -0.250256 0.058216
v -0.729288 0.491552 0.125392
v -0.570424 0.266032 0.395560
v -0.521368 -0.341680 0.207632
v -0.515328 -0.309728 0.225944
v -0.504696 -0.323088 0.201456
v -0.157656 0.103336 -0.277096
v -0.150176 0.078704 -0.295936
v -0.186288 0.075744 -0.288216
v 0.275200 0.200240 -0.081800
v 0.264648 0.181872 -0.102296
v -0.624176 -0.072040 0.170576
v 0.347384 0.094880 0.196304
v -0.640400 0.293632 0.390096
v -0.630792 0.309392 0.404984
v -0.126256 0.165840 -0.189792
v -0.047120 -0.361672 -0.193792
v -0.025472 -0.350160 0.382984
v 0.185968 -0.137656 -0.200384
v -0.304960 -0.126704 -0.110632
v -0.332464 -0.081808 -0.134192
v 0.199912 -0.335160 0.235440
v -0.137136 0.144456 -0.199392
v -0.501456 0.699528 -0.365712
v -0.415232 -0.271200 0.155368
v -0.419120 -0.276408 0.141488
v 0.334176 -0.083456 -0.049280
v -0.392840 0.453352 0.154512
v -0.080728 0.145840 -0.221848
v -0.024696 0.147224 -0.219224
v -0.065672 0.134216 -0.246480
v 0.162856 -0.290704 -0.163648
v 0.423248 -0.118160 -0.004088
v 0.424992 -0.167904 -0.023080
v 0.400008 -0.147104 -0.027720
v 0.255272 -0.122744 -0.147784
v -0.715448 0.538448 0.221560
v 0.293840 0.249344 0.030936
v 0.138024 -0.285312 -0.184536
v -0.068056 -0.327768 -0.104008
v -0.154312 -0.329896 -0.113624
v -0.088904 -0.333680 -0.125168
v -0.314744 -0.356480 0.339944
v -0.326080 -0.362656 0.323944
v -0.689816 0.277344 0.017680
v -0.339728 -0.366488 -0.218088
v -0.311368 -0.369864 -0.232344
v -0.585944 0.578504 -0.285624
v -0.592672 0.559016 -0.260880
v -0.671128 0.006320 0.018360
v -0.287000 -0.361792 -0.246760
v 0.330552 0.155976 0.194208
v 0.030600 -0.350968 -0.191024
v -0.426736 0.512096 0.194088
v 0.018032 -0.348704 -0.118272
v 0.066192 -0.354840 -0.101192
v 0.035616 -0.338360 -0.103664
v -0.499400 -0.304912 0.117176
v -0.013888 0.097952 -0.274480
v -0.051296 0.103008 -0.278544
v -0.006592 0.121320 -0.256448
v 0.336648 -0.132152 -0.020328
v 0.354616 0.086544 0.176784
v 0.432912 -0.257816 0.139872
v -0.310328 0.041864 -0.175344
v -0.283760 0.001568 -0.178608
v -0.416928 0.494392 0.164080
v -0.411944 0.463712 0.189296
v -0.652344 -0.016392 0.213816
v -0.668320 0.009360 0.216112
v -0.653912 -0.025112 0.186512
v -0.335472 0.067704 -0.177008
v -0.292424 0.042528 -0.180608
v 0.421304 -0.258608 0.169608
v -0.207712 -0.372104 -0.210568
v -0.265928 -0.371368 -0.213752
v -0.265312 -0.371144 -0.237776
v 0.152960 -0.262656 -0.176920
v -0.508336 0.666568 -0.207304
v -0.277664 0.032288 -0.194416
v -0.545536 0.755184 -0.362928
v -0.512992 0.796288 -0.469840
v -0.518352 0.790824 -0.447064
v -0.518080 0.584928 -0.016296
v -0.580944 0.509448 -0.087896
v -0.612768 0.780256 -0.376944
v -0.362672 0.391320 0.012656
v -0.360616 0.409952 0.089168
v 0.454784 -0.063864 0.137112
v 0.434872 -0.068264 0.171048
v -0.584152 0.608168 0.179352
v -0.580048 0.596760 0.236712
v -0.207360 0.821824 -0.108328
v -0.496792 0.592536 0.246696
v -0.542552 0.596352 0.241872
v 0.447104 -0.059368 0.085360
v 0.439352 -0.054704 0.121792
v 0.432128 -0.056928 0.149424
v 0.406256 -0.062760 0.165440
v -0.272184 0.767768 -0.029816
v 0.412296 -0.052024 0.101592
v 0.404184 -0.052816 0.129336
v 0.413968 -0.056824 0.072520
v 0.385656 -0.058408 0.135960
v -0.273208 0.755424 -0.106504
v 0.379576 -0.050472 0.099440
v -0.261728 0.231728 -0.151528
v -0.496928 0.608064 0.144272
v -0.254632 0.371128 0.080104
v -0.487384 -0.331024 0.179752
v -0.679760 0.585784 0.101232
v -0.488968 0.605576 0.180136
v -0.525920 0.605224 0.208144
v -0.320648 0.370272 0.156856
v -0.282416 0.363824 -0.025232
v -0.270088 0.369432 0.013704
v -0.244344 0.358232 0.008784
v -0.565856 0.605600 0.055248
v -0.350344 0.716440 -0.058424
v -0.528768 0.602600 0.057248
v -0.542248 0.609160 0.114208
v -0.493136 0.606560 0.088800
v -0.289792 0.382200 0.078800
v -0.343448 0.394272 0.074160
v -0.300312 0.379528 0.122568
v -0.532840 0.678192 -0.165368
v -0.300848 0.353808 0.194512
v -0.740760 0.315504 0.214424
v -0.508304 -0.291808 0.303792
v -0.409944 -0.126088 0.274064
v -0.410464 -0.155824 0.251480
v -0.603128 0.796224 -0.419216
v -0.620696 0.777432 -0.401768
v -0.344368 0.382808 0.134736
v -0.354288 0.368528 0.166360
v -0.556328 0.584680 0.270928
v -0.476656 0.609864 0.063368
v -0.520376 0.799936 -0.478072
v -0.548248 0.610400 0.167984
v -0.522560 0.591224 0.007312
v -0.016416 0.167480 0.365008
v -0.604296 0.638168 -0.083512
v -0.504936 0.594032 0.023784
v -0.220776 0.718384 -0.145360
v -0.713168 0.452040 0.207624
v -0.561776 0.571480 0.293752
v -0.483872 0.605440 0.034672
v -0.516472 -0.322880 0.315296
v -0.523904 -0.312496 0.282520
v -0.534432 -0.340976 0.266368
v -0.203296 0.357800 0.001032
v -0.313520 0.386256 0.040280
v -0.518344 -0.306200 0.252936
v 0.242400 0.284288 0.229480
v -0.206480 0.071120 -0.280656
v -0.215712 0.036104 -0.290896
v -0.233320 0.043144 -0.269336
v 0.288816 0.261288 0.083936
v -0.690024 0.168544 0.203312
v -0.699248 0.176416 0.176160
v 0.268544 0.281896 0.174384
v -0.633040 0.698928 -0.284048
v 0.269312 0.285936 0.137448
v -0.346480 -0.194744 -0.091216
v -0.330896 -0.146904 -0.102512
v -0.460168 0.630208 0.033296
v 0.274608 0.255464 -0.017928
v 0.212632 0.296192 0.246944
v 0.209184 0.321176 0.218464
v -0.537256 -0.304216 0.081928
v -0.538448 -0.286584 0.060768
v 0.118416 0.152328 -0.182744
v 0.108264 0.180432 -0.172632
v 0.149288 0.162464 -0.177016
v 0.263016 0.295320 0.074368
v 0.243560 0.310912 0.166576
v 0.229408 0.316768 0.196368
v 0.262560 0.292448 0.035568
v 0.234024 0.324616 0.098392
v 0.211904 0.338424 0.163184
v 0.246688 0.284336 -0.025432
v 0.252016 0.298016 0.013488
v -0.682160 0.181424 0.011152
v -0.542304 0.807112 -0.465528
v -0.545088 0.800488 -0.470528
v 0.233048 0.322192 0.048896
v 0.186696 0.348272 0.198992
v -0.378320 0.404432 0.013528
v -0.728632 0.280480 0.321136
v 0.162872 0.355896 0.207248
v -0.017208 0.155496 0.398800
v 0.202752 0.349984 0.079856
v 0.192000 0.357504 0.124144
v 0.172032 0.365120 0.170024
v 0.134648 0.358968 0.227408
v 0.205808 0.329816 -0.000288
v 0.193976 0.350224 0.039008
v 0.152096 0.378896 0.142296
v 0.135856 0.377200 0.183456
v 0.168560 0.359824 0.008800
v -0.334176 0.191736 -0.166664
v -0.681192 0.477240 0.019848
v -0.259936 -0.182432 -0.096840
v -0.272864 -0.148264 -0.104424
v -0.457760 -0.184000 0.039344
v -0.184984 0.116128 0.378872
v -0.521176 -0.352432 0.318200
v -0.628784 0.755328 -0.372864
v -0.443496 -0.164640 0.184152
v -0.465344 -0.160120 0.180848
v -0.145792 0.139960 0.374784
v -0.258656 -0.250616 0.340192
v -0.275632 -0.283488 0.363384
v -0.256352 -0.236304 0.314736
v -0.233400 -0.221880 0.301096
v -0.577160 0.092448 0.331960
v -0.413648 -0.220232 -0.059240
v -0.371768 -0.229568 -0.078640
v -0.312704 0.709760 -0.095400
v -0.162568 0.112000 0.412712
v -0.210184 -0.018952 0.386848
v -0.191552 -0.009600 0.428280
v -0.217832 0.063928 0.383280
v -0.464840 -0.108272 -0.080352
v -0.219304 -0.053848 0.341128
v -0.193504 -0.061848 0.381448
v -0.398104 -0.190072 0.268992
v -0.203512 0.085424 0.390816
v -0.452576 0.358424 -0.057512
v -0.173544 -0.333872 0.036080
v -0.222328 -0.335496 0.063504
v -0.256592 -0.333416 -0.003368
v -0.244464 0.069008 -0.220408
v -0.182816 0.085080 0.418240
v -0.592912 0.155544 0.306704
v -0.162144 -0.141864 0.385696
v -0.300008 -0.298104 0.343904
v -0.558848 0.162232 -0.118784
v -0.191904 0.047968 0.429728
v -0.388640 0.695136 -0.020208
v -0.171848 -0.046448 0.422864
v -0.619024 0.621144 -0.113072
v -0.611392 0.618904 -0.072280
v -0.671064 0.426520 0.392912
v -0.300008 -0.318224 0.354376
v -0.199856 0.014224 0.427368
v -0.512536 0.081376 -0.150848
v -0.512920 0.124080 -0.144920
v -0.487680 0.113384 -0.152128
v -0.555848 0.045248 -0.137584
v -0.553608 0.104312 -0.131888
v -0.536552 0.089160 -0.139408
v -0.440376 -0.217856 -0.031568
v -0.421008 -0.159648 -0.071656
v -0.423832 -0.163568 0.209696
v -0.448008 -0.145352 0.223448
v -0.274672 -0.312608 0.387408
v -0.415096 -0.213400 0.229648
v -0.251904 -0.264560 0.362024
v -0.437656 -0.132304 0.253368
v -0.160144 -0.099448 0.412520
v -0.615896 0.589552 -0.018376
v -0.670704 0.474232 0.359152
v -0.657824 0.521104 0.324800
v 0.204960 0.310456 -0.040264
v -0.659232 0.334928 0.394920
v -0.670432 0.364888 0.403528
v -0.691112 0.333480 0.387296
v -0.531136 -0.338304 0.236976
v -0.668624 0.324208 0.393424
v -0.673208 0.396400 0.403872
v -0.689232 0.378848 0.388512
v -0.276024 -0.030960 -0.178984
v -0.621160 0.017720 0.286384
v -0.611528 -0.019912 0.269984
v -0.569656 -0.331128 0.006176
v -0.579792 -0.349952 0.012424
v 0.250816 -0.298808 -0.037392
v 0.282800 -0.309944 -0.022464
v -0.617728 0.044760 0.299368
v -0.681408 0.296544 0.385112
v -0.692840 0.418144 0.374264
v -0.600776 0.080592 0.316648
v -0.510056 0.180088 -0.139872
v -0.525832 0.216784 -0.114544
v -0.484088 0.219880 -0.136336
v -0.640560 0.084688 0.276744
v -0.710112 0.315592 0.372480
v -0.661688 0.291920 0.388152
v -0.533144 0.643272 -0.454744
v -0.447424 -0.352664 0.371008
v -0.189840 0.174896 -0.190688
v -0.173840 0.147288 -0.194456
v -0.573552 -0.324312 0.048120
v -0.557096 -0.304952 0.025464
v -0.660056 0.381240 -0.037440
v -0.667584 0.431464 -0.013496
v -0.645208 0.409592 -0.035520
v -0.695928 0.464984 0.338536
v 0.158712 0.132152 -0.182288
v 0.191288 0.144176 -0.166456
v 0.184704 0.111992 -0.177688
v -0.527088 -0.359800 0.235336
v -0.426304 -0.224592 0.093840
v -0.637912 0.448552 -0.033184
v -0.574016 -0.345688 0.069576
v -0.569328 -0.325072 0.064912
v -0.559976 -0.303416 0.053520
v -0.706016 0.375416 0.369128
v -0.271176 -0.183800 -0.088384
v -0.263008 -0.226576 -0.087112
v -0.522816 0.154360 -0.134560
v -0.533816 -0.352832 0.270792
v -0.631264 0.118648 0.283488
v -0.522376 -0.361768 0.269952
v -0.695760 0.071296 0.199040
v -0.690776 0.093776 0.214488
v -0.686848 0.136200 0.219320
v -0.552000 -0.332256 0.086152
v -0.455968 0.619336 0.004816
v -0.553672 -0.356360 0.096336
v -0.670496 0.050704 0.233784
v -0.670392 0.183256 0.224304
v -0.536048 -0.133656 -0.013992
v -0.605832 0.188320 0.288568
v -0.538024 -0.334864 0.108272
v -0.667344 0.113016 0.247184
v -0.342552 0.657616 -0.082696
v -0.461416 0.050064 -0.168784
v -0.444184 0.015424 -0.170832
v -0.643032 0.142408 0.269168
v 0.013856 -0.364320 -0.132864
v -0.338216 0.119864 -0.180496
v 0.171552 0.341904 -0.023456
v -0.687888 0.533672 0.278616
v -0.513288 -0.352792 0.141504
v -0.649768 0.008024 0.250048
v -0.653632 0.173376 0.247520
v -0.149488 0.855168 -0.161992
v -0.429152 -0.245136 0.097616
v -0.687352 0.501072 0.318800
v -0.510040 -0.334000 0.132752
v -0.648272 0.037584 0.264848
v -0.633016 0.209592 0.256408
v -0.617672 0.217272 0.277904
v -0.022296 0.206200 -0.179672
v -0.025664 0.236968 -0.172192
v 0.020656 0.219808 -0.164848
v -0.594520 0.460936 -0.053360
v -0.628632 0.484008 -0.036824
v -0.606632 0.499568 -0.046472
v -0.632024 -0.029288 0.233984
v -0.253712 -0.359104 -0.245272
v -0.212552 -0.362432 -0.232912
v -0.051144 0.201960 -0.182736
v -0.729056 0.342568 0.352920
v -0.364248 0.148088 -0.173832
v -0.414520 0.671408 0.013992
v -0.231448 -0.006016 -0.280400
v -0.208656 -0.030472 -0.294240
v -0.208960 -0.070584 -0.283616
v -0.634680 0.364856 -0.048944
v 0.076712 -0.366344 -0.123392
v 0.050248 -0.366672 -0.150112
v -0.502296 0.261936 -0.108840
v -0.621768 0.268472 0.385248
v 0.014824 0.264272 -0.158352
v -0.708512 0.289960 0.363144
v -0.217864 0.004568 -0.292968
v 0.231920 -0.282416 -0.049488
v -0.507432 0.734832 -0.491296
v 0.131096 0.272184 -0.123976
v 0.173704 0.236504 -0.120648
v 0.133864 0.239296 -0.136160
v -0.066848 0.269888 -0.145920
v -0.098832 0.284544 -0.131896
v -0.053504 0.299776 -0.122872
v -0.524752 0.773256 -0.484040
v -0.042888 0.263152 -0.156904
v -0.062592 0.233928 -0.177488
v -0.072872 0.251336 -0.164344
v 0.057704 0.377760 -0.041656
v 0.075312 0.329752 -0.103504
v 0.051320 0.303216 -0.130264
v 0.035720 0.323520 -0.111448
v 0.424448 -0.082328 0.025032
v 0.058760 0.116080 -0.237464
v 0.194000 0.181296 -0.146512
v 0.229784 0.143544 -0.139976
v -0.560976 0.710608 -0.409392
v -0.478648 -0.297264 -0.053176
v -0.592032 0.785480 -0.431328
v -0.579640 0.768856 -0.428280
v -0.203568 -0.158328 -0.246920
v -0.176344 -0.211104 -0.241088
v -0.558248 0.635088 -0.395344
v -0.547064 0.638424 -0.433672
v -0.596408 0.737496 -0.380408
v -0.569256 0.666808 -0.362888
v -0.617224 0.750296 -0.382944
v -0.588024 0.709752 -0.358336
v -0.570808 0.618168 -0.337464
v -0.568456 0.598152 -0.366232
v -0.593816 0.674960 -0.305920
v -0.249064 -0.243144 -0.155256
v -0.621576 0.722232 -0.344944
v -0.632704 0.723560 -0.330984
v -0.583168 0.626800 -0.272872
v -0.621416 0.688880 -0.294216
v -0.588384 0.649664 -0.282304
v 0.035704 0.354184 -0.075432
v 0.103472 0.310984 -0.111832
v 0.092968 0.283920 -0.131088
v -0.482040 -0.282000 -0.033056
v -0.528976 -0.301272 -0.022032
v -0.574496 0.548904 -0.277112
v -0.587096 0.597072 -0.239552
v -0.234648 0.278096 -0.126760
v -0.269720 0.252128 -0.144624
v -0.236568 0.297112 -0.109408
v 0.201048 -0.363624 0.088104
v 0.167184 -0.352504 0.070280
v 0.170600 -0.363008 0.045152
v 0.083792 -0.362056 -0.090104
v 0.095728 -0.365320 -0.047656
v 0.059320 -0.362728 -0.024096
v -0.121328 0.303848 -0.115728
v -0.100016 0.210752 -0.178880
v -0.212320 -0.119328 -0.253320
v -0.232696 -0.056600 -0.266832
v -0.247832 -0.023832 -0.262528
v -0.249808 0.003304 -0.257456
v -0.628624 0.673648 -0.254608
v 0.277944 0.098192 -0.125240
v 0.252440 0.099880 -0.145632
v -0.229448 -0.093728 -0.244880
v -0.249472 -0.048080 -0.242720
v -0.186960 0.107144 -0.256256
v -0.221664 0.080648 -0.255288
v -0.245872 0.043424 -0.244056
v -0.605128 0.634432 -0.215264
v 0.057080 0.277456 -0.146768
v 0.084056 0.167016 -0.176872
v 0.050176 0.159280 -0.178376
v 0.056824 0.175296 -0.169848
v -0.242600 -0.098440 -0.221240
v -0.265688 -0.025016 -0.221664
v -0.260728 0.015544 -0.232800
v -0.629128 0.670976 -0.227104
v -0.227408 -0.142400 -0.223504
v -0.266072 -0.003024 -0.217168
v -0.593840 0.612216 -0.201336
v -0.232440 -0.151328 -0.199344
v -0.260856 -0.064352 -0.198936
v -0.625600 0.645856 -0.192000
v -0.005384 0.169592 -0.182864
v -0.220368 -0.207824 -0.201176
v -0.248536 -0.119528 -0.182008
v -0.353728 -0.350952 -0.194016
v -0.364264 -0.362112 -0.170904
v -0.338376 -0.349664 -0.218032
v -0.328408 -0.307768 -0.192488
v -0.305200 -0.300264 -0.215152
v -0.237176 -0.175168 -0.170488
v -0.650152 0.230352 0.235528
v -0.366016 0.667264 -0.065424
v -0.389120 0.677800 -0.040472
v -0.608328 0.613048 -0.171360
v -0.244832 -0.335696 -0.240992
v -0.054784 -0.348440 -0.201416
v 0.025776 -0.330336 0.207192
v 0.042000 -0.323944 0.266168
v -0.021152 -0.330184 0.201048
v -0.607344 0.559816 -0.134736
v 0.107784 0.354392 -0.054688
v 0.075296 0.348024 -0.078632
v -0.359944 -0.327864 -0.168784
v -0.273520 -0.259888 -0.178408
v -0.272128 -0.063192 -0.166584
v -0.276712 -0.282040 -0.216984
v -0.589432 0.542880 -0.161888
v -0.606440 0.570760 -0.159048
v -0.599856 0.592624 -0.151792
v -0.599392 0.581840 -0.155176
v -0.129056 0.823904 -0.208296
v -0.147248 0.787448 -0.193760
v -0.171328 0.798216 -0.173856
v -0.371704 -0.345600 -0.142232
v -0.118768 -0.359432 -0.208576
v -0.617656 0.611200 -0.151784
v -0.186392 0.825944 -0.143384
v -0.352248 -0.304408 -0.143952
v -0.242168 -0.223152 -0.141408
v -0.246472 -0.184016 -0.142680
v -0.454488 -0.369008 -0.089328
v -0.621200 0.612640 -0.132792
v 0.232824 0.179800 -0.126144
v 0.255304 0.158960 -0.116968
v -0.223120 0.195256 -0.182648
v -0.596880 0.538224 -0.113376
v -0.361496 -0.300376 -0.113552
v -0.250320 -0.198328 -0.115104
v 0.207536 0.286112 -0.065752
v 0.213328 0.261488 -0.084080
v 0.163696 0.281232 -0.104832
v -0.375296 -0.362984 0.317920
v -0.620952 -0.048008 -0.042608
v -0.594328 -0.041536 -0.074832
v -0.576576 -0.067696 -0.059768
v -0.670544 0.248728 0.228200
v -0.603424 0.576096 -0.115152
v -0.375928 -0.328864 -0.112136
v -0.251064 -0.225672 -0.111096
v 0.034968 0.191352 -0.172120
v -0.083288 0.116736 -0.270280
v -0.120624 0.110904 -0.274536
v 0.226576 0.227840 -0.100984
v 0.202552 0.234536 -0.108640
v -0.612304 0.587592 -0.103192
v -0.586104 -0.000128 -0.110000
v -0.615808 0.023488 -0.091608
v -0.591560 0.035000 -0.121232
v -0.270656 -0.358648 0.375664
v -0.137792 0.121712 -0.256680
v -0.261984 0.780792 -0.093016
v 0.093352 0.377616 -0.025480
v 0.031784 -0.334328 -0.030368
v 0.018608 -0.357216 0.018600
v -0.006488 -0.340608 0.038176
v -0.611848 0.546192 -0.071504
v -0.622168 0.062760 -0.093560
v -0.640352 0.096640 -0.075360
v -0.608376 0.088296 -0.109144
v -0.630016 0.121920 -0.084808
v -0.225696 0.249352 -0.144016
v -0.615384 0.588112 -0.072632
v -0.637792 0.033816 -0.070088
v -0.651320 0.136800 -0.055000
v -0.606904 0.565704 -0.072168
v -0.104280 0.240232 -0.161288
v -0.645824 0.065632 -0.062400
v -0.209288 0.344800 -0.035792
v -0.262576 0.344040 -0.047272
v -0.171192 -0.361640 -0.223672
v -0.199632 -0.340472 -0.233224
v 0.129792 0.051840 -0.231616
v 0.104776 0.089008 -0.234160
v 0.133976 0.080912 -0.217016
v -0.134432 -0.321968 -0.220520
v -0.663544 0.106336 -0.049488
v 0.126400 0.319728 -0.091328
v -0.597112 0.511880 -0.057200
v 0.152616 0.094968 -0.199120
v 0.181392 0.052848 -0.199400
v 0.390448 -0.092336 0.013560
v -0.190056 -0.331312 -0.088744
v -0.064784 0.072560 -0.292416
v -0.617080 0.572096 -0.044656
v -0.175056 0.246992 -0.157560
v -0.218032 0.219800 -0.170240
v -0.634288 0.000392 -0.056104
v -0.666184 0.075816 -0.045200
v -0.156192 -0.331960 -0.036344
v -0.140704 0.279304 -0.137640
v -0.188800 0.281104 -0.124616
v -0.146568 0.317488 -0.088888
v 0.059640 0.255744 -0.156432
v -0.445392 -0.184128 -0.026808
v -0.432528 -0.160328 -0.060792
v -0.599208 -0.076648 -0.018280
v -0.662208 0.027448 -0.034952
v -0.135760 0.249584 -0.156688
v -0.619104 0.532512 -0.034832
v -0.455184 -0.242752 -0.012256
v -0.644608 -0.027136 -0.023904
v -0.658832 0.007008 -0.019232
v -0.679720 0.079704 -0.024056
v -0.673336 0.142056 -0.026208
v -0.647672 0.234136 -0.016152
v -0.608408 0.248304 -0.050176
v -0.468128 -0.258152 0.001696
v -0.056608 0.339208 -0.090912
v -0.535832 -0.098888 -0.054472
v -0.576232 -0.103624 -0.005784
v -0.664872 0.181232 -0.026344
v -0.649648 0.256408 -0.007064
v -0.625800 0.557000 -0.020016
v -0.408968 0.669928 -0.021312
v -0.505936 -0.275600 0.003872
v -0.435368 -0.257304 -0.047352
v -0.459936 -0.163760 -0.008632
v -0.449184 -0.144624 -0.046032
v -0.632488 -0.050208 -0.006760
v -0.680336 0.030544 -0.000624
v -0.684904 0.130216 -0.005320
v -0.646144 0.504112 -0.012248
v -0.691640 0.055520 0.007336
v -0.686224 0.093608 -0.000376
v -0.096664 0.337536 -0.077696
v -0.242456 -0.368040 0.117648
v -0.432456 0.613728 -0.019896
v -0.553936 -0.308208 0.001544
v -0.538520 -0.287728 0.012592
v -0.697920 0.317376 -0.001424
v -0.704520 0.359744 0.004592
v -0.685056 0.356888 -0.021872
v -0.691544 0.381392 -0.011888
v 0.206840 0.076888 -0.181616
v 0.230328 0.089256 -0.162960
v -0.640528 0.563176 0.004840
v -0.656512 -0.032048 0.014096
v 0.247800 0.223224 -0.088464
v -0.443792 0.644016 0.011008
v -0.638872 -0.057960 0.024336
v 0.210784 0.036496 -0.185216
v 0.060360 0.093456 -0.253144
v 0.093824 0.064088 -0.246880
v 0.244240 0.257696 -0.065488
v -0.072144 0.362240 -0.062328
v -0.156928 0.328736 -0.076392
v 0.174520 0.301640 -0.080120
v 0.341080 -0.153624 -0.027664
v 0.147208 0.331640 -0.061440
v 0.109592 0.111312 -0.211424
v 0.355272 -0.081928 0.007584
v 0.130904 -0.364840 0.018360
v 0.122584 -0.350080 0.029304
v 0.112112 -0.354368 0.031104
v 0.030520 -0.327808 -0.064664
v -0.011120 -0.330792 0.019176
v 0.143240 0.210216 -0.141832
v 0.152136 0.192120 -0.154664
v 0.138984 0.179680 -0.171904
v -0.168000 0.345088 -0.048952
v -0.287080 0.323200 -0.085120
v -0.289000 0.342936 -0.066344
v 0.366152 -0.122968 -0.009736
v -0.039688 -0.325080 0.293616
v -0.017600 0.257272 -0.157272
v 0.367976 -0.081488 0.024112
v 0.369072 -0.165768 -0.038216
v -0.282264 -0.366560 0.181960
v -0.129920 0.360976 -0.029200
v -0.495952 0.562248 -0.013040
v -0.488912 0.584416 0.008000
v -0.277536 -0.369368 0.099512
v -0.298512 -0.370936 0.036576
v -0.475736 0.539520 -0.015112
v -0.469584 0.570984 -0.005264
v -0.203408 -0.308632 -0.233640
v -0.222096 0.325480 -0.072120
v -0.097040 0.365808 -0.041608
v 0.317552 -0.274728 -0.036216
v -0.455936 0.504952 -0.017920
v -0.449432 0.461952 -0.032536
v -0.455168 0.431896 -0.045016
v -0.400768 0.239272 -0.148032
v -0.382872 0.253016 -0.139856
v -0.364720 0.228304 -0.150376
v -0.002464 -0.356304 0.066088
v -0.481016 0.323312 -0.075032
v -0.435104 0.432392 -0.031936
v -0.268984 0.307232 -0.095416
v 0.100144 0.198032 -0.159328
v -0.428720 0.355000 -0.058776
v -0.418512 0.332768 -0.086384
v -0.444624 0.285416 -0.117168
v -0.483672 0.300448 -0.090840
v -0.106240 -0.338400 -0.211136
v 0.019968 0.078864 -0.269024
v -0.416992 0.394384 -0.032952
v -0.406344 0.377320 -0.038544
v -0.452352 0.388072 -0.049608
v -0.391856 0.398448 -0.010584
v -0.399256 0.303064 -0.115216
v -0.384560 0.359440 -0.067264
v -0.391872 0.278440 -0.127736
v -0.381952 0.325152 -0.102504
v -0.360664 0.337472 -0.092552
v -0.371672 0.377920 -0.039072
v -0.357576 0.303320 -0.117808
v -0.337184 0.352768 -0.076480
v -0.339672 0.271400 -0.129504
v -0.333456 0.366008 -0.056152
v -0.606592 0.223592 0.297032
v 0.030448 0.235544 -0.161632
v -0.322016 0.306200 -0.109392
v 0.090776 -0.350296 0.357216
v -0.318744 0.332488 -0.092560
v -0.305808 0.357240 -0.058608
v 0.400048 -0.175232 -0.036968
v -0.293320 -0.357568 0.184256
v 0.079552 0.233576 -0.155784
v -0.297744 0.287536 -0.121384
v -0.299224 0.252064 -0.145944
v 0.189648 0.001920 -0.203600
v -0.306240 -0.356568 0.195048
v -0.616208 0.271744 -0.036936
v -0.567336 0.220384 -0.091976
v -0.590320 0.321336 -0.063080
v -0.607968 0.297128 -0.052464
v -0.602184 0.374408 -0.064192
v -0.615120 0.403352 -0.055656
v 0.380600 -0.216448 -0.041040
v -0.418600 0.209184 -0.154168
v -0.441120 0.244128 -0.141384
v 0.355784 -0.213656 -0.050664
v 0.354648 -0.193456 -0.048288
v 0.349384 -0.238704 -0.047872
v -0.383656 -0.059656 -0.128856
v 0.178720 -0.172064 -0.208112
v -0.543320 0.001088 -0.137024
v -0.358832 0.619680 -0.069384
v -0.472336 0.152256 -0.153784
v -0.556864 -0.061416 -0.087472
v -0.515144 -0.055072 -0.122680
v -0.515848 -0.078504 -0.098096
v -0.402736 0.603696 -0.041544
v -0.561424 -0.034696 -0.110712
v 0.295128 -0.261176 -0.048848
v -0.462776 0.194680 -0.148208
v -0.438504 0.144816 -0.171400
v -0.465856 0.125520 -0.164928
v 0.309312 -0.226424 -0.053528
v -0.463920 -0.047856 -0.140176
v -0.514136 -0.371496 -0.041000
v -0.577168 0.438912 -0.062072
v -0.500656 0.051160 -0.153352
v -0.442120 0.177336 -0.159176
v -0.436608 0.092504 -0.176792
v -0.466128 0.087408 -0.167592
v -0.353848 -0.018688 -0.152216
v -0.431952 -0.122888 -0.074600
v 0.269016 -0.250256 -0.051120
v -0.510688 0.013640 -0.151272
v -0.391560 -0.007312 -0.156608
v -0.368992 0.200512 -0.163664
v -0.405184 0.018472 -0.170928
v -0.365144 0.597360 -0.058376
v -0.358912 0.015984 -0.163792
v -0.510816 -0.115424 -0.055512
v -0.391624 -0.189752 -0.081768
v -0.373200 -0.161272 -0.097088
v -0.387608 -0.121648 -0.104240
v -0.360064 -0.138208 -0.107120
v -0.335168 -0.370656 0.215520
v -0.482840 -0.001864 -0.155008
v -0.360632 0.058088 -0.174928
v -0.354832 -0.053024 -0.142992
v 0.106880 -0.324984 -0.179968
v -0.027488 0.056144 -0.291688
v -0.524880 -0.033120 -0.134000
v 0.182656 -0.103336 -0.210376
v 0.176832 -0.058456 -0.215200
v -0.407288 0.165968 -0.172952
v 0.162272 -0.229208 -0.199160
v -0.366104 -0.084440 -0.127432
v 0.154440 -0.007856 -0.221952
v 0.159776 -0.204720 -0.216864
v 0.156160 -0.143480 -0.218336
v 0.156952 -0.103944 -0.226848
v 0.142064 -0.078888 -0.235240
v 0.125760 -0.049952 -0.237984
v 0.125424 -0.230648 -0.211184
v 0.120880 -0.161440 -0.229168
v 0.134736 -0.195552 -0.226280
v -0.168800 0.052704 -0.302792
v 0.116152 -0.123232 -0.238848
v 0.124256 -0.027304 -0.236856
v -0.710624 0.268736 0.190992
v 0.111712 -0.275368 -0.197656
v 0.098032 0.027656 -0.246176
v -0.011272 -0.350456 0.103560
v -0.029560 -0.334616 0.104376
v 0.107008 -0.250960 -0.212408
v 0.085688 -0.202496 -0.238144
v 0.092592 -0.041112 -0.251072
v 0.091768 -0.099352 -0.247208
v 0.098200 -0.080528 -0.252424
v 0.085568 -0.000888 -0.256080
v 0.085104 -0.286704 -0.199408
v 0.065352 -0.279576 -0.201432
v 0.081200 -0.245928 -0.222008
v 0.082496 -0.179304 -0.239960
v 0.061016 -0.143216 -0.249088
v 0.077928 -0.134552 -0.249128
v 0.041456 -0.307712 -0.192528
v 0.050304 -0.116672 -0.260504
v 0.035136 -0.330608 -0.193360
v 0.043416 -0.094016 -0.261848
v 0.051984 -0.073664 -0.268200
v 0.070000 -0.045584 -0.267184
v 0.058664 0.042160 -0.262632
v 0.053208 0.065160 -0.263568
v 0.047552 -0.232184 -0.232952
v 0.043176 -0.172936 -0.247232
v 0.060816 -0.004512 -0.269720
v 0.054672 -0.199920 -0.244488
v 0.038568 -0.049888 -0.276416
v 0.039600 -0.015784 -0.275280
v 0.035072 -0.273544 -0.214312
v 0.029848 -0.254976 -0.232208
v 0.026480 -0.156344 -0.259848
v 0.014840 0.037544 -0.278704
v 0.006064 -0.076528 -0.275704
v 0.010296 -0.236928 -0.242856
v 0.004744 -0.217056 -0.244112
v 0.017136 -0.195976 -0.250672
v -0.001824 -0.292840 -0.200992
v -0.001672 -0.008472 -0.286256
v -0.007704 -0.276976 -0.218464
v -0.009464 -0.164064 -0.266888
v -0.006928 -0.123520 -0.275928
v -0.036736 -0.332760 -0.203304
v -0.013624 -0.257448 -0.239432
v -0.018024 -0.048632 -0.287096
v -0.003416 0.023576 -0.291048
v -0.035264 -0.107048 -0.278960
v -0.063576 -0.308080 -0.207288
v -0.029184 -0.225048 -0.251664
v -0.035280 0.022360 -0.299736
v -0.041864 -0.194488 -0.262720
v -0.042744 -0.013880 -0.299816
v -0.047400 -0.083872 -0.287464
v -0.064872 -0.292488 -0.209120
v -0.070360 -0.263544 -0.239056
v -0.049080 -0.157944 -0.277568
v -0.059064 -0.041600 -0.297792
v -0.160688 -0.335488 -0.137768
v -0.066008 -0.278808 -0.227528
v -0.065440 -0.241232 -0.248568
v -0.068208 -0.127984 -0.286800
v -0.075400 -0.196808 -0.269232
v -0.084832 -0.211176 -0.267224
v -0.073616 -0.163920 -0.275496
v -0.068792 -0.005288 -0.303240
v -0.084312 -0.096008 -0.292136
v -0.080016 -0.058632 -0.301288
v -0.117856 -0.018872 -0.307928
v -0.089632 0.021704 -0.307920
v -0.110032 -0.225080 -0.257944
v -0.098544 -0.164832 -0.282152
v -0.105888 -0.085656 -0.303336
v -0.212640 -0.338056 0.125640
v -0.119856 -0.352976 -0.143936
v -0.109528 0.793176 -0.225008
v -0.138896 -0.294104 -0.221320
v -0.125984 -0.279648 -0.223024
v -0.115736 -0.134912 -0.294928
v -0.247880 -0.334464 0.259120
v -0.128152 -0.045688 -0.310912
v -0.126864 0.009328 -0.313488
v -0.536624 -0.369280 -0.049352
v -0.137472 -0.254312 -0.237936
v -0.134496 -0.149800 -0.287432
v 0.311064 -0.311736 0.199816
v -0.143808 -0.075088 -0.307552
v 0.075432 -0.351760 0.036224
v 0.031744 -0.366400 0.039800
v 0.076392 -0.366136 0.013728
v -0.154416 -0.174200 -0.271360
v -0.141912 -0.109912 -0.301256
v -0.148016 0.026752 -0.312088
v -0.169304 0.759352 -0.175816
v -0.502336 -0.363224 0.188048
v -0.514400 -0.359312 0.194176
v -0.161800 -0.023240 -0.312352
v -0.169608 -0.266744 -0.223608
v -0.175288 -0.102840 -0.292288
v -0.557480 -0.364168 0.078384
v -0.184288 -0.057776 -0.304584
v -0.185600 -0.027448 -0.307088
v -0.185448 0.013496 -0.306632
v -0.643752 0.268640 0.373144
v -0.477696 -0.134680 0.230312
v 0.114584 -0.364592 0.172744
v 0.123592 -0.361184 0.295880
v 0.105576 -0.361312 0.253048
v 0.068232 -0.360896 0.290120
v 0.097792 -0.358584 0.340968
v -0.131768 -0.361496 0.349480
v 0.026328 -0.353336 0.368200
v 0.039336 -0.368024 0.073336
v 0.025192 -0.367000 0.094096
v -0.144248 -0.361120 0.394120
v -0.229264 -0.359336 0.404392
v 0.178024 -0.347336 0.111840
v 0.172000 -0.353544 0.145352
v 0.139920 -0.362832 0.176328
v 0.359008 -0.310152 0.128064
v -0.011280 -0.344000 0.135856
v 0.013616 -0.349512 0.169440
v -0.008776 -0.334816 0.163416
v 0.023112 -0.362912 0.150800
v 0.007336 -0.361576 0.125080
v 0.330088 -0.315320 0.166016
v -0.210584 -0.362736 0.347792
v -0.076048 -0.333176 0.124568
v -0.018776 -0.352776 -0.127440
v 0.191448 -0.361464 0.141912
v 0.080696 -0.343616 0.246584
v -0.065048 -0.359936 0.380016
v -0.022608 -0.360920 0.364888
v 0.160648 -0.358616 0.224152
v 0.106232 -0.364960 0.171392
v -0.513696 -0.360056 0.315216
v 0.051640 -0.334680 -0.081320
v 0.238872 -0.360160 0.078680
v -0.024888 -0.328432 -0.022232
v -0.075448 -0.328896 -0.059880
v 0.071848 -0.338888 0.271208
v 0.067064 -0.362008 0.192456
v -0.639520 0.233336 0.272960
v -0.681840 0.256056 0.243336
v -0.459472 -0.178528 0.069808
v 0.131512 -0.354920 0.330248
v 0.039456 -0.361480 0.347696
v 0.049752 -0.358928 0.052392
v -0.711832 0.276072 0.227568
v 0.258952 -0.353472 0.056200
v 0.225992 -0.359632 0.128136
v 0.072016 -0.344872 0.227856
v 0.188712 -0.352872 0.202704
v -0.718584 0.270976 0.262760
v -0.285696 -0.352864 0.124024
v -0.722032 0.269304 0.301760
v 0.060168 -0.346136 -0.054088
v -0.685160 0.250536 0.273880
v 0.126960 -0.364672 -0.023736
v 0.112440 -0.364136 -0.115968
v -0.702184 0.254512 0.297152
v -0.009112 -0.326584 -0.083048
v -0.698880 0.259864 0.336400
v -0.019776 -0.332728 -0.113272
v -0.518488 -0.363752 0.124064
v -0.718432 0.279848 0.342176
v -0.677976 0.246272 0.315904
v -0.090320 -0.323768 0.310752
v 0.267808 -0.348424 0.130136
v -0.016328 -0.367568 -0.154648
v -0.647160 0.237376 0.303280
v -0.662096 0.252984 0.353768
v -0.674728 0.271040 0.372104
v 0.055248 -0.327968 0.236392
v 0.035856 -0.343056 0.198040
v -0.627600 0.239104 0.340144
v 0.238944 -0.350008 0.158976
v -0.186560 -0.326640 0.307784
v -0.607608 -0.094632 0.144944
v -0.556312 -0.135400 0.028608
v -0.616320 -0.064264 0.211240
v -0.568904 -0.137992 0.070400
v -0.582408 -0.124936 0.096712
v -0.582320 -0.124800 0.121648
v -0.601320 0.252344 0.373656
v 0.053288 -0.358360 0.194528
v -0.583328 -0.119544 0.150360
v -0.573776 -0.103816 0.199680
v -0.592864 -0.083312 0.218112
v -0.576288 0.248632 0.362888
v -0.515840 -0.154792 0.033872
v -0.548352 -0.151280 0.084464
v -0.562608 -0.133056 0.158472
v -0.594904 -0.060504 0.251440
v -0.472016 -0.166120 0.020912
v -0.552528 -0.370256 -0.001584
v -0.548088 -0.150280 0.122832
v -0.489936 -0.167944 0.064736
v -0.516488 -0.164128 0.104496
v -0.533064 -0.151984 0.144808
v -0.557248 -0.090176 0.249024
v -0.518608 -0.371952 0.022576
v -0.534712 -0.142632 0.172616
v -0.566880 -0.067920 0.271160
v -0.570448 -0.048808 0.287760
v -0.538648 -0.369232 0.069816
v -0.536264 -0.118832 0.218344
v 0.064832 -0.361256 0.145080
v -0.447720 -0.371760 -0.073000
v -0.468832 -0.372304 -0.001736
v -0.489192 -0.169328 0.132312
v -0.528648 -0.078376 0.284424
v -0.494216 -0.367856 0.135208
v -0.468648 -0.177592 0.107440
v -0.497808 -0.157880 0.163592
v -0.506928 -0.137680 0.205184
v -0.509320 -0.111616 0.254624
v -0.421840 -0.372016 -0.014496
v -0.461448 -0.371016 0.112320
v -0.465808 -0.107144 0.280400
v -0.484552 -0.070760 0.309232
v -0.380176 -0.371016 -0.102440
v -0.354128 -0.370688 -0.175312
v -0.315856 -0.371056 -0.188896
v -0.360464 -0.371192 -0.100224
v -0.425688 -0.371320 0.111896
v -0.496152 -0.365256 0.255064
v -0.371040 -0.371160 -0.007152
v -0.376480 -0.371984 0.028520
v -0.432152 -0.373520 0.126784
v -0.445928 -0.366976 0.213392
v -0.433480 -0.101416 0.295488
v -0.328736 -0.367952 -0.095984
v -0.410808 -0.370832 0.064264
v -0.365408 -0.370368 0.051440
v -0.376832 -0.355600 0.064640
v -0.463112 -0.364640 0.290128
v -0.490104 -0.362480 0.335960
v -0.281592 -0.369320 -0.164064
v -0.330168 -0.369160 -0.015040
v -0.295768 -0.354560 -0.120064
v -0.317360 -0.350608 -0.058720
v -0.409416 -0.095504 0.299184
v -0.252720 -0.355264 -0.153632
v -0.267256 -0.339384 -0.129264
v -0.304536 -0.331848 -0.058464
v -0.218528 -0.368720 -0.170832
v -0.313776 -0.349392 0.086320
v -0.374968 -0.364448 0.244104
v -0.414784 -0.364240 0.277080
v -0.208600 -0.352648 -0.155240
v -0.246040 -0.330880 -0.112408
v -0.265304 -0.334440 -0.004200
v -0.222808 -0.332768 -0.137680
v -0.309112 -0.368504 0.068408
v -0.440320 -0.181520 0.135928
vn -0.8249 -0.1275 -0.5506
vn -0.9689 0.2379 -0.0681
vn -0.2067 0.9089 0.3623
vn 0.3857 0.8209 0.4211
vn -0.0739 0.8265 0.5581
vn -0.4284 0.6928 0.5801
vn -0.1264 0.9849 0.1180
vn -0.1250 0.9845 0.1230
vn -0.1331 0.9831 0.1260
vn 0.7836 0.5640 0.2606
vn -0.8632 -0.5044 -0.0208
vn 0.2977 -0.9015 -0.3141
vn -0.9675 -0.2481 0.0492
vn 0.8301 0.4258 0.3600
vn -0.5369 0.8306 0.1482
vn -0.1343 0.9829 0.1259
vn -0.8454 -0.5311 -0.0570
vn 0.0677 0.9027 0.4250
vn 0.8102 0.4977 0.3095
vn 0.7158 0.6165 0.3281
vn -0.6780 0.1527 -0.7190
vn 0.3838 0.8837 0.2677
vn 0.3813 0.8831 0.2734
vn 0.3808 0.8831 0.2742
vn 0.6378 0.7494 0.1775
vn 0.0669 0.6696 0.7397
vn 0.1218 0.9049 0.4078
vn -0.1942 0.2491 -0.9488
vn -0.2007 0.2506 -0.9471
vn -0.2004 0.2496 -0.9474
vn 0.1181 0.9409 0.3173
vn 0.1220 0.9401 0.3183
vn 0.1164 0.9413 0.3168
vn -0.3309 0.8598 0.3890
vn -0.8590 0.5112 -0.0274
vn -0.1867 0.9601 -0.2081
vn -0.1872 0.9600 -0.2083
vn -0.1828 0.9614 -0.2055
vn -0.8982 0.1472 -0.4142
vn -0.9704 -0.2183 -0.1034
vn -0.9691 -0.2234 -0.1049
vn -0.9702 -0.2187 -0.1041
vn -0.8726 -0.4156 0.2566
vn -0.8714 -0.4207 0.2523
vn -0.8699 -0.4230 0.2535
vn -0.1739 0.9800 -0.0966
vn -0.1826 0.9771 -0.1096
vn -0.1313 0.9384 -0.3197
vn -0.0784 0.9415 0.3278
vn -0.1522 0.9844 -0.0885
vn -0.3827 0.2300 -0.8948
vn -0.9512 0.2887 -0.1087
vn -0.1575 0.9624 -0.2215
vn -0.1563 0.9625 -0.2216
vn -0.1478 0.9638 -0.2218
vn -0.5752 0.7072 0.4112
vn 0.1654 0.7171 0.6770
vn 0.5380 0.8054 0.2488
vn -0.1700 0.9840 0.0541
vn -0.1616 0.9855 0.0519
vn -0.1631 0.9852 0.0525
vn -0.9504 0.2811 -0.1327
vn -0.0966 0.9937 -0.0572
vn -0.1071 0.9943 0.0006
vn 0.2717 0.8506 0.4502
vn -0.2438 0.9328 0.2654
vn -0.3816 0.8862 0.2629
vn -0.0696 0.9902 -0.1207
vn -0.8677 -0.4863 0.1024
vn 0.6896 0.6207 0.3729
vn 0.7846 0.5962 0.1702
vn 0.7818 0.6023 0.1612
vn 0.7825 0.6014 0.1611
vn 0.8084 0.4530 0.3759
vn -0.7787 0.4406 -0.4467
vn 0.0530 0.9807 -0.1884
vn 0.0590 0.9815 -0.1820
vn 0.0608 0.9812 -0.1834
vn 0.3645 0.6997 -0.6144
vn 0.1012 0.8553 0.5081
vn -0.8375 -0.5462 -0.0163
vn -0.2683 0.9037 0.3337
vn -0.5459 0.7968 0.2592
vn -0.0268 0.8961 0.4429
vn -0.9908 -0.0088 -0.1348
vn -0.3722 0.8440 0.3862
vn -0.6993 -0.7059 -0.1126
vn -0.0690 0.8140 0.5768
vn 0.5614 0.3184 0.7639
vn 0.5485 0.7155 0.4327
vn -0.9561 -0.2703 0.1134
vn -0.4112 -0.0428 0.9105
vn -0.1961 0.2984 0.9341
vn -0.2032 0.3173 0.9263
vn -0.0976 0.9770 0.1896
vn -0.3945 0.7741 0.4951
vn -0.1058 0.5750 0.8112
vn 0.5528 0.8314 0.0567
vn -0.7759 -0.6232 -0.0984
vn 0.5524 0.7620 0.3380
vn -0.1585 -0.2245 0.9615
vn -0.3321 0.6325 0.6998
vn 0.3093 0.9079 0.2828
vn 0.3023 0.9082 0.2894
vn 0.3017 0.9083 0.2898
vn -0.4149 0.8209 0.3925
vn -0.3525 0.3665 0.8611
vn -0.8887 0.4013 -0.2219
vn 0.0181 -0.5278 -0.8491
vn 0.0526 0.0623 -0.9967
vn 0.1659 0.8826 0.4400
vn -0.2137 -0.2322 0.9489
vn 0.1373 0.1190 0.9834
vn -0.0910 0.5029 0.8595
vn 0.8973 0.2852 -0.3370
vn -0.9893 -0.1337 -0.0582
vn -0.9891 -0.1382 -0.0501
vn -0.9893 -0.1346 -0.0572
vn -0.2443 0.9662 -0.0822
vn -0.2419 0.9673 -0.0766
vn -0.2439 0.9664 -0.0810
vn 0.7826 0.6012 0.1614
vn -0.9963 -0.0390 -0.0765
vn -0.9837 0.0693 -0.1658
vn 0.7177 0.6185 0.3199
vn 0.0296 0.9993 0.0234
vn -0.0422 0.4647 0.8844
vn -0.1237 0.6411 0.7575
vn -0.0332 0.5914 0.8057
vn -0.7773 0.2892 0.5587
vn -0.3486 0.8549 0.3843
vn 0.4113 0.7458 0.5240
vn 0.3103 0.9079 0.2817
vn 0.0803 0.9924 -0.0936
vn -0.0989 0.8680 0.4866
vn -0.3789 -0.1716 0.9094
vn 0.2324 0.1361 0.9631
vn 0.0647 0.4497 0.8908
vn 0.1570 0.3597 -0.9198
vn 0.5252 -0.8454 0.0975
vn -0.9162 -0.3712 -0.1510
vn -0.9645 0.2414 -0.1072
vn -0.9469 0.1692 -0.2733
vn -0.9446 0.1707 -0.2803
vn -0.9450 0.1703 -0.2794
vn -0.9125 0.3114 -0.2653
vn 0.1510 -0.1433 -0.9781
vn -0.2532 0.1826 -0.9500
vn -0.2477 0.1836 -0.9513
vn -0.2482 0.1832 -0.9512
vn -0.3040 -0.2270 0.9252
vn 0.2861 0.2816 0.9159
vn -0.1021 0.7485 0.6552
vn -0.8408 0.0841 -0.5349
vn -0.9798 0.0332 -0.1973
vn 0.3553 0.1588 -0.9212
vn 0.3571 0.1590 -0.9204
vn 0.3495 0.1587 -0.9234
vn 0.0011 0.0720 0.9974
vn 0.0884 0.2290 0.9694
vn 0.1707 0.4855 0.8574
vn -0.0666 0.7010 0.7101
vn -0.1563 -0.4570 0.8756
vn 0.8559 0.1121 -0.5049
vn -0.1249 0.9601 0.2503
vn -0.9568 -0.1095 -0.2692
vn -0.1991 -0.4169 -0.8869
vn 0.0806 0.5648 0.8213
vn 0.9242 0.3285 -0.1949
vn 0.5317 -0.5390 -0.6533
vn -0.1240 -0.3835 -0.9152
vn -0.2130 0.9101 0.3554
vn 0.7010 -0.6930 -0.1685
vn 0.6986 -0.6940 -0.1744
vn 0.6986 -0.6936 -0.1757
vn 0.0949 -0.1038 0.9901
vn 0.0947 -0.1040 0.9901
vn 0.0946 -0.1035 0.9901
vn 0.1881 0.4385 0.8788
vn 0.5951 -0.4987 -0.6302
vn 0.9152 0.3980 -0.0637
vn 0.9153 0.3980 -0.0617
vn 0.9157 0.3973 -0.0597
vn 0.6656 -0.2791 -0.6922
vn 0.6808 0.4386 -0.5866
vn -0.2221 0.9744 0.0336
vn -0.0512 0.9887 0.1411
vn -0.3997 0.2792 0.8731
vn 0.0479 -0.4184 0.9070
vn 0.0969 -0.1047 0.9898
vn 0.0281 -0.3562 0.9340
vn 0.2196 0.5959 0.7724
vn 0.5130 -0.8575 -0.0400
vn 0.8246 -0.2510 -0.5070
vn 0.9811 0.0151 -0.1927
vn -0.6039 0.6216 -0.4989
vn -0.8931 0.1968 -0.4044
vn -0.7358 -0.6550 -0.1720
vn -0.7681 -0.6332 -0.0951
vn -0.3300 0.3011 0.8947
vn -0.2607 0.3635 0.8944
vn -0.1756 0.1518 0.9727
vn 0.1282 0.2868 0.9494
vn 0.2062 0.5249 0.8258
vn 0.2400 -0.2930 0.9255
vn 0.2371 0.4240 0.8741
vn 0.9869 0.1581 -0.0303
vn -0.9363 0.3439 0.0714
vn -0.9371 0.3422 0.0697
vn -0.9369 0.3425 0.0700
vn -0.7139 -0.1261 -0.6888
vn 0.0203 0.9217 -0.3873
vn 0.0045 0.8848 0.4659
vn -0.3260 0.3835 0.8641
vn 0.9172 -0.3776 -0.1271
vn -0.0711 -0.7688 0.6356
vn 0.0252 0.6469 0.7621
vn 0.8836 -0.4090 0.2277
vn -0.9997 0.0134 0.0212
vn -0.9997 0.0131 0.0202
vn -0.9997 0.0132 0.0210
vn 0.0869 -0.7114 -0.6974
vn 0.0867 -0.7112 -0.6976
vn 0.0871 -0.7124 -0.6963
vn 0.9567 0.2909 0.0099
vn -0.9997 0.0094 0.0236
vn 0.9902 0.1326 0.0443
vn 0.9900 0.1362 0.0359
vn 0.9903 0.1321 0.0436
vn -0.7211 -0.6916 0.0410
vn -0.3349 0.8728 0.3551
vn -0.2273 0.9526 -0.2024
vn -0.2270 0.9528 -0.2015
vn -0.2280 0.9517 -0.2055
vn -0.8898 -0.4541 0.0454
vn 0.1786 0.9585 -0.2222
vn -0.3070 0.3372 0.8899
vn 0.0220 -0.9970 0.0745
vn 0.0210 -0.9970 0.0749
vn 0.0168 -0.9970 0.0758
vn 0.1785 -0.4166 0.8914
vn 0.0134 -0.8379 0.5456
vn -0.0522 -0.7661 0.6406
vn 0.1616 -0.0171 0.9867
vn 0.9793 0.1296 -0.1557
vn 0.8140 -0.2940 -0.5009
vn 0.8585 -0.4303 -0.2791
vn 0.6873 -0.5284 -0.4984
vn -0.0347 0.9970 0.0697
vn -0.4615 0.1785 0.8690
vn 0.0488 0.1086 0.9929
vn 0.2483 0.7073 0.6619
vn 0.1982 0.3559 0.9133
vn 0.1984 0.3556 0.9133
vn 0.2008 0.3524 0.9140
vn 0.1919 -0.0791 0.9782
vn 0.5642 0.3782 0.7339
vn 0.9885 0.1076 -0.1059
vn 0.9269 -0.0730 -0.3681
vn 0.9281 -0.0789 -0.3640
vn 0.9267 -0.0718 -0.3690
vn -0.3032 0.9479 0.0981
vn -0.2412 0.9676 -0.0754
vn 0.0171 0.9080 0.4185
vn 0.0271 0.9102 0.4132
vn 0.0189 0.9084 0.4176
vn -0.1459 0.9642 -0.2217
vn 0.4279 0.9002 -0.0809
vn -0.3684 -0.3597 0.8572
vn -0.4125 -0.2066 0.8872
vn -0.2166 -0.0158 0.9761
vn -0.4060 0.2882 0.8672
vn -0.2298 0.1480 0.9619
vn -0.1701 0.2812 0.9444
vn -0.1701 0.2811 0.9445
vn -0.1694 0.2806 0.9448
vn 0.3379 0.4207 0.8419
vn 0.2390 0.5204 0.8198
vn 0.9394 -0.0102 -0.3427
vn -0.1588 -0.5270 0.8349
vn -0.2461 0.6209 0.7442
vn 0.2580 -0.2434 0.9350
vn 0.0625 -0.0327 0.9975
vn 0.4194 0.4296 0.7997
vn 0.4193 0.4325 0.7982
vn 0.4227 0.4290 0.7983
vn 0.0277 0.9105 0.4126
vn -0.1118 -0.0358 0.9931
vn 0.2485 -0.4503 0.8576
vn 0.7592 -0.2607 0.5964
vn -0.8060 -0.3610 0.4691
vn -0.8063 -0.3612 0.4685
vn 0.8628 0.4683 0.1903
vn -0.9897 0.0328 -0.1396
vn -0.4736 -0.2910 -0.8313
vn -0.0987 -0.3388 0.9357
vn -0.3174 -0.0252 0.9480
vn -0.1751 0.2794 0.9441
vn 0.3764 -0.2535 0.8911
vn -0.3639 -0.5143 -0.7766
vn -0.3425 0.2060 0.9167
vn 0.8634 -0.4738 0.1733
vn 0.7843 0.5058 0.3592
vn -0.2332 0.2639 0.9359
vn -0.3066 0.3541 0.8835
vn -0.1319 0.3472 0.9285
vn -0.1490 0.4360 0.8875
vn -0.2209 -0.1561 0.9627
vn 0.2020 -0.5384 0.8181
vn 0.5989 0.1967 -0.7763
vn -0.9594 0.0228 0.2810
vn -0.8856 0.4644 0.0034
vn -0.2567 0.8562 0.4483
vn 0.2327 -0.7349 -0.6370
vn -0.3045 -0.8781 -0.3691
vn -0.2043 -0.1662 0.9647
vn -0.1168 -0.3337 0.9354
vn -0.0619 -0.1482 0.9870
vn -0.0891 -0.1139 0.9895
vn -0.0516 -0.0626 0.9967
vn -0.1960 0.3209 0.9266
vn 0.2793 0.7206 0.6346
vn -0.2262 0.6571 0.7191
vn -0.2306 0.6564 0.7183
vn -0.2231 0.6575 0.7196
vn 0.9835 0.0480 -0.1745
vn 0.0213 0.5125 0.8584
vn 0.1980 0.3561 0.9132
vn -0.3194 0.8668 0.3829
vn -0.8756 -0.1572 -0.4567
vn -0.0015 -0.2572 0.9663
vn -0.0000 -0.1851 0.9827
vn -0.1322 0.2700 0.9537
vn 0.0823 0.2701 0.9593
vn 0.0035 0.4240 0.9057
vn 0.5523 -0.1475 0.8205
vn -0.0128 0.1559 0.9877
vn -0.6392 -0.2735 -0.7187
vn -0.1284 0.2977 0.9460
vn -0.1505 0.5919 0.7919
vn -0.5346 0.3161 -0.7838
vn 0.1169 -0.1460 0.9824
vn 0.3945 -0.5967 0.6988
vn -0.6771 -0.2220 0.7016
vn 0.3974 0.8839 0.2466
vn 0.5844 0.7253 0.3639
vn -0.3020 0.4366 -0.8474
vn -0.0720 -0.4194 0.9050
vn 0.0632 0.3284 0.9424
vn 0.0653 0.3319 0.9410
vn 0.0631 0.3286 0.9423
vn -0.0328 0.3822 0.9235
vn 0.0016 0.5207 0.8537
vn 0.0493 -0.1161 0.9920
vn 0.2274 0.1478 0.9625
vn 0.9807 -0.1767 -0.0832
vn 0.9798 -0.1765 -0.0941
vn 0.9799 -0.1766 -0.0933
vn 0.1100 0.6900 0.7154
vn -0.1646 -0.2942 0.9415
vn -0.1949 0.8559 0.4790
vn -0.1530 -0.8298 -0.5366
vn 0.0248 0.0570 -0.9981
vn -0.2868 -0.1895 0.9391
vn -0.3296 -0.0575 0.9424
vn 0.0660 0.3316 0.9411
vn -0.1578 0.4594 0.8741
vn -0.0831 -0.1865 0.9789
vn 0.0231 0.1636 0.9863
vn 0.9901 0.0221 0.1385
vn -0.1730 -0.1494 0.9735
vn -0.0268 0.5622 0.8266
vn 0.2819 0.7647 0.5795
vn 0.2233 0.0713 -0.9721
vn 0.1700 -0.9403 -0.2949
vn -0.0170 -0.5774 0.8163
vn -0.0571 -0.4026 0.9136
vn -0.1028 -0.3398 0.9349
vn -0.2700 0.0310 0.9623
vn -0.2402 -0.0643 0.9686
vn 0.1195 -0.1256 0.9849
vn 0.1221 -0.1264 0.9844
vn 0.1228 -0.1265 0.9843
vn 0.0863 -0.0840 0.9927
vn -0.0144 0.2166 0.9762
vn -0.0149 0.2170 0.9761
vn -0.0141 0.2166 0.9762
vn 0.0110 0.3381 0.9411
vn 0.1271 0.4529 0.8825
vn -0.0206 -0.5148 0.8571
vn -0.1706 0.2990 0.9389
vn 0.1534 0.2203 0.9633
vn 0.1538 0.2203 0.9632
vn 0.1526 0.2198 0.9635
vn -0.0978 0.5110 0.8540
vn 0.4388 -0.8980 0.0316
vn 0.4349 -0.9000 0.0275
vn 0.4394 -0.8977 0.0320
vn -0.2744 0.8575 0.4351
vn -0.3430 0.2684 -0.9002
vn 0.0421 -0.4185 0.9072
vn 0.1188 -0.1253 0.9850
vn 0.3328 0.3713 0.8668
vn -0.3056 -0.3525 0.8845
vn 0.2937 0.2767 0.9150
vn 0.0948 0.5610 0.8224
vn -0.2893 0.5694 0.7695
vn 0.1478 0.2486 0.9573
vn 0.0800 0.3390 0.9374
vn 0.0934 0.7360 0.6705
vn 0.7358 -0.6561 -0.1680
vn 0.3485 0.5347 0.7698
vn -0.5490 0.7407 -0.3872
vn 0.8041 0.4695 0.3646
vn -0.3286 -0.3962 0.8573
vn -0.6741 -0.0235 0.7382
vn -0.6663 -0.0265 0.7452
vn -0.6735 -0.0233 0.7388
vn 0.1138 -0.1640 0.9799
vn 0.1138 -0.1629 0.9801
vn 0.1136 -0.1631 0.9800
vn 0.1147 -0.1576 0.9808
vn -0.0707 0.1439 0.9871
vn -0.0302 0.1442 0.9891
vn -0.0160 0.2175 0.9759
vn 0.0699 0.2769 0.9584
vn 0.0668 0.3412 0.9376
vn -0.0199 0.6243 0.7809
vn 0.0977 0.5926 0.7996
vn -0.0241 0.5398 0.8414
vn -0.0606 -0.1117 0.9919
vn 0.0495 -0.1787 0.9827
vn 0.2646 0.4848 0.8336
vn -0.1320 -0.7332 0.6671
vn 0.1527 0.2195 0.9636
vn 0.8349 0.5136 0.1980
vn -0.1529 -0.3113 0.9379
vn 0.1191 0.4451 0.8875
vn 0.0906 0.4148 0.9054
vn 0.0967 0.4133 0.9054
vn 0.0897 0.4141 0.9058
vn 0.0280 0.5414 0.8403
vn 0.0944 -0.0453 0.9945
vn -0.0792 0.7686 0.6347
vn -0.0800 0.7680 0.6355
vn -0.0849 0.7749 0.6264
vn 0.1208 0.3742 0.9194
vn 0.0298 0.7806 0.6243
vn -0.0700 -0.2032 0.9766
vn 0.1492 -0.3848 0.9109
vn 0.0382 -0.2237 0.9739
vn -0.1169 0.1489 0.9819
vn 0.0214 0.1327 0.9909
vn 0.1423 0.3954 0.9074
vn 0.0451 0.4915 0.8697
vn 0.8723 -0.3499 -0.3416
vn 0.1999 0.2140 0.9562
vn 0.1076 0.2721 0.9562
vn 0.9916 0.0526 0.1184
vn 0.2928 0.6392 0.7111
vn 0.9041 0.1354 0.4053
vn 0.2680 -0.9282 -0.2581
vn -0.0144 0.0549 0.9984
vn 0.0134 0.3018 0.9533
vn 0.0980 0.4129 0.9055
vn 0.0852 0.3759 0.9227
vn -0.2318 0.1626 0.9591
vn -0.1642 0.0725 0.9838
vn 0.1213 0.0408 0.9918
vn 0.3771 -0.3160 0.8706
vn -0.1244 0.3756 0.9184
vn -0.2409 0.8699 0.4305
vn -0.0819 0.9942 -0.0701
vn 0.1728 -0.7094 -0.6833
vn -0.9412 -0.1769 -0.2877
vn -0.1527 0.2697 0.9508
vn -0.0214 0.3920 0.9197
vn 0.1172 0.5184 0.8471
vn -0.0274 0.4129 0.9104
vn -0.0419 -0.7168 0.6960
vn -0.0476 -0.7131 0.6994
vn -0.0480 -0.7152 0.6972
vn 0.0270 -0.5082 0.8608
vn 0.0814 0.4879 0.8691
vn -0.0519 -0.4159 0.9079
vn -0.2217 0.6577 0.7199
vn 0.2932 0.3812 0.8768
vn -0.1457 0.7608 0.6324
vn -0.7690 0.4348 0.4687
vn 0.0616 0.9809 -0.1844
vn 0.0536 -0.4551 0.8888
vn 0.1067 -0.2260 0.9683
vn 0.2083 0.1691 0.9633
vn -0.0906 0.0540 0.9944
vn -0.2549 0.3025 0.9184
vn -0.0447 0.6155 0.7868
vn 0.4915 -0.8270 -0.2729
vn 0.1569 0.5868 0.7944
vn -0.3818 0.5288 0.7580
vn -0.3445 0.1127 0.9320
vn -0.1352 0.9906 0.0192
vn 0.2396 -0.1623 0.9572
vn 0.2403 -0.2575 0.9359
vn 0.3339 -0.0092 0.9426
vn 0.2963 0.0382 0.9543
vn -0.9680 0.2447 -0.0560
vn 0.3491 -0.7055 0.6168
vn -0.1517 0.6381 0.7548
vn 0.1497 0.6797 0.7181
vn -0.1764 0.8754 0.4500
vn 0.2599 -0.2806 0.9240
vn 0.3599 0.0696 0.9304
vn 0.3320 0.1581 0.9299
vn 0.3331 0.1594 0.9293
vn 0.3330 0.1594 0.9293
vn 0.3332 0.1598 0.9292
vn 0.3711 0.2844 0.8840
vn -0.3122 0.3526 0.8821
vn 0.4038 0.5372 0.7405
vn 0.3885 0.4894 -0.7807
vn 0.2449 0.1611 0.9561
vn 0.2525 0.4183 0.8725
vn -0.0744 -0.8661 -0.4942
vn 0.1778 0.5090 0.8422
vn 0.2130 0.4364 0.8742
vn 0.2029 0.4359 0.8768
vn 0.2112 0.4363 0.8746
vn -0.7543 0.2153 -0.6202
vn -0.7568 0.2157 -0.6170
vn -0.7545 0.2153 -0.6200
vn -0.0456 0.5889 0.8069
vn 0.1194 0.6467 0.7533
vn -0.1899 0.2950 0.9364
vn 0.3687 0.8528 0.3700
vn 0.4895 -0.1602 -0.8572
vn 0.1954 -0.0541 0.9792
vn 0.3890 -0.2011 0.8990
vn 0.0380 0.1233 0.9916
vn -0.1043 0.3658 0.9248
vn -0.0209 0.4734 0.8806
vn -0.0588 0.4894 0.8701
vn -0.0936 0.7323 0.6745
vn -0.0903 0.7344 0.6726
vn -0.0899 0.7344 0.6727
vn -0.1488 -0.7235 -0.6741
vn 0.2503 -0.8292 -0.4998
vn 0.5208 0.0796 0.8499
vn 0.5160 0.0819 0.8527
vn 0.5143 0.0827 0.8536
vn 0.2402 0.4753 0.8464
vn -0.8688 0.2974 -0.3959
vn -0.2385 -0.0575 0.9694
vn 0.0723 0.2115 0.9747
vn 0.0230 0.6513 0.7585
vn 0.0134 0.6065 0.7950
vn -0.0445 0.7037 0.7091
vn -0.0462 0.7027 0.7100
vn -0.0446 0.7041 0.7087
vn 0.8953 -0.2248 0.3845
vn 0.6134 -0.7749 -0.1526
vn -0.0291 0.3683 0.9293
vn 0.0186 -0.3432 0.9391
vn -0.9085 -0.0470 -0.4152
vn 0.0262 0.9987 -0.0433
vn -0.0379 0.9913 0.1263
vn -0.2394 -0.4170 0.8768
vn -0.0545 -0.1371 0.9891
vn -0.1157 0.1051 0.9877
vn 0.1427 -0.2392 0.9604
vn 0.0614 0.4956 0.8664
vn 0.1095 0.5764 0.8098
vn 0.4424 -0.8475 -0.2933
vn 0.1514 0.0549 0.9869
vn 0.1777 0.3422 0.9227
vn 0.2012 0.4358 0.8773
vn -0.1158 0.6255 0.7716
vn -0.9373 0.0959 0.3350
vn -0.3561 -0.1417 0.9237
vn 0.2333 -0.0112 0.9723
vn 0.4864 -0.2275 0.8436
vn 0.3867 0.0546 0.9206
vn 0.4244 0.1836 0.8867
vn 0.2966 0.2137 0.9308
vn 0.4217 0.2691 0.8659
vn -0.9973 0.0394 -0.0624
vn 0.9355 -0.3534 0.0072
vn 0.2617 0.0781 0.9620
vn -0.1339 0.8209 0.5552
vn -0.0654 -0.0099 0.9978
vn 0.2444 0.5194 0.8189
vn 0.0292 -0.2345 0.9717
vn -0.1927 -0.1475 0.9701
vn 0.0106 -0.1307 0.9914
vn 0.3166 0.0446 0.9475
vn 0.2301 0.0171 0.9730
vn 0.2623 0.0938 0.9604
vn 0.9965 -0.0593 0.0588
vn -0.5083 0.8538 0.1127
vn -0.0706 0.1125 0.9911
vn -0.0953 0.4555 0.8851
vn 0.0587 0.4422 0.8950
vn 0.0377 0.3209 0.9464
vn -0.0642 -0.1311 0.9893
vn -0.0223 -0.0767 0.9968
vn -0.3544 -0.0169 0.9349
vn -0.2875 0.0485 0.9566
vn -0.3155 0.0763 0.9459
vn 0.1177 0.2635 0.9575
vn 0.9888 0.1365 -0.0600
vn -0.1820 -0.1052 0.9777
vn -0.1691 0.5871 0.7917
vn 0.7718 -0.5586 -0.3038
vn 0.5214 -0.8367 0.1677
vn -0.0337 0.2492 0.9679
vn 0.1359 -0.1651 0.9769
vn -0.0696 0.0972 0.9928
vn -0.2885 -0.0926 0.9530
vn -0.2865 0.0842 0.9544
vn -0.1202 0.3656 0.9230
vn 0.3680 0.3656 0.8550
vn 0.3659 0.2756 0.8889
vn 0.0905 0.5797 0.8098
vn 0.1129 0.5863 0.8022
vn -0.0478 0.7227 0.6895
vn -0.4347 0.9002 0.0241
vn 0.0219 -0.4633 0.8859
vn 0.3189 0.2101 0.9242
vn -0.0861 0.6427 0.7613
vn -0.0043 0.6679 0.7442
vn -0.9943 0.0858 -0.0630
vn 0.3620 0.2321 0.9028
vn 0.3632 0.2309 0.9026
vn 0.3621 0.2346 0.9021
vn -0.0459 -0.1190 0.9918
vn -0.0107 -0.0229 0.9997
vn 0.9654 0.0011 -0.2606
vn 0.3503 0.1911 0.9170
vn 0.1377 -0.0993 0.9855
vn 0.0263 -0.1061 0.9940
vn 0.0413 -0.0890 0.9952
vn -0.0919 0.0529 0.9944
vn -0.0213 0.1067 0.9941
vn -0.1043 -0.2107 0.9720
vn -0.3567 0.1221 0.9262
vn -0.2481 0.3009 0.9208
vn -0.2419 0.3006 0.9226
vn -0.2430 0.3008 0.9222
vn -0.1026 0.4858 0.8680
vn -0.0485 0.4512 0.8911
vn -0.0336 0.5097 0.8597
vn 0.0871 0.6057 0.7909
vn 0.2563 -0.2557 0.9322
vn 0.9232 0.3735 0.0903
vn 0.6424 -0.7540 -0.1374
vn -0.8577 0.4427 -0.2613
vn 0.2399 0.4237 0.8735
vn 0.3671 -0.0650 0.9279
vn 0.2602 -0.2171 0.9408
vn 0.2598 -0.2177 0.9408
vn 0.2600 -0.2172 0.9409
vn 0.2711 -0.1958 0.9424
vn 0.1103 -0.1888 0.9758
vn 0.2729 -0.1866 0.9438
vn -0.2218 0.5149 0.8281
vn 0.0833 0.5525 0.8294
vn 0.0397 0.0434 0.9983
vn 0.2940 0.1686 0.9408
vn 0.2112 -0.1338 0.9682
vn 0.2104 -0.1344 0.9683
vn 0.2097 -0.1354 0.9683
vn 0.7355 -0.2829 0.6156
vn -0.1423 0.2658 0.9535
vn -0.1429 0.2662 0.9533
vn -0.1429 0.2752 0.9507
vn 0.2564 0.0669 0.9642
vn 0.1413 -0.0636 0.9879
vn 0.2512 -0.0760 0.9650
vn 0.2705 0.1028 0.9572
vn -0.1249 -0.2044 0.9709
vn -0.2284 0.4711 0.8520
vn 0.0295 0.5721 0.8197
vn -0.0565 -0.1573 0.9859
vn 0.2412 -0.5463 0.8021
vn 0.1242 0.4932 0.8610
vn 0.6158 0.4196 0.6669
vn -0.3269 -0.0718 0.9423
vn 0.7483 -0.3050 0.5890
vn 0.6333 0.7693 0.0843
vn 0.2540 -0.2073 0.9447
vn 0.3918 -0.1746 0.9033
vn 0.3952 -0.0809 0.9150
vn 0.4323 -0.2445 0.8679
vn 0.2757 -0.0616 0.9593
vn -0.1365 -0.4343 0.8904
vn -0.0082 0.6647 0.7471
vn 0.0058 0.3061 0.9520
vn 0.4571 -0.1791 0.8712
vn -0.0689 -0.1727 0.9826
vn -0.2045 0.4918 0.8464
vn -0.0394 0.5656 0.8237
vn 0.0838 0.6271 0.7744
vn 0.0831 0.6267 0.7749
vn 0.0828 0.6250 0.7762
vn 0.1985 0.7825 0.5901
vn 0.1418 0.0618 0.9880
vn -0.0289 0.4760 0.8790
vn 0.3065 -0.9067 -0.2899
vn 0.1939 0.6652 0.7210
vn -0.8675 -0.4946 -0.0533
vn -0.0425 0.9715 0.2331
vn -0.0596 0.9626 0.2644
vn 0.3348 0.0672 0.9399
vn 0.4116 -0.1938 0.8905
vn 0.4167 -0.0994 0.9036
vn 0.2176 -0.0455 0.9750
vn -0.0530 -0.1410 0.9886
vn -0.1356 0.1796 0.9744
vn -0.2490 0.3007 0.9206
vn -0.8596 -0.4055 -0.3110
vn -0.9549 0.2326 -0.1845
vn 0.4071 -0.1778 0.8959
vn -0.0715 -0.1038 0.9920
vn -0.1316 -0.1702 0.9766
vn -0.1825 -0.0495 0.9820
vn -0.1715 0.4147 0.8937
vn -0.1827 0.4527 0.8728
vn 0.1310 0.4987 0.8569
vn 0.0886 0.2469 0.9650
vn 0.7324 -0.5800 -0.3565
vn -0.9629 -0.2407 -0.1217
vn 0.3481 -0.1623 0.9233
vn 0.3215 -0.2268 0.9194
vn 0.2691 -0.1124 0.9565
vn -0.0967 -0.3065 0.9469
vn -0.0281 -0.1324 0.9908
vn -0.4035 -0.2585 0.8777
vn -0.0952 -0.0827 0.9920
vn -0.4173 -0.4163 0.8078
vn -0.0435 -0.1890 0.9810
vn 0.2263 0.2937 0.9287
vn -0.1625 0.4864 0.8585
vn -0.0875 0.6079 0.7892
vn 0.9880 0.1411 0.0628
vn 0.3822 -0.4118 0.8272
vn 0.5205 -0.1043 0.8475
vn -0.0152 0.0489 0.9987
vn 0.6349 0.1170 0.7637
vn -0.8938 -0.0811 0.4412
vn -0.0396 -0.1505 0.9878
vn 0.8857 0.1924 -0.4225
vn 0.2676 0.2702 0.9249
vn -0.0857 0.7747 0.6265
vn 0.0740 0.3560 0.9316
vn 0.0168 0.4004 0.9162
vn -0.8869 0.2038 -0.4146
vn -0.6886 -0.7135 -0.1298
vn 0.1605 0.9846 0.0697
vn 0.1208 -0.1616 0.9794
vn -0.0302 -0.1040 0.9941
vn 0.0932 -0.2045 0.9744
vn 0.3924 0.9007 -0.1862
vn 0.3971 0.8962 -0.1980
vn 0.3922 0.9007 -0.1866
vn -0.3005 0.9418 0.1509
vn 0.2562 0.2197 0.9413
vn 0.8137 0.4857 -0.3193
vn 0.1631 0.7399 0.6527
vn 0.1435 -0.0941 0.9852
vn -0.0492 0.2822 0.9581
vn -0.3535 -0.4830 -0.8011
vn -0.3694 0.8738 0.3163
vn 0.9941 0.0756 0.0782
vn 0.9940 0.0832 0.0710
vn 0.9941 0.0769 0.0770
vn 0.7231 -0.6548 -0.2197
vn -0.4453 0.7783 0.4426
vn -0.4161 -0.2564 0.8724
vn -0.4377 -0.2773 0.8553
vn -0.2295 0.2114 0.9501
vn -0.1490 0.4918 0.8579
vn -0.2546 0.5160 0.8179
vn -0.2082 0.6121 0.7628
vn -0.2374 0.7002 -0.6733
vn 0.1277 -0.1112 0.9856
vn 0.0138 0.0696 -0.9975
vn 0.2506 0.5843 0.7719
vn 0.0627 -0.4421 0.8948
vn 0.9122 -0.3811 -0.1502
vn 0.9120 -0.3816 -0.1504
vn 0.9126 -0.3807 -0.1490
vn -0.7057 -0.0682 0.7053
vn -0.8448 -0.2147 0.4901
vn -0.9693 -0.1774 0.1703
vn -0.0140 0.7805 0.6250
vn 0.7109 -0.0870 0.6979
vn -0.1122 -0.1495 0.9824
vn 0.0488 0.2785 0.9592
vn -0.2941 0.5138 0.8059
vn -0.1499 0.6639 0.7326
vn -0.1338 0.7401 0.6591
vn 0.2433 0.3115 0.9186
vn 0.2258 0.1736 0.9586
vn -0.1436 0.0587 0.9879
vn -0.0039 0.3070 0.9517
vn 0.1441 0.1339 0.9805
vn -0.1748 0.8840 0.4335
vn -0.1843 -0.4777 -0.8589
vn -0.2100 -0.4705 -0.8570
vn -0.2083 -0.4752 -0.8549
vn -0.2078 -0.4769 -0.8540
vn -0.1628 0.7151 0.6798
vn 0.0316 0.8897 0.4555
vn 0.3310 0.9435 -0.0128
vn -0.0472 0.2431 0.9689
vn -0.1651 0.0055 0.9863
vn -0.1651 0.0051 0.9863
vn -0.1667 0.0042 0.9860
vn -0.1112 0.3328 0.9364
vn -0.3402 0.5921 0.7305
vn 0.3038 0.3094 0.9011
vn 0.1959 0.0508 0.9793
vn 0.0829 0.6246 0.7765
vn 0.0827 0.6254 0.7759
vn 0.1693 0.0145 0.9855
vn -0.0630 -0.0643 0.9959
vn 0.2110 0.1524 0.9655
vn -0.3284 0.5323 0.7803
vn -0.1471 0.9066 0.3956
vn -0.1553 0.8381 0.5230
vn 0.4458 0.8442 0.2976
vn 0.4958 0.4152 0.7628
vn -0.2565 0.3178 0.9128
vn 0.9682 0.0968 -0.2306
vn 0.1553 -0.8604 -0.4855
vn 0.7714 -0.2700 0.5763
vn 0.7777 -0.2668 0.5692
vn 0.7716 -0.2700 0.5759
vn 0.6016 0.3719 0.7070
vn -0.1217 0.7581 0.6407
vn -0.3385 0.5758 0.7443
vn -0.1432 0.4461 0.8835
vn -0.1734 0.7428 0.6467
vn -0.1460 0.8733 0.4648
vn -0.0264 0.3339 0.9423
vn 0.2369 0.9689 -0.0713
vn -0.9799 0.0160 -0.1988
vn -0.9593 0.2612 -0.1073
vn 0.2567 0.8401 0.4779
vn 0.8245 0.2936 0.4837
vn -0.1267 0.2395 0.9626
vn 0.2219 -0.2075 0.9528
vn 0.0616 0.2653 0.9622
vn 0.3191 0.0107 0.9477
vn 0.4778 0.7469 0.4624
vn 0.4697 0.7510 0.4641
vn 0.4771 0.7471 0.4629
vn 0.9887 -0.1490 -0.0164
vn 0.9886 -0.1497 -0.0164
vn 0.9881 -0.1532 -0.0142
vn 0.0190 0.8155 0.5785
vn -0.9688 0.1237 -0.2146
vn -0.1866 0.4351 0.8808
vn -0.3090 0.4983 0.8101
vn 0.7877 0.1570 -0.5957
vn -0.0817 0.4589 0.8847
vn 0.6352 0.2712 0.7232
vn 0.1973 0.4810 0.8542
vn 0.7736 0.2450 -0.5844
vn -0.5519 0.5612 0.6169
vn -0.7390 -0.1575 0.6550
vn 0.2457 0.9547 -0.1679
vn 0.2571 0.9653 -0.0452
vn -0.3836 -0.4706 -0.7946
vn 0.5933 0.7550 0.2793
vn 0.4527 0.6503 0.6101
vn 0.4527 0.6571 0.6028
vn 0.4549 0.6490 0.6098
vn 0.0207 0.2502 0.9680
vn 0.0109 0.2556 0.9667
vn 0.0117 0.2548 0.9669
vn -0.0097 -0.0821 0.9966
vn 0.9475 -0.3137 0.0624
vn 0.1934 0.7269 0.6589
vn 0.1385 0.8868 0.4408
vn -0.4302 0.8191 0.3796
vn -0.8736 0.4864 0.0166
vn 0.0204 0.7852 0.6189
vn 0.3914 0.9012 -0.1862
vn -0.2841 0.9490 -0.1370
vn 0.3876 -0.8940 -0.2247
vn 0.0187 0.2834 0.9588
vn -0.0466 0.4105 0.9107
vn -0.3766 0.6211 0.6873
vn -0.3596 0.6183 0.6988
vn -0.4024 0.3174 -0.8587
vn 0.2111 -0.1334 0.9683
vn 0.2275 0.0759 0.9708
vn 0.2598 0.6825 0.6832
vn 0.2419 0.6638 0.7077
vn -0.0572 0.6854 0.7259
vn -0.0695 0.3656 0.9282
vn -0.6080 -0.0975 0.7879
vn -0.2585 0.9609 0.0990
vn 0.1711 0.9810 0.0914
vn 0.1082 -0.9148 -0.3891
vn -0.4361 -0.1136 0.8927
vn -0.1202 0.5930 0.7962
vn -0.0448 0.4640 0.8847
vn -0.1456 -0.0785 0.9862
vn 0.2519 0.4650 0.8487
vn 0.3977 0.9159 0.0537
vn -0.2549 0.2809 0.9253
vn -0.2544 0.2802 0.9256
vn -0.2571 0.2702 0.9278
vn 0.0910 0.8389 0.5367
vn 0.0508 0.2611 0.9640
vn -0.1895 0.5096 0.8393
vn -0.2391 0.6388 0.7312
vn 0.6292 -0.0742 -0.7737
vn 0.0087 0.5649 0.8251
vn 0.2842 -0.1696 0.9436
vn -0.4920 0.8690 0.0528
vn -0.5783 -0.2750 0.7681
vn 0.0724 0.9804 0.1830
vn 0.0783 0.9592 0.2715
vn 0.0813 0.9599 0.2682
vn 0.0810 0.9598 0.2687
vn -0.2343 -0.2306 0.9444
vn -0.1923 -0.2233 0.9556
vn -0.0689 0.1680 0.9834
vn 0.4020 0.9148 -0.0397
vn 0.9313 0.0111 -0.3641
vn 0.2042 0.6529 0.7294
vn 0.2195 0.0035 0.9756
vn 0.2148 0.0836 0.9731
vn -0.6691 -0.3237 0.6690
vn -0.2502 -0.2506 0.9352
vn -0.2514 -0.2480 0.9356
vn -0.2492 -0.2508 0.9354
vn -0.2582 0.2699 0.9276
vn -0.3732 0.4211 0.8267
vn 0.2413 0.9268 0.2877
vn -0.0164 -0.9778 0.2088
vn -0.0198 -0.9783 0.2063
vn -0.0163 -0.9775 0.2103
vn -0.0050 0.1518 0.9884
vn -0.1889 0.3175 0.9292
vn -0.3589 0.5519 0.7527
vn -0.2656 0.7732 0.5759
vn 0.0168 -0.5796 0.8147
vn -0.1339 0.0547 0.9895
vn 0.1594 0.1122 0.9808
vn 0.1401 -0.0503 0.9889
vn -0.3594 -0.4414 0.8222
vn 0.1689 0.7045 0.6893
vn -0.5380 -0.2131 0.8155
vn -0.1802 -0.2822 0.9423
vn -0.2510 -0.2472 0.9359
vn -0.1838 -0.2286 0.9560
vn -0.1472 -0.0844 0.9855
vn 0.3641 -0.3068 0.8794
vn 0.2889 0.1384 0.9473
vn -0.1868 0.2518 0.9496
vn -0.3200 0.5877 0.7431
vn -0.8745 0.1028 -0.4740
vn 0.3437 0.9375 0.0547
vn -0.2638 0.5425 0.7975
vn -0.3868 0.7161 0.5810
vn 0.5952 -0.7728 -0.2205
vn 0.9254 -0.1256 -0.3577
vn -0.1180 0.5227 0.8443
vn -0.1307 -0.5746 0.8079
vn 0.1945 -0.2708 0.9428
vn -0.1201 0.0043 0.9928
vn 0.0476 0.3394 0.9394
vn -0.2669 0.5142 0.8151
vn 0.2752 -0.2549 0.9270
vn 0.2228 0.2939 0.9295
vn -0.0680 0.1242 0.9899
vn 0.1805 0.6425 0.7447
vn -0.4100 -0.4799 0.7756
vn -0.3721 -0.3725 0.8502
vn 0.5529 -0.7718 -0.3141
vn 0.1985 -0.2105 0.9572
vn -0.3310 -0.3252 0.8858
vn -0.3352 -0.3241 0.8846
vn -0.3308 -0.3252 0.8859
vn -0.2651 -0.0954 0.9595
vn -0.1556 0.0497 0.9866
vn -0.0694 0.1105 0.9915
vn 0.0841 0.8257 0.5578
vn -0.2084 0.1663 0.9638
vn -0.1393 0.2140 0.9669
vn -0.1540 0.4316 0.8889
vn -0.2499 0.4459 0.8595
vn -0.2797 0.8149 0.5076
vn 0.2796 0.4840 0.8292
vn -0.0150 0.5393 0.8420
vn -0.1187 0.2842 0.9514
vn -0.3456 -0.3645 0.8647
vn -0.3432 -0.3227 0.8821
vn -0.2376 -0.1316 0.9624
vn -0.3326 -0.3242 0.8856
vn -0.1970 -0.2243 0.9544
vn -0.1962 -0.1645 0.9667
vn -0.1095 0.3108 0.9441
vn -0.1353 0.5738 0.8078
vn 0.9920 0.0879 -0.0908
vn 0.0479 0.1158 0.9921
vn -0.2289 0.8202 0.5243
vn 0.3480 -0.3331 0.8763
vn -0.0906 -0.1492 0.9846
vn -0.0341 0.0775 0.9964
vn 0.0731 0.5328 0.8431
vn 0.7085 -0.6513 -0.2719
vn -0.2343 -0.4182 0.8776
vn -0.2307 -0.4160 0.8796
vn -0.2340 -0.4179 0.8778
vn 0.0778 0.9593 0.2715
vn 0.2462 0.9635 0.1053
vn 0.0527 0.1427 0.9884
vn 0.0596 0.1617 0.9850
vn 0.9459 0.2752 -0.1719
vn 0.9465 0.2745 -0.1696
vn 0.9466 0.2744 -0.1695
vn 0.0152 0.2085 0.9779
vn -0.0340 0.0446 0.9984
vn -0.1822 0.2222 0.9578
vn -0.1745 0.7015 0.6909
vn -0.9854 -0.1380 -0.0997
vn 0.2837 0.5790 0.7644
vn -0.2906 -0.2651 -0.9194
vn -0.1494 0.5608 0.8144
vn -0.1427 0.4731 0.8694
vn -0.1411 0.4749 0.8687
vn -0.1412 0.4751 0.8685
vn -0.1539 0.5501 0.8208
vn -0.1255 0.5846 0.8015
vn -0.1254 0.5846 0.8015
vn -0.1303 0.5848 0.8006
vn -0.0486 -0.4170 0.9076
vn -0.0410 -0.7164 0.6965
vn -0.0162 0.1718 0.9850
vn 0.0517 0.6513 0.7570
vn 0.0710 0.0374 0.9968
vn -0.1083 -0.6667 0.7374
vn -0.1530 0.9835 0.0965
vn -0.2325 -0.0621 0.9706
vn -0.2133 -0.0305 0.9765
vn -0.3316 -0.1349 0.9337
vn -0.0670 -0.1142 0.9912
vn -0.0644 0.0679 0.9956
vn -0.0291 0.1767 0.9838
vn -0.3303 -0.0778 0.9406
vn -0.1431 0.4732 0.8693
vn 0.8628 -0.2217 -0.4543
vn 0.1950 -0.0196 0.9806
vn 0.1880 -0.0912 0.9779
vn -0.1333 -0.6914 0.7100
vn -0.3806 -0.3337 0.8624
vn -0.3364 -0.3244 0.8841
vn -0.3236 -0.1752 0.9298
vn -0.0417 0.0520 0.9978
vn -0.1043 0.1453 0.9839
vn -0.1031 0.1433 0.9843
vn -0.1022 0.1410 0.9847
vn -0.1040 0.1456 0.9839
vn -0.0462 0.5065 0.8610
vn -0.1870 0.8688 0.4585
vn -0.0606 0.3278 0.9428
vn -0.1494 0.7560 0.6373
vn -0.1548 0.7797 0.6067
vn 0.2860 0.3074 0.9076
vn 0.3218 0.3103 0.8945
vn -0.2109 -0.0482 0.9763
vn 0.2539 0.0350 0.9666
vn -0.0166 0.3352 0.9420
vn 0.5930 0.0128 -0.8051
vn -0.0311 0.9566 0.2898
vn -0.0317 0.9565 0.2901
vn -0.0269 0.9562 0.2915
vn -0.1252 0.5845 0.8017
vn 0.9110 0.2012 -0.3599
vn 0.3008 0.1309 0.9447
vn -0.1016 -0.6904 0.7162
vn -0.2275 -0.4140 0.8814
vn 0.0147 -0.4630 0.8862
vn -0.0488 -0.1350 0.9896
vn -0.1955 -0.4729 0.8592
vn 0.2121 0.1802 0.9605
vn 0.0107 -0.9601 -0.2795
vn 0.0845 0.0977 0.9916
vn -0.2964 -0.0522 0.9536
vn 0.0450 -0.4237 0.9047
vn -0.2740 -0.1155 0.9548
vn -0.1916 0.0282 0.9811
vn -0.1877 0.0675 0.9799
vn -0.0260 0.1423 0.9895
vn -0.9579 0.2869 0.0125
vn -0.9602 0.2786 0.0191
vn -0.9580 0.2864 0.0112
vn 0.1499 0.2125 0.9656
vn 0.0657 0.2081 0.9759
vn 0.3804 -0.0864 0.9208
vn 0.3792 -0.0836 0.9215
vn 0.3782 -0.0816 0.9221
vn 0.7781 -0.2665 0.5688
vn 0.3779 -0.0807 0.9223
vn -0.3411 0.8050 0.4853
vn 0.4841 0.4105 0.7728
vn 0.4837 -0.2852 0.8275
vn 0.4067 -0.3183 0.8563
vn 0.1699 -0.7887 0.5909
vn 0.4385 0.3837 0.8127
vn 0.3579 -0.1867 -0.9149
vn 0.4366 0.2367 0.8680
vn 0.3156 -0.3226 0.8924
vn 0.5544 -0.0751 0.8289
vn 0.8221 -0.1490 0.5495
vn 0.9746 0.0328 -0.2217
vn 0.2260 0.1987 0.9537
vn 0.7265 -0.0178 0.6870
vn 0.5731 -0.2552 0.7787
vn 0.5772 -0.2534 0.7763
vn 0.5737 -0.2554 0.7782
vn -0.0939 -0.5213 -0.8482
vn -0.0942 -0.5213 -0.8481
vn -0.0966 -0.5214 -0.8478
vn 0.4022 -0.5396 0.7397
vn 0.5227 0.0789 0.8488
vn 0.3146 0.3106 0.8970
vn 0.5248 -0.7965 -0.3002
vn 0.6297 -0.3911 -0.6712
vn 0.9206 0.1185 -0.3722
vn 0.1571 0.7922 0.5896
vn 0.4873 -0.2898 0.8238
vn 0.9255 0.3272 0.1906
vn -0.2417 0.7201 -0.6504
vn 0.4245 0.3181 0.8477
vn 0.2567 0.4111 0.8747
vn 0.5528 -0.3106 0.7732
vn 0.9110 -0.1017 0.3997
vn -0.0030 -0.6745 0.7383
vn 0.4641 0.3310 0.8216
vn 0.5221 0.2799 0.8056
vn 0.8081 0.4863 -0.3322
vn 0.5750 0.3422 0.7431
vn -0.9344 0.2665 0.2364
vn 0.2360 0.4427 0.8651
vn 0.2281 0.4404 0.8683
vn 0.2319 0.4412 0.8670
vn 0.4638 0.3260 0.8238
vn 0.3366 -0.1858 0.9231
vn 0.3353 -0.1867 0.9234
vn 0.3352 -0.1872 0.9234
vn 0.1638 0.7406 0.6517
vn 0.2090 -0.7106 0.6718
vn 0.2116 -0.7106 0.6710
vn 0.2092 -0.7106 0.6718
vn -0.0686 -0.6219 -0.7801
vn 0.6413 -0.5086 0.5745
vn -0.6563 -0.7376 -0.1587
vn 0.6472 0.0848 0.7576
vn 0.7602 0.3290 0.5603
vn 0.3562 0.3273 0.8752
vn 0.5927 -0.1100 0.7979
vn 0.4597 0.4513 0.7649
vn 0.6691 -0.5390 0.5117
vn 0.6968 -0.3605 0.6201
vn 0.5841 0.2974 0.7552
vn 0.0220 0.9063 0.4221
vn 0.7853 0.0346 0.6182
vn 0.7353 0.1880 0.6511
vn 0.9583 0.0428 0.2824
vn 0.5487 -0.7074 0.4456
vn 0.8520 -0.1026 0.5134
vn 0.8481 -0.1538 0.5070
vn 0.7974 0.2273 0.5590
vn 0.6893 0.3792 0.6173
vn 0.6866 0.3994 0.6075
vn 0.7897 -0.1678 0.5901
vn 0.7455 -0.0356 0.6656
vn 0.7520 -0.1165 0.6488
vn 0.7899 0.3393 0.5108
vn 0.2276 0.4398 0.8688
vn -0.1214 0.2213 -0.9676
vn 0.5452 -0.7787 0.3104
vn 0.7400 -0.5561 0.3783
vn 0.7851 0.1829 0.5917
vn 0.9507 -0.2393 -0.1973
vn 0.6803 0.2929 0.6719
vn 0.7735 -0.0517 0.6317
vn 0.6942 0.0837 0.7149
vn 0.4213 0.2282 0.8777
vn 0.4956 0.4628 0.7350
vn 0.7081 -0.6197 0.3384
vn 0.8694 -0.3447 0.3541
vn 0.7708 0.4094 0.4881
vn 0.6577 -0.0954 0.7472
vn 0.8038 -0.0648 0.5914
vn 0.8340 0.2112 0.5098
vn 0.7722 0.0936 0.6284
vn 0.0570 0.2949 -0.9538
vn 0.0655 0.2887 -0.9552
vn 0.0575 0.2944 -0.9539
vn 0.5775 -0.2528 0.7763
vn 0.3861 -0.0454 0.9213
vn 0.8087 0.2697 0.5228
vn 0.4899 -0.0074 0.8717
vn 0.8841 -0.0826 0.4600
vn 0.7757 0.3731 0.5090
vn 0.8998 0.0798 0.4290
vn 0.3073 0.3014 0.9026
vn 0.5039 -0.2955 0.8117
vn 0.6288 -0.5151 0.5825
vn 0.4906 0.3734 0.7873
vn 0.4649 -0.8295 0.3096
vn 0.2700 -0.1783 0.9462
vn 0.8403 0.3257 0.4333
vn 0.8428 -0.0052 0.5382
vn 0.8425 -0.0039 0.5387
vn 0.6930 -0.6117 0.3816
vn 0.8789 0.0650 0.4726
vn -0.1309 0.3006 -0.9447
vn 0.8693 -0.0838 0.4871
vn 0.4840 -0.4521 0.7492
vn 0.5910 -0.1730 0.7879
vn 0.5104 0.2075 0.8345
vn 0.5356 0.1252 0.8351
vn 0.6050 -0.3574 0.7115
vn 0.5163 -0.6993 -0.4943
vn 0.7741 -0.4106 0.4819
vn 0.6651 -0.5412 0.5145
vn 0.7912 0.0414 0.6102
vn 0.4930 0.3087 0.8134
vn 0.5761 0.4357 0.6916
vn 0.5947 0.4082 0.6926
vn 0.6296 0.4750 0.6148
vn 0.7489 0.2672 0.6065
vn 0.8272 -0.1375 0.5449
vn 0.8180 0.0604 0.5721
vn 0.5279 -0.4583 0.7151
vn 0.8377 -0.1910 0.5116
vn 0.6362 -0.6760 -0.3719
vn 0.4433 -0.1878 0.8765
vn 0.7259 -0.5843 0.3629
vn 0.3755 -0.1351 0.9169
vn -0.0755 0.1723 -0.9821
vn 0.5069 0.6052 0.6139
vn 0.2872 0.2337 0.9289
vn 0.5313 -0.2417 0.8120
vn 0.5557 0.2643 0.7882
vn -0.2033 0.7611 0.6159
vn 0.0147 0.1615 0.9868
vn 0.0860 0.0908 0.9922
vn 0.5274 -0.6529 -0.5437
vn -0.7568 -0.3227 -0.5684
vn 0.4648 0.4861 0.7401
vn -0.0077 0.1693 0.9855
vn 0.4280 -0.0273 0.9034
vn 0.5591 -0.7572 0.3377
vn 0.5667 0.5051 0.6509
vn -0.0933 -0.7274 -0.6799
vn 0.4340 -0.4722 0.7673
vn 0.4305 -0.4788 0.7651
vn 0.4334 -0.4737 0.7667
vn 0.3580 -0.5185 0.7765
vn 0.4298 -0.4799 0.7649
vn 0.7177 -0.0400 0.6952
vn 0.3618 -0.6101 0.7049
vn 0.2788 0.6127 0.7395
vn 0.1916 0.4562 0.8690
vn 0.5808 0.2287 0.7813
vn 0.4151 0.4021 0.8161
vn 0.4507 0.1815 0.8740
vn 0.7295 -0.1390 0.6697
vn 0.6896 -0.3650 0.6255
vn 0.6293 -0.1955 0.7521
vn 0.5408 0.1919 0.8190
vn 0.4715 -0.8614 -0.1888
vn 0.4633 -0.7570 0.4608
vn 0.2847 0.6565 0.6985
vn 0.4036 -0.4969 0.7682
vn 0.5630 -0.2671 0.7821
vn 0.5627 -0.2639 0.7834
vn 0.5626 -0.2667 0.7825
vn 0.5632 -0.2634 0.7832
vn 0.4857 0.4387 0.7561
vn 0.4091 0.4366 0.8013
vn 0.5273 0.3724 0.7637
vn 0.2883 0.6349 0.7168
vn 0.4615 0.4974 0.7346
vn 0.5959 0.2164 0.7734
vn 0.5413 0.3040 0.7840
vn 0.6091 0.1685 0.7750
vn 0.7809 -0.0211 0.6243
vn 0.7782 -0.0044 0.6280
vn 0.7738 0.3123 -0.5512
vn 0.0927 -0.7255 -0.6820
vn 0.6334 -0.1668 0.7557
vn 0.6388 0.1213 0.7598
vn 0.8382 -0.0836 0.5389
vn -0.1066 -0.6399 0.7610
vn 0.3714 0.2612 0.8910
vn 0.1947 0.4986 0.8447
vn 0.2639 0.3030 0.9157
vn 0.2631 0.3029 0.9160
vn 0.2575 0.2968 0.9196
vn 0.5021 -0.7847 0.3635
vn 0.2303 0.7522 0.6173
vn 0.2293 0.7510 0.6192
vn 0.2302 0.7527 0.6168
vn 0.8780 0.4577 0.1402
vn 0.7103 0.2580 0.6549
vn 0.5965 0.4404 0.6711
vn 0.5777 -0.7984 -0.1698
vn 0.3316 0.6075 0.7217
vn 0.6486 0.0961 0.7550
vn 0.9101 -0.4065 -0.0802
vn 0.9102 -0.4060 -0.0816
vn 0.9099 -0.4067 -0.0816
vn 0.4305 0.2015 0.8798
vn 0.4295 0.1992 0.8808
vn 0.4292 0.1988 0.8810
vn 0.3030 -0.0528 0.9515
vn 0.6727 -0.5309 0.5154
vn 0.5665 0.4499 0.6904
vn 0.7079 -0.1314 0.6940
vn 0.0593 -0.9702 0.2349
vn 0.7471 -0.6027 -0.2804
vn 0.4490 0.2904 0.8450
vn 0.3161 0.6208 0.7174
vn 0.5054 0.3167 0.8027
vn 0.9149 0.3986 -0.0635
vn 0.5988 -0.2862 0.7480
vn -0.3416 0.3267 -0.8812
vn -0.3360 0.3213 -0.8853
vn -0.3371 0.3221 -0.8846
vn 0.4551 0.0814 0.8867
vn 0.6707 0.2559 0.6962
vn 0.7825 0.1177 0.6115
vn 0.2913 0.0418 0.9557
vn 0.2922 0.0405 0.9555
vn 0.2922 0.0400 0.9555
vn 0.2893 0.0994 0.9521
vn 0.6698 0.2385 0.7033
vn 0.6706 0.2404 0.7018
vn 0.6698 0.2390 0.7030
vn 0.7447 -0.5035 0.4382
vn 0.6975 0.4494 0.5581
vn 0.7587 -0.1336 0.6376
vn 0.5387 -0.2006 0.8183
vn 0.6635 -0.2444 0.7071
vn 0.6671 -0.2394 0.7055
vn 0.6631 -0.2326 0.7114
vn 0.5876 -0.5394 0.6031
vn 0.5009 -0.0103 0.8655
vn 0.6654 -0.2997 0.6837
vn 0.4913 0.1884 0.8504
vn 0.7265 -0.1416 0.6724
vn 0.2910 0.0419 0.9558
vn 0.4527 -0.2832 0.8455
vn 0.8582 0.0210 0.5129
vn -0.3682 -0.9038 -0.2182
vn 0.5288 -0.2161 0.8208
vn 0.5414 -0.1821 0.8208
vn 0.4306 0.2020 0.8797
vn 0.7096 -0.1791 0.6815
vn 0.7804 0.0528 0.6230
vn 0.8401 0.1111 0.5309
vn 0.8512 0.0720 0.5198
vn 0.4839 -0.5898 0.6465
vn 0.5436 -0.0571 0.8374
vn 0.6161 0.1025 0.7810
vn -0.0193 0.7139 0.7000
vn 0.4347 0.5492 0.7137
vn 0.7651 -0.3044 0.5675
vn 0.4885 -0.2731 0.8288
vn 0.3915 0.1998 0.8982
vn 0.2385 0.4211 0.8751
vn 0.4235 0.4274 0.7987
vn 0.4229 0.4238 0.8010
vn 0.8197 -0.0716 0.5683
vn -0.8958 0.4263 -0.1257
vn 0.6964 -0.2571 0.6700
vn 0.6947 0.2959 0.6556
vn 0.6930 0.2956 0.6576
vn 0.6928 0.2960 0.6576
vn 0.6054 0.2705 0.7486
vn 0.3095 -0.5708 -0.7605
vn 0.5857 -0.1011 0.8042
vn 0.4021 -0.0832 0.9118
vn 0.5293 0.0811 0.8445
vn 0.4540 -0.7263 -0.5161
vn -0.4435 0.5217 0.7288
vn 0.6710 0.2406 0.7014
vn 0.3893 0.1623 0.9067
vn 0.5564 -0.0531 0.8292
vn 0.5567 -0.0445 0.8295
vn 0.5562 -0.0559 0.8291
vn 0.6697 0.4822 0.5648
vn 0.9391 -0.1274 0.3191
vn 0.5734 0.3531 0.7393
vn 0.4913 -0.1472 0.8585
vn 0.9016 0.4267 0.0716
vn 0.8990 0.4305 0.0807
vn 0.8990 0.4304 0.0808
vn 0.9940 0.0842 0.0701
vn 0.6852 -0.0349 0.7275
vn 0.3340 -0.3273 0.8839
vn 0.5357 -0.2443 0.8083
vn 0.4031 0.1892 0.8954
vn 0.7808 -0.1808 0.5980
vn 0.1794 -0.7918 -0.5839
vn 0.5901 0.1216 0.7981
vn -0.8039 -0.0050 -0.5947
vn 0.7638 0.0350 0.6445
vn 0.7701 0.1963 0.6069
vn 0.6965 0.2958 0.6537
vn 0.7319 0.4407 0.5198
vn 0.7665 0.1609 0.6217
vn 0.5015 -0.4880 0.7144
vn 0.6078 0.0254 0.7937
vn 0.5413 -0.2914 0.7887
vn 0.5396 0.2885 0.7910
vn 0.5581 0.1310 0.8193
vn 0.6240 -0.2501 0.7404
vn 0.5568 -0.0421 0.8296
vn 0.7193 0.4574 0.5228
vn 0.5425 -0.0505 0.8385
vn 0.6639 -0.2146 0.7164
vn 0.5529 0.2599 0.7917
vn 0.6034 0.0819 0.7932
vn 0.4793 0.4915 0.7271
vn 0.3016 -0.2877 0.9090
vn 0.9003 0.1333 0.4144
vn -0.7979 -0.5698 0.1965
vn 0.3710 -0.0547 0.9270
vn 0.8566 0.1575 0.4914
vn -0.3465 0.7943 0.4990
vn 0.4132 0.3444 0.8430
vn 0.8115 -0.5560 -0.1798
vn 0.4018 0.3931 0.8271
vn 0.5452 -0.0504 0.8368
vn 0.5465 -0.0472 0.8361
vn 0.5452 -0.0496 0.8369
vn -0.9754 -0.1901 0.1118
vn 0.5213 0.1998 0.8297
vn 0.6282 0.1261 0.7678
vn 0.5758 -0.1014 0.8113
vn 0.4787 0.1023 0.8720
vn 0.4757 0.0907 0.8749
vn 0.4756 0.0924 0.8748
vn 0.8565 0.0880 0.5086
vn 0.8738 0.0174 0.4860
vn 0.7949 0.4309 0.4272
vn 0.2124 0.0352 0.9765
vn 0.2132 0.0324 0.9765
vn 0.2124 0.0346 0.9766
vn 0.5110 -0.3942 0.7639
vn 0.7357 0.4216 0.5301
vn 0.4761 -0.5038 0.7208
vn 0.5638 0.0181 0.8257
vn 0.5312 0.0125 0.8471
vn 0.6288 0.3605 0.6890
vn 0.7601 -0.3185 0.5664
vn 0.8370 -0.0389 0.5458
vn 0.6360 0.0351 0.7709
vn 0.7164 -0.0293 -0.6971
vn 0.7855 -0.5654 -0.2516
vn 0.8794 0.0325 0.4750
vn -0.4557 0.8072 -0.3751
vn -0.2030 -0.4195 -0.8848
vn 0.4751 -0.4382 0.7630
vn 0.6004 0.1142 0.7915
vn 0.6003 0.1163 0.7913
vn 0.6007 0.1131 0.7915
vn 0.2283 0.4084 0.8838
vn 0.7035 -0.3939 0.5915
vn 0.7035 -0.3940 0.5915
vn 0.5284 -0.2565 0.8093
vn 0.8528 0.1375 0.5039
vn 0.5797 -0.3119 0.7528
vn 0.5581 -0.2832 0.7800
vn -0.5566 0.1960 -0.8073
vn 0.8774 0.2488 0.4102
vn 0.1634 -0.9129 -0.3740
vn 0.1169 0.0736 0.9904
vn 0.3151 0.4329 0.8446
vn 0.1260 -0.0467 0.9909
vn 0.8213 -0.0043 0.5705
vn 0.7875 -0.0992 0.6083
vn 0.5822 -0.7105 -0.3952
vn 0.4604 -0.2544 0.8504
vn 0.7786 0.2844 0.5594
vn 0.3811 0.4558 0.8044
vn 0.9108 -0.4048 -0.0818
vn 0.9108 -0.4046 -0.0816
vn 0.2279 0.0566 0.9720
vn 0.5325 -0.7043 0.4694
vn 0.4996 0.0915 0.8614
vn 0.5609 -0.0756 0.8244
vn -0.2542 -0.2227 -0.9412
vn -0.7672 -0.1758 0.6168
vn 0.4596 -0.6679 0.5854
vn 0.6273 0.2830 0.7255
vn -0.9891 -0.1390 -0.0482
vn 0.8862 -0.0490 0.4606
vn 0.2136 0.0314 0.9764
vn 0.4669 -0.0067 0.8843
vn 0.2471 0.1052 0.9633
vn 0.7422 0.2785 0.6095
vn 0.6697 0.3816 0.6371
vn 0.6409 -0.2551 0.7240
vn 0.0235 -0.6178 -0.7860
vn 0.5803 -0.3093 0.7534
vn 0.4301 -0.1854 0.8835
vn 0.7970 -0.3187 0.5130
vn 0.9992 -0.0183 0.0360
vn 0.9825 0.1270 -0.1364
vn 0.9948 0.0485 -0.0900
vn 0.4351 -0.5419 0.7190
vn 0.7456 0.3861 0.5431
vn 0.3337 -0.9222 -0.1955
vn 0.6263 -0.3766 0.6826
vn 0.6946 0.2938 0.6567
vn -0.2421 0.3317 -0.9118
vn 0.2487 0.7416 0.6230
vn 0.2492 0.7411 0.6234
vn 0.2485 0.7418 0.6229
vn 0.5589 -0.0532 0.8275
vn -0.0584 -0.9040 -0.4235
vn 0.6881 0.5334 0.4919
vn 0.5691 0.1669 0.8052
vn 0.9993 0.0361 -0.0096
vn 0.7560 0.6479 -0.0934
vn 0.6275 0.0083 0.7785
vn -0.0063 -0.4896 0.8719
vn 0.0373 0.0336 0.9987
vn -0.0676 0.2166 0.9739
vn -0.0669 0.2169 0.9739
vn -0.0629 0.2238 0.9726
vn -0.0633 0.2243 0.9725
vn 0.5309 -0.6254 0.5718
vn 0.8278 -0.5215 -0.2068
vn 0.8374 -0.5088 -0.1999
vn 0.8365 -0.5109 -0.1982
vn 0.2040 0.8208 0.5336
vn 0.3413 0.1279 0.9312
vn -0.9577 -0.2520 0.1392
vn 0.6359 0.7459 -0.1981
vn 0.3898 -0.0494 0.9196
vn 0.6409 0.1007 0.7610
vn 0.5523 -0.4420 0.7068
vn 0.5442 -0.4454 0.7110
vn 0.5438 -0.4461 0.7108
vn 0.2482 0.6886 0.6813
vn 0.8505 -0.2854 0.4418
vn 0.2260 0.4759 0.8500
vn 0.6173 -0.2301 0.7524
vn 0.2976 0.6254 0.7213
vn 0.8535 0.0755 0.5155
vn 0.3267 0.3231 0.8882
vn 0.8632 -0.3521 0.3619
vn 0.7723 -0.2166 0.5972
vn 0.3665 0.8410 -0.3980
vn 0.8522 -0.5232 -0.0058
vn 0.8725 0.4886 -0.0043
vn 0.4682 -0.4374 -0.7678
vn 0.2510 0.5480 0.7980
vn 0.8895 0.2815 0.3600
vn 0.9021 -0.0790 0.4242
vn 0.4564 0.7557 0.4697
vn 0.7118 0.4107 -0.5697
vn 0.3157 0.0312 0.9484
vn 0.0077 -0.9979 0.0640
vn 0.0103 -0.9979 0.0642
vn 0.0077 -0.9976 0.0684
vn -0.6394 0.7393 0.2111
vn 0.3186 0.3962 0.8611
vn 0.8893 0.3469 -0.2981
vn 0.2956 -0.2382 0.9251
vn 0.6234 0.4609 0.6316
vn 0.7744 -0.2538 0.5795
vn 0.7160 -0.0666 0.6949
vn 0.3194 0.6430 0.6961
vn 0.6415 -0.1198 0.7577
vn 0.1476 0.5197 0.8415
vn 0.2926 -0.0419 0.9553
vn 0.1602 0.2093 0.9646
vn 0.9043 -0.0457 0.4245
vn 0.5243 -0.3483 0.7770
vn 0.7763 -0.0365 0.6293
vn 0.9070 -0.3115 -0.2835
vn 0.9070 -0.3114 -0.2835
vn 0.8180 -0.0455 0.5734
vn 0.5166 0.0670 0.8536
vn 0.3057 0.3090 0.9006
vn 0.2481 0.7422 0.6226
vn 0.7997 0.0398 0.5991
vn 0.5017 -0.1583 0.8504
vn 0.7164 -0.0922 0.6916
vn 0.6698 0.2433 0.7015
vn 0.6785 -0.5718 0.4613
vn 0.6765 -0.5793 0.4548
vn 0.6789 -0.5707 0.4620
vn 0.9430 0.1159 -0.3121
vn 0.9070 -0.3116 -0.2835
vn 0.5563 -0.2707 0.7856
vn -0.0147 0.0680 -0.9976
vn -0.5116 0.1719 -0.8419
vn 0.8613 -0.1865 0.4725
vn 0.9010 -0.1097 0.4197
vn 0.8530 0.1131 0.5095
vn -0.0309 0.2958 0.9547
vn 0.7256 0.3806 0.5733
vn -0.8919 -0.4446 0.0833
vn 0.7826 0.0205 0.6221
vn 0.7636 -0.0720 0.6417
vn 0.6519 -0.3779 0.6574
vn 0.5019 0.2076 0.8397
vn 0.7767 0.4955 -0.3889
vn 0.4890 -0.6843 -0.5409
vn 0.9583 0.2854 0.0158
vn 0.3587 0.1317 0.9241
vn 0.5111 -0.2824 0.8118
vn 0.9483 0.2395 0.2084
vn 0.9477 0.2390 0.2116
vn 0.9469 0.2384 0.2156
vn 0.2430 -0.0906 0.9658
vn 0.4058 -0.5950 -0.6938
vn -0.0934 -0.6066 -0.7895
vn 0.6459 -0.1001 0.7568
vn 0.6525 0.2001 0.7309
vn 0.6850 -0.6643 -0.2992
vn 0.8936 0.2808 -0.3501
vn 0.6526 -0.7315 0.1976
vn 0.3599 0.2577 0.8967
vn 0.5241 -0.2085 0.8257
vn 0.7818 -0.3251 -0.5321
vn -0.1411 0.1857 -0.9724
vn 0.8429 -0.0054 0.5381
vn 0.5402 -0.4016 0.7395
vn 0.7764 0.0371 0.6292
vn 0.5279 -0.1615 0.8338
vn 0.3395 0.6530 0.6770
vn 0.2854 0.5133 0.8093
vn 0.4629 -0.2232 0.8578
vn 0.5919 0.0944 0.8004
vn 0.3248 -0.5837 0.7442
vn 0.3751 -0.1749 0.9103
vn 0.2782 0.9271 0.2513
vn 0.4715 -0.5341 0.7017
vn 0.4246 0.0212 0.9051
vn 0.9470 0.2642 0.1830
vn 0.5856 -0.8072 -0.0745
vn 0.4097 -0.0419 0.9112
vn 0.7699 -0.1248 0.6258
vn 0.7726 -0.3532 -0.5276
vn 0.4618 -0.5201 0.7185
vn -0.9762 0.0138 0.2165
vn -0.9733 0.0150 0.2290
vn -0.9757 0.0143 0.2185
vn -0.2194 0.6386 -0.7376
vn 0.3182 -0.1574 0.9348
vn 0.9077 -0.0317 0.4183
vn 0.8382 0.2944 0.4590
vn 0.3766 0.2072 0.9029
vn 0.3729 0.2034 0.9053
vn 0.3739 0.2040 0.9048
vn -0.2462 0.4420 0.8626
vn 0.1416 0.8668 0.4781
vn 0.3711 -0.1060 0.9225
vn 0.7473 0.0730 0.6604
vn 0.8102 -0.0491 0.5841
vn 0.2561 -0.2189 0.9415
vn 0.8681 0.1668 0.4675
vn 0.6087 0.2289 0.7597
vn 0.5742 0.1410 0.8065
vn 0.2118 -0.7107 0.6709
vn 0.7978 -0.1957 0.5703
vn 0.9572 0.0213 0.2885
vn 0.5773 -0.4507 0.6809
vn 0.3012 0.3421 0.8901
vn 0.3605 0.7340 0.5756
vn -0.1043 -0.1229 -0.9869
vn 0.8844 0.3113 -0.3478
vn 0.3294 0.0205 0.9440
vn 0.7651 -0.2180 0.6059
vn 0.4527 0.4482 0.7708
vn 0.6201 -0.0550 0.7826
vn 0.7342 -0.2705 0.6227
vn 0.5637 0.3239 0.7598
vn 0.7196 -0.2061 0.6631
vn 0.7197 -0.2061 0.6630
vn 0.7196 -0.2056 0.6632
vn 0.0218 -0.9996 -0.0171
vn 0.0187 -0.9996 -0.0211
vn 0.0188 -0.9996 -0.0219
vn 0.9284 0.2427 -0.2814
vn -0.2401 -0.4667 -0.8512
vn 0.5026 -0.1352 0.8539
vn 0.3088 0.3115 0.8987
vn 0.5317 -0.4026 0.7451
vn 0.2668 0.1961 0.9436
vn 0.9683 0.0505 0.2447
vn -0.1954 0.7655 -0.6131
vn -0.1920 0.7656 -0.6140
vn -0.1961 0.7652 -0.6132
vn 0.7538 0.0310 0.6564
vn 0.7612 0.0346 0.6476
vn 0.7543 0.0318 0.6558
vn 0.7802 0.3572 0.5135
vn 0.3593 0.2286 0.9048
vn 0.6887 -0.6169 -0.3810
vn 0.6275 -0.7571 0.1816
vn 0.4695 -0.8493 -0.2412
vn 0.3126 0.0070 0.9498
vn 0.6154 -0.1456 0.7746
vn 0.4064 -0.1468 0.9018
vn 0.6791 -0.4548 0.5762
vn 0.3780 -0.1357 0.9158
vn 0.5836 0.0805 0.8081
vn 0.6753 -0.0464 0.7361
vn 0.8325 0.1491 0.5336
vn 0.8985 0.4361 0.0496
vn 0.5794 -0.1572 0.7998
vn 0.7540 -0.1604 0.6370
vn 0.5809 0.2456 0.7761
vn 0.3593 0.1123 0.9264
vn 0.8301 -0.0989 -0.5487
vn 0.8633 0.1084 0.4929
vn 0.4248 -0.1811 0.8870
vn 0.5062 -0.0226 0.8621
vn 0.4682 -0.2475 0.8482
vn 0.3569 0.5037 0.7867
vn 0.7457 0.3125 0.5885
vn 0.5528 -0.4421 0.7064
vn 0.4550 -0.0649 0.8881
vn 0.3593 -0.6296 0.6888
vn 0.8715 -0.0048 -0.4903
vn -0.4958 0.7457 -0.4451
vn 0.4201 0.2261 0.8789
vn 0.5098 -0.1475 0.8475
vn 0.4713 -0.7204 -0.5088
vn 0.6671 -0.7214 0.1858
vn 0.9283 -0.0801 -0.3631
vn 0.5995 -0.3980 0.6943
vn 0.9313 -0.0373 -0.3624
vn -0.0312 0.0910 -0.9954
vn 0.4665 -0.3711 0.8029
vn 0.5006 -0.6755 0.5413
vn -0.0492 -0.0581 0.9971
vn 0.5478 -0.5523 0.6285
vn 0.0421 0.6683 0.7427
vn 0.3533 0.3983 0.8465
vn -0.0077 0.8131 0.5821
vn -0.0032 0.8138 0.5812
vn -0.0025 0.8131 0.5821
vn 0.4813 -0.3682 0.7955
vn 0.3178 0.0980 0.9431
vn 0.2870 -0.0518 0.9565
vn 0.3989 0.1600 0.9029
vn 0.2287 0.7509 0.6195
vn 0.5234 -0.0324 0.8515
vn 0.6856 -0.2965 0.6649
vn 0.5468 -0.5865 0.5975
vn 0.6666 -0.2280 0.7097
vn 0.6637 -0.2295 0.7119
vn 0.6085 0.3647 0.7047
vn 0.8790 0.0109 -0.4767
vn 0.5349 -0.0844 0.8407
vn 0.5479 -0.0479 0.8352
vn 0.8818 -0.0776 0.4653
vn 0.8819 -0.0781 0.4649
vn 0.8826 -0.0793 0.4635
vn 0.3370 -0.0867 0.9375
vn 0.0271 -0.8411 -0.5402
vn 0.5315 -0.3480 0.7723
vn 0.4495 -0.1190 0.8853
vn 0.8828 -0.0795 0.4629
vn 0.7470 -0.0568 -0.6624
vn 0.7980 -0.2364 0.5543
vn 0.3026 -0.0778 0.9499
vn 0.3025 -0.0783 0.9499
vn 0.3100 -0.0780 0.9475
vn 0.4264 0.5104 0.7467
vn 0.9872 0.0210 -0.1582
vn 0.7314 -0.2933 0.6157
vn 0.3600 -0.9219 -0.1430
vn 0.2976 -0.2068 0.9320
vn 0.6583 0.4061 0.6339
vn 0.2409 0.4053 0.8819
vn 0.5638 -0.7661 0.3085
vn 0.3064 0.5923 0.7452
vn 0.7050 -0.1544 0.6922
vn 0.7208 -0.1206 0.6826
vn 0.9915 0.0495 0.1203
vn 0.9915 0.0489 0.1210
vn 0.9905 0.0467 0.1294
vn -0.5402 -0.0699 0.8386
vn 0.3566 0.4923 0.7940
vn 0.0332 0.4374 0.8987
vn 0.2359 0.5104 0.8270
vn 0.5130 0.0094 0.8583
vn 0.5120 0.1232 0.8501
vn 0.3031 0.8154 0.4932
vn 0.6593 0.1347 0.7397
vn 0.7691 -0.3100 0.5590
vn 0.5895 -0.5649 0.5773
vn -0.3959 -0.8879 -0.2343
vn 0.2732 0.1769 -0.9456
vn 0.7108 -0.3131 0.6298
vn 0.5829 -0.4188 0.6963
vn 0.6666 -0.0907 0.7398
vn 0.6003 0.1172 0.7912
vn -0.1682 0.8300 0.5318
vn -0.8464 0.4618 0.2653
vn 0.6873 -0.0120 0.7263
vn 0.6939 0.1942 0.6934
vn 0.6334 0.3904 0.6682
vn -0.1168 0.1260 -0.9851
vn 0.4766 -0.1174 0.8713
vn 0.7158 -0.3383 0.6109
vn 0.5114 0.4052 0.7579
vn 0.4570 0.2859 0.8423
vn 0.3060 0.3218 0.8960
vn 0.5898 0.7447 0.3123
vn 0.7341 -0.0399 0.6779
vn 0.0594 0.7992 0.5981
vn 0.7098 -0.4261 0.5610
vn -0.0082 0.8128 0.5825
vn 0.8013 -0.1559 0.5775
vn -0.7085 -0.7032 0.0596
vn 0.8916 0.4390 -0.1113
vn 0.6667 -0.2264 0.7101
vn 0.7527 -0.2254 0.6185
vn 0.6037 0.0734 0.7938
vn 0.7617 0.0339 0.6471
vn 0.6949 0.2086 0.6881
vn 0.3302 0.1830 0.9260
vn 0.3640 -0.3783 0.8511
vn 0.5929 -0.1853 0.7837
vn 0.3771 0.2083 0.9024
vn 0.0582 -0.0582 -0.9966
vn -0.0909 0.2565 0.9622
vn 0.4617 0.5268 0.7137
vn 0.4621 0.5265 0.7136
vn 0.4624 0.5262 0.7137
vn 0.4697 0.5194 0.7139
vn 0.4931 -0.0132 0.8699
vn 0.7434 0.1883 0.6419
vn 0.3369 -0.1861 0.9230
vn 0.2577 0.2960 0.9198
vn 0.4795 0.1034 0.8715
vn -0.0057 0.3131 0.9497
vn -0.8915 0.3435 0.2952
vn 0.3423 0.5946 0.7275
vn 0.4718 0.3678 0.8013
vn 0.3432 0.4138 0.8432
vn 0.8950 -0.4359 -0.0942
vn 0.7196 -0.2063 0.6630
vn 0.9515 0.1548 -0.2660
vn -0.8715 -0.4160 0.2596
vn -0.9606 0.2774 0.0199
vn -0.9990 0.0427 -0.0106
vn 0.9855 -0.1577 -0.0621
vn 0.9839 -0.1739 -0.0421
vn 0.9450 0.3248 0.0393
vn 0.3719 -0.9137 -0.1639
vn -0.9701 -0.2203 -0.1021
vn -0.8798 0.4489 -0.1562
vn -0.6826 0.0935 0.7248
vn -0.7814 -0.5367 0.3184
vn -0.4639 -0.0005 0.8859
vn -0.9935 0.0213 -0.1121
vn 0.0244 -0.9990 0.0375
vn 0.0404 -0.9983 0.0412
vn 0.0413 -0.9983 0.0417
vn -0.9280 0.2288 0.2939
vn -0.9809 0.0631 0.1840
vn -0.9469 0.3014 0.1121
vn -0.3269 0.8924 -0.3112
vn -0.4891 0.8484 -0.2026
vn 0.4192 -0.8186 -0.3927
vn -0.8966 0.4246 0.1256
vn 0.9457 0.3178 0.0682
vn -0.9628 0.2644 0.0552
vn 0.6984 0.0528 -0.7138
vn -0.9285 -0.3612 -0.0862
vn -0.9489 -0.1606 0.2718
vn 0.7663 -0.1873 -0.6146
vn 0.2714 -0.8453 0.4602
vn 0.0731 -0.9781 -0.1949
vn 0.5108 0.1241 -0.8507
vn 0.9637 0.1901 0.1876
vn -0.9724 0.0436 -0.2291
vn -0.9726 -0.2032 -0.1129
vn -0.6170 0.7400 0.2678
vn -0.7092 0.6584 0.2521
vn 0.9880 -0.0257 -0.1522
vn -0.8850 0.3796 0.2696
vn 0.8410 -0.4293 -0.3293
vn -0.5316 0.7228 -0.4416
vn -0.9165 -0.3733 0.1436
vn 0.9179 -0.3254 -0.2271
vn 0.9856 0.1408 0.0940
vn 0.8295 -0.5178 -0.2093
vn -0.7702 0.4066 -0.4914
vn -0.0145 -0.6441 -0.7648
vn -0.9028 0.2167 -0.3715
vn 0.7803 0.3517 0.5172
vn -0.7462 -0.3718 -0.5522
vn 0.6289 -0.6647 -0.4034
vn 0.9484 0.2397 0.2074
vn 0.1880 0.8870 -0.4218
vn 0.8462 -0.2055 -0.4916
vn 0.8232 -0.2117 -0.5267
vn 0.1031 -0.2206 -0.9699
vn 0.7070 -0.5171 -0.4825
vn -0.2746 -0.8093 -0.5192
vn 0.7569 -0.6256 0.1890
vn 0.7569 -0.6256 0.1891
vn 0.7572 -0.6253 0.1887
vn 0.5309 -0.6425 -0.5526
vn 0.9944 0.0791 0.0695
vn 0.9947 0.0772 0.0679
vn 0.9937 0.0845 0.0741
vn 0.8851 0.4171 0.2063
vn -0.9142 0.2756 -0.2972
vn 0.7486 0.0416 -0.6618
vn 0.4751 -0.8739 -0.1028
vn 0.8395 -0.5305 -0.1178
vn 0.9713 0.1376 0.1940
vn -0.0138 0.5649 -0.8250
vn -0.8498 -0.4090 0.3325
vn -0.7164 -0.6075 -0.3431
vn 0.9920 -0.1256 0.0130
vn 0.7579 -0.2556 -0.6002
vn -0.7115 0.6917 0.1239
vn -0.8631 -0.4924 0.1125
vn 0.8580 0.0073 -0.5136
vn 0.1869 -0.9319 -0.3108
vn 0.8970 -0.4009 -0.1863
vn 0.7885 0.2732 -0.5510
vn 0.0810 0.2790 -0.9569
vn 0.9317 0.3584 0.0594
vn 0.7084 -0.6935 -0.1311
vn -0.4740 0.2296 -0.8501
vn 0.7724 -0.5244 -0.3584
vn 0.6074 0.0762 -0.7907
vn -0.5278 0.8488 -0.0301
vn 0.7681 0.3739 0.5198
vn 0.6342 -0.0609 -0.7708
vn 0.7723 0.1276 -0.6224
vn 0.7099 -0.6498 -0.2717
vn -0.8654 -0.4822 -0.1364
vn -0.8654 -0.4823 -0.1363
vn -0.8654 -0.4822 -0.1363
vn 0.0662 -0.4753 0.8773
vn -0.8913 -0.1860 -0.4136
vn -0.7789 -0.5014 -0.3768
vn 0.7848 -0.3254 -0.5275
vn 0.9879 -0.0881 -0.1276
vn 0.9875 -0.0946 -0.1263
vn 0.9880 -0.0864 -0.1278
vn -0.9490 -0.0799 -0.3050
vn 0.7556 -0.1856 -0.6282
vn 0.7488 -0.1875 -0.6357
vn 0.7486 -0.1866 -0.6362
vn 0.6287 -0.1220 -0.7680
vn -0.9102 -0.0364 -0.4125
vn -0.9090 -0.0422 -0.4147
vn -0.9092 -0.0412 -0.4144
vn -0.8640 -0.3918 -0.3162
vn -0.9763 -0.1434 -0.1619
vn -0.8837 -0.3796 0.2738
vn 0.1620 0.9574 -0.2389
vn 0.1727 0.9559 -0.2376
vn 0.1737 0.9557 -0.2376
vn 0.0997 0.7249 -0.6816
vn -0.2124 -0.4568 -0.8638
vn 0.7348 -0.3392 -0.5873
vn -0.1620 0.7317 0.6621
vn 0.7132 -0.5434 0.4428
vn 0.7471 0.0620 -0.6618
vn 0.9757 -0.2170 0.0293
vn -0.9988 0.0495 0.0062
vn 0.7529 0.0701 -0.6544
vn 0.7530 0.0694 -0.6543
vn 0.7575 0.0632 -0.6498
vn 0.7695 0.2475 -0.5888
vn 0.9874 -0.0962 -0.1258
vn 0.1456 -0.7312 -0.6665
vn 0.7862 0.2984 0.5411
vn 0.9773 -0.1110 -0.1804
vn 0.8596 -0.1664 -0.4830
vn -0.9392 0.3269 0.1052
vn 0.7614 -0.4604 -0.4564
vn -0.9665 0.0680 0.2476
vn 0.6236 -0.6348 -0.4563
vn 0.9000 0.3479 0.2627
vn -0.3813 -0.4251 0.8209
vn -0.3344 0.8885 -0.3144
vn -0.9950 0.0592 -0.0803
vn -0.2928 0.8405 -0.4559
vn 0.7572 0.0324 -0.6524
vn 0.7791 -0.0254 -0.6263
vn 0.2186 0.3119 0.9246
vn 0.7547 -0.4706 0.4572
vn -0.9246 0.3391 -0.1736
vn -0.6128 0.3173 -0.7237
vn 0.8648 -0.2739 -0.4208
vn 0.8667 -0.2669 -0.4214
vn 0.8665 -0.2678 -0.4213
vn -0.8745 0.0628 -0.4810
vn -0.8746 0.0630 -0.4807
vn -0.8771 0.0635 -0.4761
vn -0.9264 0.2158 -0.3086
vn 0.7025 -0.4586 -0.5442
vn 0.7024 -0.4592 -0.5439
vn 0.7519 -0.5836 -0.3067
vn 0.8273 -0.5265 -0.1957
vn 0.9943 0.0404 0.0991
vn 0.9916 0.0488 0.1197
vn 0.6574 -0.7522 -0.0456
vn -0.9624 -0.2693 0.0359
vn 0.9363 0.1777 0.3028
vn 0.9880 -0.1537 -0.0136
vn -0.9505 0.1389 -0.2778
vn -0.7277 0.6025 0.3278
vn -0.9106 -0.3825 -0.1566
vn -0.8020 0.1516 -0.5778
vn -0.8025 0.1511 -0.5772
vn -0.8031 0.1533 -0.5757
vn 0.8646 -0.2745 -0.4209
vn 0.5396 -0.3210 0.7783
vn 0.7963 -0.5641 -0.2184
vn 0.5635 -0.8057 0.1822
vn 0.7069 -0.3649 -0.6059
vn 0.7956 -0.1896 -0.5754
vn -0.3324 0.8230 0.4607
vn -0.9353 0.2743 -0.2236
vn -0.9777 -0.0503 -0.2037
vn 0.6368 -0.7401 -0.2162
vn 0.6370 -0.7401 -0.2158
vn 0.6327 -0.7408 -0.2255
vn 0.1062 0.6209 0.7767
vn 0.3988 -0.9158 -0.0481
vn -0.9889 -0.0033 -0.1486
vn 0.9933 0.0867 0.0759
vn -0.8126 -0.5736 0.1030
vn 0.0923 -0.9200 -0.3809
vn -0.9871 0.1232 0.1027
vn 0.7440 -0.2397 -0.6237
vn 0.7504 -0.2335 -0.6184
vn 0.7446 -0.2394 -0.6231
vn 0.7336 0.1192 -0.6691
vn -0.1468 -0.3740 -0.9157
vn -0.4259 0.8783 0.2173
vn -0.9596 0.0115 -0.2810
vn 0.3751 -0.8161 0.4397
vn 0.7566 -0.6258 0.1894
vn -0.2188 -0.7126 -0.6665
vn -0.7041 0.4486 -0.5504
vn -0.8238 -0.2643 -0.5015
vn 0.7432 -0.2732 -0.6108
vn -0.8754 -0.0302 -0.4825
vn 0.7609 -0.4794 0.4372
vn -0.2174 0.5505 -0.8060
vn 0.6870 0.3286 -0.6481
vn 0.5107 -0.4965 -0.7019
vn 0.8380 0.2354 -0.4922
vn -0.1592 0.1888 -0.9690
vn -0.8413 -0.4503 0.2991
vn 0.8911 0.1440 0.4303
vn -0.5756 -0.3481 0.7400
vn -0.0775 0.0762 -0.9941
vn 0.0680 -0.8483 -0.5251
vn 0.7766 -0.1271 -0.6171
vn 0.2779 0.0567 0.9589
vn 0.2781 0.0563 0.9589
vn 0.2782 0.0559 0.9589
vn -0.9291 -0.0502 -0.3665
vn 0.6621 -0.0149 -0.7493
vn 0.1624 -0.3787 -0.9112
vn 0.7108 -0.6533 0.2607
vn 0.8242 0.3960 0.4048
vn -0.0312 0.4225 -0.9058
vn 0.9145 0.3552 0.1938
vn -0.8654 -0.4821 -0.1364
vn 0.6529 -0.6791 -0.3353
vn -0.6693 0.7376 -0.0893
vn 0.8843 -0.0443 -0.4647
vn 0.8843 -0.0438 -0.4649
vn 0.8842 -0.0437 -0.4650
vn 0.8688 0.0257 -0.4945
vn 0.9717 0.1696 -0.1644
vn -0.9105 -0.0356 -0.4121
vn -0.1537 -0.3907 -0.9076
vn 0.7329 0.0693 -0.6768
vn 0.9227 0.3538 0.1534
vn 0.9095 0.1552 -0.3856
vn 0.8386 0.3071 -0.4499
vn 0.8907 -0.2302 -0.3921
vn -0.0023 0.9040 -0.4276
vn -0.7647 0.4983 0.4086
vn -0.4903 0.7337 0.4704
vn 0.7183 -0.0436 -0.6944
vn 0.9740 0.0780 -0.2128
vn -0.3484 0.7415 0.5735
vn -0.7476 -0.5999 -0.2849
vn 0.7096 -0.5311 -0.4630
vn 0.4339 0.3346 -0.8365
vn 0.5156 -0.1894 -0.8357
vn 0.9517 0.3057 -0.0271
vn 0.9882 -0.1525 -0.0116
vn 0.7534 -0.1046 -0.6491
vn 0.7489 -0.1117 -0.6532
vn 0.7529 -0.1046 -0.6498
vn 0.8432 -0.1056 -0.5272
vn -0.9874 -0.1400 0.0735
vn -0.9371 0.1977 0.2878
vn 0.9000 0.3940 0.1865
vn -0.7866 0.5214 0.3307
vn 0.6959 -0.4209 0.5818
vn 0.8162 0.5266 -0.2377
vn 0.5421 -0.2530 0.8013
vn 0.8843 0.3305 0.3298
vn 0.5235 -0.4327 -0.7340
vn -0.0070 -0.9613 0.2755
vn 0.1043 -0.9504 0.2930
vn 0.7494 -0.1126 -0.6524
vn 0.6909 -0.6296 -0.3553
vn 0.8546 -0.4547 -0.2509
vn 0.7738 -0.5862 -0.2401
vn 0.9839 -0.1572 -0.0850
vn -0.5103 0.8291 -0.2283
vn 0.9143 0.1804 -0.3628
vn -0.3096 0.3930 -0.8659
vn 0.8163 -0.3807 -0.4344
vn 0.6344 -0.0213 -0.7727
vn 0.1980 -0.8816 -0.4285
vn 0.8480 -0.1242 -0.5153
vn 0.9858 0.1025 -0.1332
vn -0.6987 -0.4607 -0.5474
vn -0.4398 0.0822 -0.8943
vn -0.9647 0.1657 -0.2048
vn 0.5173 -0.0824 -0.8518
vn 0.7557 -0.2371 -0.6105
vn -0.8782 0.4501 -0.1617
vn 0.9805 -0.1409 0.1370
vn -0.9778 0.1191 -0.1725
vn -0.9778 0.1239 -0.1687
vn -0.9778 0.1171 -0.1738
vn 0.6611 0.0833 -0.7456
vn 0.9415 0.3008 0.1520
vn 0.9948 -0.1010 -0.0119
vn -0.8827 -0.2860 -0.3729
vn -0.8832 -0.2859 -0.3717
vn -0.8781 -0.2908 -0.3799
vn -0.9099 0.2925 -0.2942
vn -0.8369 -0.1218 -0.5337
vn -0.9041 -0.1184 -0.4105
vn -0.8224 -0.0553 -0.5663
vn 0.6325 -0.7409 -0.2259
vn 0.8851 -0.0426 -0.4634
vn 0.7401 0.0918 -0.6662
vn 0.9744 0.0156 0.2241
vn -0.8031 0.1538 -0.5756
vn 0.9177 0.0377 -0.3955
vn 0.6848 -0.6509 -0.3277
vn 0.8143 -0.1708 -0.5547
vn 0.9947 -0.0822 -0.0611
vn 0.8783 0.0090 0.4781
vn 0.9578 -0.2702 -0.0980
vn 0.9578 -0.2699 -0.0987
vn 0.9579 -0.2704 -0.0969
vn 0.7685 -0.4655 -0.4389
vn -0.5407 0.1559 -0.8266
vn -0.9467 -0.3120 0.0805
vn 0.8339 -0.4682 -0.2922
vn 0.8443 -0.3805 -0.3773
vn 0.5098 -0.8387 -0.1915
vn 0.8757 0.2905 0.3856
vn 0.7510 -0.2327 -0.6180
vn 0.2384 -0.7228 -0.6487
vn 0.8455 0.3324 -0.4178
vn 0.6342 0.0651 -0.7705
vn 0.9490 0.0846 0.3036
vn 0.7582 0.0625 -0.6491
vn -0.3436 -0.5202 0.7819
vn -0.9511 -0.0613 -0.3029
vn 0.8876 0.1583 0.4325
vn 0.8972 0.2594 0.3573
vn 0.8693 0.3483 0.3507
vn 0.8428 0.5243 -0.1215
vn 0.1415 -0.7860 -0.6018
vn -0.4405 0.7186 0.5381
vn -0.4456 0.7184 0.5341
vn -0.4454 0.7182 0.5346
vn 0.9633 0.1653 0.2115
vn 0.7827 -0.5660 -0.2589
vn 0.0824 -0.6380 -0.7656
vn 0.1645 0.5699 -0.8051
vn 0.8777 -0.1970 -0.4368
vn 0.8462 -0.2590 -0.4657
vn 0.8467 -0.2613 -0.4635
vn 0.8465 -0.2592 -0.4650
vn 0.9777 0.1637 0.1318
vn -0.8690 -0.3268 -0.3715
vn 0.8271 0.4592 0.3241
vn 0.9423 0.0333 0.3331
vn -0.0205 -0.5891 -0.8078
vn 0.8466 -0.2619 -0.4633
vn 0.2885 -0.1889 -0.9387
vn 0.8420 -0.3023 -0.4469
vn 0.8518 -0.4345 -0.2925
vn 0.7562 -0.1852 -0.6276
vn -0.9461 0.1007 -0.3077
vn 0.9352 0.1054 0.3382
vn 0.9453 0.0788 0.3166
vn 0.9355 0.2657 0.2328
vn 0.8890 0.3884 0.2424
vn 0.6967 -0.7173 -0.0042
vn -0.4838 -0.2510 -0.8384
vn 0.8506 0.4094 0.3299
vn 0.9618 0.1714 0.2133
vn 0.5619 -0.6624 0.4955
vn 0.7013 -0.4587 -0.5457
vn 0.7414 -0.2255 -0.6320
vn -0.9850 -0.1636 -0.0544
vn -0.8210 -0.5286 0.2160
vn -0.9975 -0.0581 0.0411
vn 0.9377 0.2702 0.2184
vn 0.9193 0.3567 0.1664
vn 0.9769 0.0537 0.2069
vn 0.9759 0.0367 0.2150
vn 0.9404 -0.2252 -0.2549
vn -0.8403 -0.5097 0.1846
vn 0.8104 0.5067 0.2942
vn 0.3194 -0.9235 -0.2122
vn -0.9349 -0.3049 0.1815
vn 0.9670 0.0795 0.2421
vn 0.9084 0.3793 0.1760
vn 0.9492 0.3090 0.0589
vn -0.2851 -0.3604 -0.8882
vn -0.2555 -0.3108 -0.9155
vn -0.2571 -0.3097 -0.9154
vn -0.2578 -0.3099 -0.9152
vn 0.8798 0.3415 0.3307
vn 0.3238 0.5578 -0.7642
vn 0.2769 0.3263 0.9038
vn 0.8651 -0.3385 0.3701
vn 0.8483 -0.5144 -0.1255
vn 0.3399 -0.4681 0.8157
vn 0.7658 0.3627 0.5311
vn 0.8988 -0.4345 -0.0585
vn 0.9519 0.2460 0.1829
vn -0.2827 -0.0379 -0.9585
vn 0.9419 -0.1093 -0.3177
vn 0.8626 0.3974 0.3131
vn 0.9458 0.2753 -0.1721
vn 0.6128 -0.7593 0.2190
vn 0.6947 -0.6732 0.2533
vn 0.9645 -0.0689 0.2551
vn 0.9649 -0.0662 0.2542
vn 0.4504 -0.8773 -0.1659
vn 0.9847 0.1194 0.1266
vn 0.7117 -0.7020 -0.0258
vn -0.8883 -0.4034 0.2194
vn -0.7570 0.2157 -0.6168
vn -0.0121 -0.9999 -0.0096
vn -0.5070 -0.5854 -0.6327
vn 0.4756 -0.7179 0.5084
vn 0.8368 0.4374 0.3293
vn 0.9626 0.1398 0.2321
vn 0.9687 0.0973 0.2284
vn 0.9087 0.2460 0.3373
vn 0.8900 -0.4259 0.1630
vn 0.9648 -0.0660 0.2544
vn 0.8542 0.0568 -0.5168
vn 0.6532 -0.7571 0.0108
vn 0.9956 0.0805 0.0485
vn 0.5164 -0.8086 -0.2820
vn 0.8836 0.4473 0.1387
vn -0.1406 0.7055 0.6946
vn 0.7506 -0.6422 0.1555
vn 0.8538 -0.5059 0.1228
vn 0.9900 0.1368 0.0351
vn -0.0557 0.9880 0.1440
vn 0.9832 -0.1789 0.0363
vn 0.9958 0.0893 0.0207
vn 0.8854 0.3326 0.3249
vn -0.7518 -0.2768 -0.5984
vn 0.9370 -0.3384 0.0865
vn 0.9677 -0.2035 0.1491
vn 0.9720 0.1887 0.1401
vn 0.9894 0.1128 0.0910
vn 0.9661 0.2396 0.0965
vn 0.8987 0.4312 0.0806
vn 0.8681 0.4874 0.0937
vn 0.9599 -0.2595 -0.1061
vn 0.8455 0.5073 0.1669
vn 0.9685 -0.2167 0.1229
vn 0.5188 0.7193 0.4621
vn 0.7735 0.5505 0.3141
vn 0.0446 0.9307 0.3630
vn 0.5954 0.7227 0.3511
vn 0.2091 -0.7660 0.6079
vn -0.3664 -0.8144 -0.4500
vn -0.4171 0.7862 0.4559
vn -0.4208 0.7823 0.4593
vn -0.4179 0.7854 0.4565
vn 0.8723 0.3999 0.2814
vn 0.7799 0.6103 0.1387
vn -0.1174 0.8984 0.4231
vn 0.8919 0.4050 0.2015
vn -0.2148 -0.0641 0.9746
vn 0.7810 0.4915 0.3853
vn 0.5403 0.6133 0.5761
vn 0.6133 0.6104 0.5012
vn 0.8741 0.4444 0.1958
vn 0.8150 0.5575 -0.1577
vn 0.7880 0.5666 -0.2407
vn 0.4190 0.3727 0.8280
vn 0.7218 0.6794 0.1322
vn 0.5384 0.7715 0.3389
vn 0.5946 0.6753 0.4364
vn 0.4914 0.6768 0.5482
vn -0.0913 0.9754 0.2005
vn -0.3880 0.8841 0.2606
vn -0.5049 0.5142 0.6933
vn 0.8464 0.4901 -0.2082
vn 0.1288 -0.4486 0.8844
vn 0.0366 0.9229 0.3832
vn 0.0359 0.9230 0.3832
vn 0.0331 0.9222 0.3853
vn 0.7048 0.6220 0.3412
vn 0.7015 0.6267 0.3392
vn 0.7055 0.6208 0.3418
vn 0.5911 0.7920 -0.1524
vn 0.4934 0.8698 -0.0064
vn 0.5018 0.8649 0.0117
vn 0.3721 0.9124 0.1707
vn 0.4497 0.8133 0.3693
vn 0.8043 0.5837 0.1110
vn 0.6187 -0.0646 -0.7830
vn 0.0815 0.8869 0.4546
vn 0.0252 0.9064 0.4217
vn -0.0961 0.6881 0.7192
vn 0.0542 0.8369 0.5447
vn 0.3492 0.8807 -0.3200
vn 0.1648 0.9822 -0.0903
vn 0.0746 0.9923 0.0994
vn -0.0510 0.9621 0.2679
vn -0.1143 0.9218 0.3703
vn 0.1348 0.9789 -0.1539
vn 0.0636 0.9969 0.0471
vn -0.1884 0.9441 0.2706
vn -0.1802 0.8587 0.4798
vn -0.2677 0.9477 0.1738
vn -0.3897 0.9080 -0.1539
vn -0.2853 0.8991 0.3321
vn 0.6760 0.5607 0.4782
vn 0.6326 0.5732 0.5209
vn -0.3093 0.9489 -0.0635
vn 0.7209 0.4458 0.5306
vn 0.2296 0.6497 0.7246
vn 0.8876 0.2194 0.4051
vn -0.3859 0.8966 0.2171
vn -0.9572 -0.0691 0.2812
vn -0.5847 0.2586 -0.7690
vn -0.5305 -0.8462 0.0507
vn 0.0572 0.9855 -0.1594
vn -0.0503 0.9558 -0.2898
vn 0.0328 0.9778 0.2070
vn 0.6260 0.7772 0.0647
vn -0.9909 0.1041 0.0849
vn 0.6613 0.0084 0.7501
vn -0.8394 -0.5426 -0.0311
vn -0.9473 0.1691 -0.2719
vn 0.1318 0.8974 0.4211
vn -0.9333 0.3532 0.0646
vn -0.9353 0.3474 0.0678
vn -0.9336 0.3525 0.0645
vn -0.9354 0.3469 0.0685
vn 0.0448 0.4665 -0.8834
vn 0.9404 0.2968 -0.1658
vn 0.9744 0.1466 0.1705
vn 0.8223 0.2166 0.5262
vn -0.3596 0.8101 0.4630
vn -0.3496 0.8113 0.4685
vn -0.3566 0.8105 0.4647
vn 0.1716 0.9823 0.0745
vn 0.4966 0.8590 0.1245
vn 0.5621 0.5967 0.5727
vn -0.0149 -0.6819 -0.7313
vn 0.2582 0.9654 -0.0360
vn 0.8445 0.5241 0.1107
vn -0.0802 0.8815 0.4654
vn -0.2030 0.8249 0.5276
vn -0.3533 0.0082 -0.9355
vn -0.9158 0.2103 -0.3422
vn -0.6794 0.3217 -0.6595
vn -0.3323 0.7513 0.5701
vn -0.3211 0.9258 -0.1994
vn -0.2884 0.9483 -0.1324
vn 0.1842 0.9825 0.0273
vn 0.1355 0.9722 0.1910
vn -0.0163 0.9804 0.1962
vn -0.2998 0.9524 -0.0561
vn -0.3251 0.9448 -0.0420
vn -0.3303 0.9438 -0.0132
vn -0.0550 0.8800 0.4718
vn 0.5947 0.7408 0.3123
vn 0.5945 0.7409 0.3126
vn 0.5944 0.7408 0.3128
vn 0.1332 0.9669 0.2176
vn -0.4380 0.8767 0.1990
vn -0.2418 0.9702 0.0133
vn -0.1710 0.9838 0.0542
vn 0.3482 0.9060 -0.2407
vn -0.0488 0.9982 -0.0350
vn -0.3506 0.8681 0.3514
vn -0.7005 0.6822 -0.2097
vn -0.1653 0.9862 0.0071
vn -0.0075 0.9932 -0.1162
vn 0.4493 0.8487 0.2791
vn 0.5407 0.7802 0.3144
vn 0.2091 0.9717 0.1096
vn 0.0508 0.9594 0.2774
vn 0.7171 0.6490 0.2540
vn 0.7321 0.6362 0.2436
vn 0.7007 0.6279 0.3389
vn 0.4810 0.7856 0.3891
vn 0.4577 0.7901 0.4078
vn 0.0841 0.9285 0.3617
vn -0.9289 -0.2707 0.2525
vn -0.9286 -0.2758 0.2482
vn -0.9289 -0.2702 0.2533
vn 0.3784 0.9189 -0.1116
vn 0.9667 0.1796 0.1824
vn 0.6588 0.6242 0.4199
vn -0.6760 0.7070 0.2078
vn -0.6866 -0.4321 0.5847
vn -0.3511 0.9099 -0.2210
vn -0.6626 0.7380 0.1277
vn -0.1191 0.9874 -0.1043
vn 0.3099 0.9463 -0.0922
vn 0.3022 0.9485 -0.0946
vn 0.3029 0.9483 -0.0949
vn 0.8061 0.5245 0.2739
vn 0.8516 0.3869 0.3537
vn 0.1595 0.6611 0.7331
vn 0.1645 0.9234 0.3469
vn 0.8737 0.2984 0.3842
vn 0.4870 0.5655 0.6656
vn 0.4783 0.5649 0.6724
vn 0.4790 0.5676 0.6696
vn -0.1533 0.9552 0.2532
vn 0.0804 0.9968 0.0050
vn -0.3273 0.9437 0.0483
vn 0.3984 -0.1200 0.9093
vn 0.8675 0.3966 0.3003
vn 0.9020 0.2370 0.3607
vn 0.9001 0.3406 -0.2716
vn -0.9619 0.1661 0.2170
vn 0.0330 0.9219 0.3860
vn -0.2340 0.8287 0.5084
vn -0.2226 0.9689 0.1079
vn 0.8639 0.2984 0.4057
vn -0.4476 0.8521 0.2714
vn -0.0622 0.9723 0.2251
vn -0.9767 -0.2139 -0.0190
vn 0.4016 0.9147 0.0446
vn -0.0871 0.9189 0.3848
vn -0.0180 0.9903 0.1376
vn -0.0034 0.9983 -0.0589
vn 0.1240 0.9746 0.1863
vn -0.9505 0.2375 0.2003
vn 0.2354 0.9650 0.1154
vn 0.3746 0.9111 -0.1719
vn 0.3750 0.9113 -0.1700
vn 0.3768 0.9120 -0.1621
vn 0.0620 0.9978 -0.0228
vn 0.2978 0.9527 0.0607
vn 0.3323 0.4680 0.8189
vn 0.2749 0.9166 0.2903
vn -0.0329 0.9498 0.3113
vn 0.0390 0.9989 -0.0246
vn 0.0369 0.9991 -0.0192
vn 0.0385 0.9990 -0.0217
vn 0.2675 0.8555 0.4433
vn -0.8776 0.4693 0.0982
vn 0.2067 0.9481 0.2414
vn 0.1669 0.9742 -0.1521
vn -0.0553 0.8232 0.5651
vn -0.1331 0.6717 0.7288
vn -0.2649 0.9524 0.1511
vn 0.6491 0.7156 0.2580
vn 0.2804 0.9500 0.1376
vn -0.1876 0.9598 -0.2088
vn -0.4870 0.7530 0.4425
vn 0.0693 0.9772 -0.2009
vn -0.4262 -0.0856 -0.9006
vn 0.6046 0.7411 0.2920
vn 0.8368 0.5468 0.0273
vn 0.7309 0.6685 0.1376
vn -0.9481 -0.0182 0.3173
vn -0.3860 0.8166 0.4290
vn 0.1359 0.2277 0.9642
vn 0.1646 0.9411 0.2953
vn 0.1058 0.9423 0.3175
vn -0.9397 -0.3324 0.0809
vn -0.9405 -0.3315 0.0748
vn -0.9394 -0.3331 0.0809
vn -0.0264 0.7937 0.6078
vn -0.4362 0.8950 -0.0933
vn -0.9421 0.1923 0.2748
vn 0.8953 -0.4384 -0.0789
vn 0.4345 0.7619 0.4803
vn -0.1365 0.9903 0.0249
vn -0.0111 0.9934 -0.1144
vn 0.1387 0.9842 -0.1104
vn -0.0563 0.9982 0.0182
vn -0.7737 0.6042 -0.1906
vn -0.9646 0.2629 0.0215
vn -0.0163 0.8623 0.5061
vn 0.3338 -0.1094 0.9363
vn 0.6780 0.4883 0.5494
vn -0.6587 0.3659 -0.6574
vn -0.3373 0.8288 0.4464
vn -0.0718 0.8708 0.4865
vn -0.0914 0.8490 0.5205
vn -0.3004 0.9368 0.1795
vn 0.7309 0.6810 -0.0457
vn 0.8652 0.4324 0.2541
vn 0.8998 0.0021 0.4363
vn -0.2895 0.9497 0.1193
vn -0.1011 0.9949 -0.0001
vn 0.0154 0.8640 0.5033
vn 0.8314 0.5550 -0.0279
vn 0.2959 0.4736 0.8295
vn 0.1519 0.9567 0.2481
vn 0.8301 0.4000 0.3886
vn -0.0080 0.9923 0.1237
vn -0.8400 0.3734 0.3936
vn 0.8268 0.5604 -0.0479
vn 0.3415 -0.3983 0.8514
vn 0.8131 0.5810 0.0358
vn 0.8155 0.5778 0.0347
vn 0.8135 0.5805 0.0359
vn 0.8278 0.5292 0.1863
vn -0.1493 0.8748 0.4610
vn 0.6185 0.7535 0.2229
vn -0.9235 0.3245 0.2046
vn 0.0701 0.9961 0.0535
vn 0.4688 0.7516 0.4641
vn -0.0029 0.9997 -0.0234
vn 0.2419 0.8448 0.4773
vn 0.0403 0.9989 -0.0243
vn -0.5532 0.7907 -0.2623
vn 0.8179 0.5744 0.0336
vn 0.8085 0.5829 0.0806
vn 0.9277 0.3715 -0.0375
vn 0.0616 0.9937 0.0938
vn -0.5442 0.7930 -0.2739
vn -0.5253 0.8217 -0.2209
vn -0.1260 0.7555 0.6429
vn -0.8059 -0.3614 0.4691
vn 0.3142 0.9455 -0.0851
vn 0.3105 0.9462 -0.0916
vn -0.2313 0.9416 0.2448
vn 0.4132 0.8529 0.3192
vn 0.0683 0.9018 0.4266
vn -0.0389 0.9335 0.3565
vn 0.7289 -0.5398 -0.4212
vn 0.7236 0.5790 0.3758
vn 0.1300 -0.2678 -0.9547
vn 0.3661 0.8977 -0.2452
vn 0.6674 0.6825 0.2978
vn 0.7995 0.2429 0.5493
vn -0.2851 0.9152 0.2848
vn -0.0675 0.8016 0.5941
vn -0.3008 0.9510 -0.0712
vn -0.7184 0.6917 0.0740
vn 0.8047 0.5389 -0.2492
vn 0.5732 0.5703 0.5884
vn 0.5601 0.6552 0.5069
vn 0.5635 0.6537 0.5051
vn 0.5596 0.6554 0.5072
vn -0.5149 0.6441 0.5657
vn -0.8180 0.1570 -0.5533
vn 0.0562 0.3556 -0.9329
vn -0.2562 0.7594 0.5980
vn -0.3069 0.8627 0.4020
vn 0.0853 0.9919 -0.0941
vn 0.7954 0.6060 0.0108
vn 0.7430 0.6635 0.0880
vn 0.6838 0.6679 0.2940
vn 0.7304 0.6467 0.2198
vn 0.7046 0.6248 0.3364
vn 0.6076 0.6731 0.4215
vn -0.6886 0.4679 -0.5540
vn -0.5542 0.8306 0.0535
vn 0.2222 0.9744 -0.0343
vn 0.5951 0.7406 0.3122
vn 0.7844 0.5960 0.1719
vn 0.8051 0.5904 -0.0567
vn 0.8030 0.5936 -0.0536
vn 0.8030 0.5935 -0.0537
vn 0.3771 0.9121 -0.1609
vn 0.8029 0.5937 -0.0534
vn 0.7229 0.6903 0.0305
vn 0.7188 0.6941 0.0384
vn 0.7224 0.6907 0.0317
vn 0.7182 0.6948 0.0392
vn 0.4539 0.8121 0.3666
vn 0.6385 0.7538 0.1551
vn -0.3787 0.8523 0.3608
vn -0.6431 0.5676 -0.5140
vn 0.8360 0.4717 -0.2803
vn 0.7635 0.5837 -0.2763
vn 0.6836 0.7272 -0.0619
vn 0.6510 0.7566 0.0610
vn 0.7297 0.6522 -0.2055
vn 0.1236 0.9398 0.3186
vn 0.2809 0.8429 0.4589
vn 0.0563 0.6814 0.7298
vn -0.9171 0.2253 -0.3290
vn 0.4879 0.8262 0.2818
vn 0.1897 0.9706 -0.1480
vn 0.7648 0.5713 0.2979
vn -0.2283 0.9514 -0.2068
vn -0.4620 0.7303 -0.5032
vn 0.2995 0.2096 0.9308
vn -0.4322 0.6522 -0.6228
vn -0.2659 0.7662 0.5851
vn 0.6717 0.7280 -0.1372
vn 0.6980 0.7144 -0.0488
vn 0.5639 0.6535 0.5050
vn -0.2660 -0.1593 0.9507
vn 0.2676 0.9542 0.1336
vn 0.6452 0.7197 0.2563
vn 0.5208 0.7392 0.4270
vn 0.5999 0.7367 -0.3121
vn 0.1979 0.6287 0.7521
vn -0.9186 -0.3802 0.1078
vn -0.2769 -0.1052 -0.9551
vn 0.3960 0.8110 0.4305
vn 0.4054 0.8093 0.4252
vn 0.4060 0.8093 0.4246
vn -0.2138 0.9548 -0.2067
vn -0.4439 0.8361 0.3223
vn -0.9216 0.3881 -0.0077
vn 0.1352 0.8901 0.4352
vn 0.6469 0.7609 -0.0500
vn 0.6353 0.7705 0.0527
vn 0.5682 0.8032 0.1788
vn 0.3949 0.8123 0.4291
vn 0.3025 0.7738 0.5565
vn 0.0499 0.9269 0.3719
vn 0.1008 0.7605 0.6415
vn 0.5999 0.7256 -0.3372
vn 0.5960 0.7751 -0.2099
vn 0.5963 0.7747 -0.2104
vn 0.6040 0.7672 -0.2157
vn 0.6047 0.7666 -0.2161
vn 0.6230 0.7820 0.0183
vn 0.5660 0.8170 0.1107
vn 0.0486 0.7796 0.6245
vn 0.1854 0.9771 -0.1048
vn 0.2026 -0.0645 0.9771
vn 0.0825 0.9916 0.0997
vn 0.0631 0.9401 0.3349
vn 0.0916 0.7491 0.6561
vn 0.5703 0.7754 0.2710
vn 0.5990 0.7911 -0.1240
vn 0.3856 0.8690 0.3102
vn 0.1594 0.7584 0.6320
vn -0.9689 -0.2234 -0.1068
vn -0.0106 0.9425 0.3340
vn -0.5007 0.8413 0.2036
vn -0.4039 0.8960 0.1843
vn 0.1113 0.8950 0.4319
vn 0.9126 -0.3808 -0.1486
vn 0.6388 -0.5635 -0.5238
vn 0.4967 0.8649 0.0726
vn -0.9522 0.2763 -0.1299
vn 0.6400 0.0315 0.7677
vn -0.0891 0.8659 0.4923
vn -0.5286 0.8309 0.1736
vn -0.8746 0.0620 -0.4808
vn 0.5167 0.8496 -0.1060
vn 0.3554 0.8599 0.3665
vn 0.4534 0.6577 0.6016
vn 0.5520 0.8066 -0.2113
vn -0.5340 0.8429 0.0667
vn -0.0466 0.7025 0.7101
vn 0.5025 0.8610 -0.0783
vn 0.5132 0.8580 -0.0211
vn 0.4815 0.8761 0.0260
vn 0.4032 0.8603 0.3119
vn -0.0964 0.8608 0.4997
vn -0.0977 0.8605 0.4999
vn -0.0963 0.8608 0.4997
vn -0.0949 0.8612 0.4994
vn 0.8343 0.0160 0.5510
vn 0.5746 0.7842 -0.2342
vn 0.3722 0.9097 0.1843
vn 0.4515 0.8197 0.3524
vn 0.3238 0.7693 0.5508
vn 0.1928 0.7334 0.6519
vn -0.6636 -0.7302 -0.1626
vn 0.9143 0.3267 0.2395
vn -0.9836 -0.1776 0.0310
vn -0.2112 -0.2262 -0.9509
vn 0.0947 0.1372 -0.9860
vn 0.4309 0.9021 0.0234
vn 0.3179 0.8220 0.4725
vn -0.2484 0.8739 0.4179
vn -0.3102 0.8637 0.3972
vn 0.5079 0.8468 -0.1582
vn 0.4069 0.8919 0.1973
vn 0.3826 0.8953 0.2281
vn -0.0940 0.7320 0.6748
vn -0.2125 0.8898 0.4038
vn 0.0900 0.9941 0.0613
vn -0.1342 0.9834 -0.1220
vn 0.2595 0.8561 0.4469
vn 0.8617 -0.4400 -0.2525
vn 0.8369 0.4991 0.2246
vn -0.7099 0.6382 0.2978
vn -0.7290 0.5344 -0.4278
vn 0.3770 0.9236 0.0692
vn 0.8483 0.4949 0.1882
vn 0.3841 0.8839 0.2668
vn -0.0937 0.6592 0.7461
vn -0.7911 -0.4017 -0.4613
vn -0.7911 -0.3973 -0.4652
vn -0.7904 -0.4014 -0.4628
vn -0.8431 -0.5342 0.0610
vn -0.8867 0.0313 0.4613
vn -0.8071 0.4352 -0.3990
vn 0.4292 0.8798 -0.2043
vn 0.7306 0.4369 0.5248
vn -0.6790 0.5105 0.5276
vn 0.1299 -0.0547 -0.9900
vn -0.8680 0.1837 0.4614
vn -0.8045 0.5004 0.3199
vn -0.8184 0.5520 0.1598
vn -0.2482 -0.7681 0.5902
vn -0.7004 0.4024 0.5895
vn -0.8028 0.3755 0.4631
vn 0.3723 -0.6628 0.6497
vn -0.3703 0.8446 0.3868
vn -0.5918 0.6459 0.4823
vn -0.3368 0.8719 0.3554
vn -0.3358 0.8724 0.3551
vn -0.3277 0.8759 0.3541
vn -0.0537 0.3710 0.9271
vn -0.2260 0.0027 0.9741
vn -0.9664 0.1745 0.1888
vn -0.2067 0.1293 0.9698
vn -0.4050 0.0769 -0.9111
vn -0.5371 0.1094 -0.8364
vn -0.5408 0.1077 -0.8342
vn -0.5366 0.1089 -0.8368
vn -0.3431 0.6377 0.6897
vn -0.3487 0.4696 0.8111
vn -0.3324 0.0039 0.9431
vn -0.8328 -0.3253 0.4479
vn -0.6351 0.4340 0.6390
vn -0.1375 -0.8063 -0.5754
vn -0.8746 -0.0420 0.4830
vn -0.7657 -0.3119 0.5625
vn -0.7655 -0.3116 0.5629
vn -0.7656 -0.3118 0.5627
vn -0.6432 0.7031 0.3033
vn -0.6385 0.7080 0.3017
vn -0.6418 0.7045 0.3029
vn -0.8308 -0.2922 0.4737
vn -0.8251 -0.0086 0.5649
vn -0.6375 0.7091 0.3012
vn -0.9039 -0.4212 0.0747
vn -0.4919 0.4232 0.7609
vn -0.5640 0.7221 0.4007
vn -0.7993 0.3651 0.4773
vn 0.2360 0.1448 -0.9609
vn -0.0645 -0.3633 -0.9295
vn -0.0415 0.1786 0.9830
vn 0.0123 -0.9992 -0.0374
vn -0.7654 0.4537 -0.4565
vn 0.5818 -0.3516 -0.7334
vn -0.6610 -0.0026 0.7504
vn -0.5050 0.4138 0.7574
vn -0.4518 0.2675 0.8510
vn -0.6944 -0.2646 0.6691
vn 0.0880 0.1231 -0.9885
vn 0.9109 0.3528 0.2140
vn -0.6996 0.5339 0.4749
vn -0.4607 0.3698 -0.8069
vn -0.7972 -0.0393 0.6024
vn -0.6379 0.6937 0.3344
vn -0.7739 0.3249 0.5436
vn -0.8135 -0.3725 0.4466
vn -0.6045 0.7822 0.1511
vn -0.7593 -0.4719 0.4480
vn -0.6417 0.5846 0.4964
vn -0.6437 0.5833 0.4955
vn -0.6436 0.5833 0.4955
vn 0.0724 -0.8616 -0.5025
vn -0.9057 0.3372 0.2571
vn -0.8807 0.4344 0.1886
vn -0.4726 0.3860 0.7923
vn -0.6649 0.3446 0.6627
vn -0.3450 -0.4314 0.8336
vn -0.9010 -0.0772 0.4268
vn -0.2200 0.1322 -0.9665
vn -0.3716 -0.0426 -0.9274
vn -0.8409 -0.3360 0.4242
vn -0.3233 0.1030 -0.9407
vn -0.7106 -0.2231 -0.6672
vn -0.8240 -0.0677 0.5625
vn -0.8251 -0.2811 0.4902
vn -0.4354 -0.3933 0.8098
vn -0.0633 0.5823 0.8105
vn -0.6360 0.2997 0.7112
vn -0.9660 -0.2376 0.1015
vn -0.4518 -0.8064 0.3816
vn -0.2436 -0.8814 0.4047
vn -0.4222 -0.8320 0.3599
vn -0.6726 0.0143 0.7398
vn -0.6317 0.2881 0.7197
vn -0.5445 0.3668 0.7543
vn -0.9322 0.2669 0.2444
vn -0.5240 -0.1345 0.8410
vn -0.3475 0.8117 0.4695
vn -0.2193 -0.2271 0.9489
vn 0.4010 0.1320 0.9065
vn 0.8689 -0.4736 -0.1442
vn -0.2064 0.8027 0.5595
vn -0.4914 0.6571 0.5716
vn 0.8903 0.4507 0.0646
vn -0.3855 0.7306 0.5635
vn -0.9170 0.1662 0.3626
vn -0.6456 0.5819 0.4945
vn -0.5560 -0.1822 0.8110
vn 0.6398 -0.7220 0.2634
vn 0.0220 0.2499 0.9680
vn 0.8376 -0.4598 -0.2951
vn -0.5943 0.5767 0.5605
vn -0.3657 0.0678 0.9282
vn 0.1829 -0.8853 -0.4276
vn -0.2072 -0.8253 0.5253
vn -0.9167 0.3895 -0.0894
vn -0.5129 0.3084 0.8012
vn -0.5757 -0.1701 0.7998
vn -0.5186 0.2614 0.8141
vn -0.5472 -0.2751 0.7905
vn -0.1424 0.2758 0.9506
vn 0.3101 -0.0784 0.9475
vn -0.9234 -0.1940 0.3314
vn -0.6965 0.6530 0.2974
vn -0.6277 0.1390 0.7660
vn -0.4896 0.5990 0.6337
vn -0.3924 0.6642 0.6362
vn -0.4223 -0.2639 0.8672
vn -0.1761 -0.9613 -0.2121
vn -0.4025 0.8243 0.3981
vn 0.5837 0.7259 -0.3639
vn -0.8535 0.4418 0.2763
vn -0.3268 0.5979 0.7319
vn -0.2041 -0.3401 0.9180
vn -0.4434 0.2238 0.8679
vn -0.8267 0.0099 0.5625
vn -0.4617 0.3092 0.8314
vn -0.4457 0.8857 0.1303
vn -0.9815 0.1526 0.1153
vn -0.7020 0.3283 0.6320
vn -0.7019 0.3285 0.6321
vn -0.7018 0.3283 0.6322
vn -0.3400 0.0822 -0.9368
vn -0.9151 0.3977 -0.0665
vn -0.7303 -0.3238 0.6015
vn -0.3810 -0.1321 0.9151
vn -0.2349 0.0703 0.9695
vn -0.8421 -0.2758 0.4634
vn -0.5398 0.3215 0.7780
vn -0.6521 -0.0657 0.7553
vn -0.2842 0.9546 -0.0895
vn -0.3803 -0.4815 0.7897
vn -0.6808 -0.2929 0.6713
vn -0.9274 -0.2170 -0.3047
vn -0.9225 -0.2260 -0.3128
vn -0.9263 -0.2268 -0.3007
vn -0.5811 -0.4455 0.6811
vn -0.6798 -0.0366 0.7324
vn -0.7493 0.2275 0.6219
vn -0.7493 0.2274 0.6220
vn -0.8882 0.4528 -0.0780
vn -0.4270 -0.0360 -0.9035
vn 0.1134 -0.6644 -0.7387
vn -0.5208 -0.2341 0.8210
vn -0.3126 -0.1377 0.9399
vn -0.5131 -0.2351 0.8255
vn -0.6801 0.1939 0.7070
vn -0.7999 0.2547 0.5434
vn -0.5704 0.0806 0.8174
vn 0.0861 0.7609 0.6431
vn -0.8041 -0.2799 0.5245
vn -0.5691 0.6316 0.5264
vn -0.4517 0.3670 -0.8132
vn -0.5429 -0.3065 0.7819
vn -0.7084 -0.0052 0.7058
vn -0.4939 -0.1800 0.8507
vn 0.0215 -0.1566 0.9874
vn -0.3891 -0.3855 0.8367
vn -0.6529 -0.2362 0.7197
vn -0.5008 -0.2348 -0.8331
vn 0.0606 -0.8251 0.5618
vn -0.1019 0.0763 -0.9919
vn -0.9562 -0.1403 0.2567
vn -0.8648 0.4290 -0.2610
vn -0.7630 -0.3639 0.5343
vn -0.4929 0.3131 -0.8118
vn -0.6598 0.4374 0.6111
vn -0.8739 0.3553 -0.3318
vn 0.3495 0.2442 -0.9046
vn -0.9442 -0.1508 -0.2929
vn -0.9426 -0.1549 -0.2959
vn -0.9430 -0.1542 -0.2950
vn -0.0633 -0.4933 -0.8675
vn -0.0940 -0.0446 -0.9946
vn -0.7521 0.0117 0.6590
vn -0.6436 0.3129 -0.6985
vn -0.6490 0.3118 -0.6939
vn -0.6443 0.3128 -0.6978
vn -0.9931 0.0928 0.0710
vn 0.6653 -0.0509 0.7448
vn -0.5372 -0.3433 0.7704
vn -0.6216 0.0051 0.7833
vn -0.5065 -0.0976 0.8567
vn -0.3538 0.9031 0.2433
vn -0.3131 0.7447 0.5895
vn -0.9316 0.2676 0.2460
vn -0.8418 0.4865 0.2338
vn -0.8192 0.5619 -0.1149
vn 0.3639 0.2353 0.9012
vn -0.6535 0.0858 0.7521
vn -0.6623 0.0870 0.7442
vn -0.6617 0.0867 0.7447
vn -0.6167 0.7872 0.0038
vn -0.0043 -0.3683 -0.9297
vn 0.1928 -0.8164 -0.5444
vn 0.0206 -0.1567 0.9874
vn -0.4325 -0.2967 0.8514
vn -0.5851 -0.1355 -0.7996
vn -0.7599 0.1585 0.6305
vn -0.6784 0.4168 0.6050
vn 0.8052 0.3865 0.4497
vn -0.9146 0.1791 0.3626
vn -0.3804 0.1857 -0.9060
vn -0.4914 -0.3781 0.7846
vn -0.8640 0.1412 0.4833
vn -0.9881 -0.0963 -0.1197
vn -0.6543 0.2260 0.7217
vn -0.5994 -0.7830 0.1664
vn -0.3978 0.8146 0.4220
vn -0.6418 0.5554 0.5289
vn -0.6281 0.5800 0.5187
vn -0.5086 -0.0546 0.8593
vn -0.5091 -0.0542 0.8590
vn -0.5090 -0.0546 0.8590
vn -0.9038 -0.0876 0.4190
vn -0.8957 -0.1308 0.4250
vn -0.8841 0.2316 0.4058
vn -0.9029 0.1165 0.4139
vn -0.3872 0.7180 0.5784
vn -0.5419 0.4882 0.6841
vn 0.5130 -0.8542 0.0842
vn -0.7571 0.0139 0.6531
vn -0.9335 0.2297 0.2753
vn -0.3267 0.8763 0.3542
vn -0.6846 0.3054 0.6618
vn -0.6246 0.4269 0.6539
vn -0.6147 0.5547 0.5608
vn -0.4773 0.6406 0.6015
vn -0.6875 0.6388 -0.3453
vn -0.2310 0.0278 0.9726
vn -0.8185 0.4829 0.3111
vn -0.8886 0.4315 -0.1557
vn -0.6870 0.3227 0.6510
vn -0.9222 0.2276 0.3127
vn -0.3995 0.6414 0.6549
vn -0.5547 0.7247 0.4089
vn 0.5089 -0.5210 -0.6853
vn -0.8477 0.0181 0.5301
vn 0.1556 -0.3174 -0.9354
vn -0.8847 0.3476 0.3107
vn -0.8919 -0.0959 0.4420
vn -0.3428 -0.8118 0.4727
vn -0.6603 0.1177 0.7417
vn -0.8211 -0.3536 0.4480
vn -0.8526 0.0745 0.5172
vn -0.2698 -0.0800 -0.9596
vn -0.8455 -0.3326 0.4177
vn -0.8418 -0.1663 0.5136
vn -0.7835 0.2121 0.5841
vn -0.2869 -0.8870 -0.3619
vn -0.7399 -0.1005 0.6652
vn -0.4774 0.2738 0.8349
vn -0.7257 0.4588 0.5126
vn -0.6073 0.3078 0.7324
vn -0.8154 0.0096 0.5788
vn -0.7926 0.3962 0.4635
vn -0.8410 0.1482 0.5204
vn 0.3326 -0.1433 0.9321
vn -0.5293 0.7597 0.3776
vn -0.8125 -0.0527 0.5806
vn -0.6778 0.4545 0.5780
vn -0.5407 0.1062 -0.8345
vn 0.1985 0.3766 -0.9049
vn 0.1986 0.3763 -0.9050
vn 0.1984 0.3767 -0.9048
vn -0.7085 0.0542 0.7037
vn -0.7045 0.0523 0.7078
vn -0.7084 0.0542 0.7037
vn -0.3644 0.5249 0.7693
vn -0.7833 -0.1180 0.6103
vn 0.3586 -0.8840 -0.3000
vn -0.0761 0.0211 -0.9969
vn -0.6181 0.1580 0.7701
vn -0.6194 0.1788 0.7644
vn -0.5645 0.5431 0.6216
vn -0.5657 0.5456 0.6183
vn -0.5632 0.5412 0.6244
vn -0.8415 0.1623 0.5154
vn -0.3351 -0.5939 0.7315
vn -0.1563 0.0766 -0.9847
vn -0.2988 -0.2721 -0.9147
vn -0.8921 -0.2165 0.3966
vn -0.7816 -0.0916 0.6171
vn -0.7815 -0.0955 0.6165
vn -0.7815 -0.0954 0.6165
vn -0.7816 -0.0957 0.6164
vn -0.8290 -0.0783 0.5538
vn 0.7841 0.5328 0.3182
vn -0.1082 0.2280 -0.9676
vn 0.5240 0.7643 -0.3760
vn 0.5239 0.7641 -0.3764
vn 0.5251 0.7616 -0.3797
vn -0.4471 0.8029 0.3941
vn -0.7373 0.5433 0.4015
vn -0.7362 0.5450 0.4012
vn -0.7395 0.5398 0.4022
vn -0.7404 0.1793 0.6478
vn -0.8254 0.4871 0.2853
vn -0.3908 0.7955 0.4631
vn -0.8556 -0.2409 0.4582
vn -0.7521 0.1411 0.6437
vn -0.7486 0.1947 0.6338
vn -0.7611 0.1759 0.6243
vn -0.6781 0.1090 0.7268
vn -0.8105 -0.3066 0.4991
vn -0.5817 0.7304 0.3580
vn -0.1936 0.2495 -0.9488
vn -0.0960 0.9858 0.1377
vn -0.5084 -0.0550 0.8594
vn -0.7633 0.2176 0.6083
vn -0.7660 0.2167 0.6052
vn -0.7637 0.2171 0.6079
vn -0.5258 0.5921 0.6107
vn -0.6545 0.4765 0.5870
vn -0.9182 0.2542 0.3038
vn -0.7404 0.5383 0.4027
vn -0.5837 0.6970 0.4164
vn 0.9286 -0.3167 -0.1936
vn -0.6049 0.4197 0.6767
vn -0.5633 0.5406 0.6248
vn -0.3552 0.8334 0.4234
vn -0.3550 0.8335 0.4234
vn -0.3548 0.8335 0.4235
vn -0.7434 0.3571 0.5655
vn -0.4375 0.3597 -0.8241
vn -0.8350 -0.2120 0.5078
vn -0.8157 -0.0125 0.5783
vn -0.7277 0.2584 0.6353
vn -0.7936 0.2924 0.5336
vn -0.7920 -0.1022 0.6019
vn -0.4618 0.7981 0.3871
vn 0.2426 0.2542 -0.9362
vn -0.4189 0.0292 -0.9076
vn -0.4188 0.0291 -0.9076
vn -0.4193 0.0303 -0.9073
vn -0.9446 0.0706 0.3206
vn -0.8166 -0.2805 0.5044
vn -0.5339 -0.1488 0.8324
vn -0.5167 0.5272 0.6746
vn -0.7542 -0.5272 0.3915
vn 0.1743 -0.6360 -0.7518
vn -0.2542 0.1826 -0.9497
vn 0.0726 0.2127 -0.9744
vn 0.0744 0.2121 -0.9744
vn 0.0740 0.2128 -0.9743
vn -0.7493 0.2273 0.6220
vn -0.8959 0.1771 0.4075
vn -0.0479 0.1877 -0.9811
vn -0.0466 0.1940 -0.9799
vn -0.0494 0.1949 -0.9796
vn -0.8065 -0.2590 0.5315
vn -0.2222 0.1900 0.9563
vn -0.5504 0.7657 0.3327
vn -0.5219 0.7590 0.3893
vn -0.5924 0.7002 0.3985
vn -0.7715 0.2554 0.5827
vn -0.7662 0.2174 0.6048
vn -0.8531 -0.0817 0.5152
vn -0.6504 -0.1899 -0.7355
vn -0.7125 0.0561 0.6994
vn -0.7129 0.0676 0.6980
vn -0.4435 -0.0589 -0.8943
vn 0.9492 -0.2508 -0.1899
vn -0.8537 0.2651 0.4482
vn 0.0688 -0.9961 -0.0550
vn 0.0672 -0.9963 -0.0541
vn 0.0728 -0.9957 -0.0573
vn -0.8323 0.3731 0.4099
vn -0.7172 0.5365 0.4448
vn -0.6451 0.7564 -0.1076
vn 0.6506 -0.2499 -0.7171
vn 0.6506 -0.2505 -0.7169
vn 0.6502 -0.2506 -0.7172
vn -0.6682 0.4059 0.6235
vn -0.6044 0.5365 0.5890
vn -0.4548 0.3410 -0.8227
vn -0.6459 -0.4379 0.6254
vn -0.7152 -0.2836 0.6388
vn -0.7953 -0.2143 0.5671
vn -0.7959 -0.1302 0.5913
vn -0.8599 0.2958 0.4160
vn -0.7803 0.4325 0.4518
vn -0.5191 0.6767 0.5221
vn -0.4147 0.8104 0.4140
vn -0.5322 0.5118 0.6744
vn -0.0171 0.3923 0.9197
vn -0.5118 0.7754 0.3699
vn -0.5871 0.6089 0.5335
vn -0.5238 -0.5182 0.6761
vn -0.7631 0.0597 0.6435
vn 0.8351 -0.5288 -0.1516
vn -0.5550 0.5623 0.6130
vn -0.4749 0.4717 0.7429
vn -0.1941 0.5089 -0.8387
vn -0.6746 0.2537 0.6932
vn -0.6739 0.2098 0.7084
vn -0.7818 -0.2562 0.5685
vn -0.7808 0.2695 0.5637
vn -0.5468 0.6466 0.5319
vn 0.7299 -0.6815 -0.0533
vn -0.4187 -0.5771 0.7011
vn -0.3228 0.7421 0.5874
vn 0.4847 0.5703 0.6632
vn 0.4873 0.5651 0.6658
vn -0.2238 0.3767 -0.8989
vn -0.5294 -0.3698 -0.7635
vn -0.2730 -0.0309 -0.9615
vn -0.7147 0.0943 -0.6930
vn -0.7038 -0.2329 0.6711
vn -0.7432 -0.0469 0.6674
vn 0.4440 -0.5981 -0.6672
vn -0.1671 0.0046 0.9859
vn -0.7000 0.3265 0.6352
vn -0.9553 0.2951 -0.0187
vn -0.4462 0.8365 0.3180
vn -0.4666 0.7059 0.5329
vn -0.6531 0.0869 0.7523
vn -0.8252 0.1906 0.5317
vn -0.8401 0.2929 0.4566
vn -0.2406 -0.1926 -0.9513
vn 0.3610 0.3505 -0.8642
vn -0.0550 0.6250 -0.7787
vn -0.1532 0.3422 -0.9271
vn -0.0323 0.5900 -0.8067
vn -0.0221 0.9053 -0.4241
vn 0.0232 0.9102 -0.4134
vn 0.0354 0.6935 -0.7196
vn -0.1922 -0.4395 0.8774
vn 0.3051 0.6760 -0.6708
vn 0.2002 0.8247 -0.5290
vn 0.5305 0.3708 -0.7623
vn 0.5302 0.3714 -0.7622
vn 0.5298 0.3731 -0.7616
vn -0.3368 -0.0161 0.9414
vn -0.9944 -0.0095 0.1054
vn -0.9069 -0.1489 -0.3941
vn -0.3113 0.5174 -0.7971
vn -0.6649 0.2005 -0.7195
vn -0.6330 -0.5683 -0.5257
vn -0.5140 -0.3516 -0.7824
vn 0.4518 -0.8104 -0.3729
vn -0.6744 -0.4143 -0.6112
vn -0.7221 0.0338 -0.6909
vn -0.9602 0.0106 -0.2793
vn -0.6025 -0.5544 -0.5742
vn -0.9459 0.0036 -0.3244
vn -0.9597 0.0588 -0.2749
vn -0.9131 -0.2029 -0.3537
vn -0.9121 -0.2048 -0.3552
vn -0.9092 -0.2100 -0.3596
vn -0.5339 -0.5270 -0.6612
vn -0.3326 -0.6719 -0.6618
vn -0.8073 -0.3995 -0.4344
vn -0.5142 -0.6237 -0.5887
vn -0.9696 0.2396 0.0501
vn -0.9759 0.1336 -0.1727
vn -0.6872 -0.4714 -0.5528
vn -0.8101 0.5526 0.1959
vn -0.9670 -0.0926 -0.2372
vn -0.9081 -0.2118 -0.3612
vn -0.7642 -0.4952 -0.4132
vn -0.3551 0.9105 -0.2117
vn -0.3751 -0.7246 -0.5781
vn -0.6698 -0.5586 -0.4893
vn -0.6711 -0.5579 -0.4882
vn -0.6736 -0.5567 -0.4861
vn -0.6748 -0.5562 -0.4850
vn -0.9815 -0.0685 -0.1786
vn -0.9817 -0.0641 -0.1793
vn -0.9818 -0.0625 -0.1795
vn -0.4785 -0.6307 -0.6110
vn -0.9936 0.0364 -0.1072
vn -0.9716 0.1495 -0.1834
vn -0.6184 -0.6576 -0.4304
vn -0.4682 -0.7390 -0.4844
vn -0.8953 -0.3107 0.3193
vn -0.9740 0.1517 -0.1683
vn -0.9032 -0.3228 -0.2831
vn -0.8388 -0.4567 -0.2963
vn -0.7931 -0.3956 -0.4631
vn -0.5497 -0.6667 -0.5033
vn 0.0102 0.7614 -0.6482
vn -0.8377 0.5387 0.0904
vn -0.8983 -0.3555 -0.2582
vn -0.9783 0.1863 0.0908
vn -0.7614 -0.5717 -0.3055
vn -0.9311 0.3189 0.1772
vn 0.1177 0.5450 -0.8302
vn -0.4210 0.6873 -0.5919
vn -0.9779 -0.1680 -0.1249
vn -0.5776 -0.8030 -0.1467
vn -0.5777 -0.8030 -0.1466
vn -0.5779 -0.8028 -0.1470
vn -0.9686 0.2214 -0.1134
vn -0.9814 -0.0703 -0.1784
vn -0.1146 0.6635 -0.7393
vn -0.1139 0.6637 -0.7393
vn -0.1140 0.6635 -0.7394
vn -0.4351 -0.8502 0.2963
vn -0.9779 0.1259 -0.1669
vn -0.1015 -0.9937 -0.0475
vn -0.1000 -0.9940 -0.0453
vn -0.1012 -0.9937 -0.0472
vn -0.0469 0.6087 -0.7920
vn -0.0032 0.3869 -0.9221
vn -0.6704 -0.3578 -0.6500
vn -0.6233 -0.1882 -0.7590
vn -0.7664 0.0637 -0.6392
vn -0.7516 0.1175 -0.6491
vn -0.7513 0.1177 -0.6494
vn -0.7502 0.1180 -0.6506
vn -0.9393 0.3095 -0.1482
vn -0.7685 -0.5380 -0.3464
vn 0.4936 0.6633 -0.5625
vn -0.7886 -0.3617 -0.4973
vn -0.7837 -0.3572 -0.5082
vn -0.7807 -0.3717 -0.5023
vn -0.8283 -0.3196 -0.4601
vn -0.8277 -0.3201 -0.4608
vn -0.8270 -0.3211 -0.4615
vn -0.5149 0.6542 -0.5539
vn -0.8705 0.2306 -0.4348
vn -0.5421 -0.7399 -0.3984
vn -0.8259 -0.4691 -0.3128
vn -0.9334 0.1908 0.3038
vn 0.2448 0.5615 -0.7905
vn 0.2444 0.5613 -0.7907
vn 0.2448 0.5617 -0.7903
vn -0.0739 0.4924 -0.8672
vn 0.8427 0.5355 0.0562
vn -0.8282 -0.3117 -0.4657
vn -0.7797 -0.3679 -0.5067
vn -0.8817 -0.2613 -0.3928
vn -0.9161 0.0083 -0.4009
vn -0.9142 0.0006 -0.4052
vn -0.9140 0.0013 -0.4057
vn -0.9164 0.0081 -0.4002
vn -0.8212 0.4056 -0.4014
vn -0.8106 0.4209 -0.4071
vn -0.9971 0.0752 -0.0110
vn -0.0252 0.3207 -0.9469
vn -0.0301 0.3192 -0.9472
vn -0.0309 0.3193 -0.9472
vn -0.0443 0.7109 -0.7019
vn -0.7600 -0.2675 -0.5924
vn -0.7600 -0.2657 -0.5930
vn -0.7602 -0.2677 -0.5919
vn -0.9592 0.0405 -0.2798
vn -0.8350 0.2463 -0.4921
vn 0.2874 0.6753 0.6793
vn -0.5706 -0.7263 -0.3832
vn -0.5292 0.8077 -0.2601
vn -0.9313 -0.3642 -0.0080
vn 0.1626 0.7665 -0.6214
vn 0.2476 0.5678 -0.7850
vn -0.7790 -0.2394 -0.5795
vn -0.8840 0.3426 -0.3181
vn -0.9730 0.0144 0.2302
vn -0.7493 -0.5804 -0.3190
vn -0.9343 -0.2955 -0.1996
vn -0.1340 0.7545 -0.6425
vn -0.9155 -0.2761 -0.2927
vn -0.7598 -0.2636 -0.5943
vn -0.9045 -0.2658 -0.3336
vn -0.7282 0.6321 -0.2650
vn -0.6836 -0.6787 -0.2683
vn -0.9814 -0.1886 -0.0363
vn -0.9531 -0.0339 -0.3008
vn -0.7612 0.6266 -0.1670
vn -0.9957 -0.0924 -0.0010
vn 0.0880 0.7819 0.6171
vn 0.3314 -0.2734 0.9030
vn 0.1840 0.6839 -0.7060
vn -0.7400 -0.1368 -0.6586
vn -0.9071 -0.2973 -0.2980
vn -0.9055 -0.2945 -0.3056
vn -0.9071 -0.2978 -0.2976
vn -0.8865 -0.3083 -0.3451
vn -0.9867 -0.0449 -0.1563
vn -0.8628 -0.3532 0.3617
vn -0.0733 0.2762 0.9583
vn -0.8866 -0.0988 -0.4519
vn -0.7477 0.4865 -0.4519
vn -0.7491 0.4562 -0.4803
vn -0.6767 0.5205 -0.5206
vn -0.7367 0.3196 0.5960
vn -0.9320 -0.1891 -0.3092
vn -0.9072 -0.2965 -0.2985
vn -0.9223 -0.0564 -0.3823
vn -0.7935 0.3558 -0.4937
vn -0.7844 0.3618 -0.5039
vn -0.9083 0.1771 0.3789
vn -0.8363 -0.1640 0.5232
vn -0.9349 0.2935 0.1995
vn -0.7954 -0.3206 0.5143
vn -0.9088 -0.2936 -0.2965
vn -0.9280 -0.2652 -0.2617
vn -0.9034 0.0707 -0.4228
vn -0.9099 -0.0322 -0.4135
vn -0.6386 0.3042 -0.7068
vn -0.6321 0.3030 -0.7132
vn -0.6333 0.3032 -0.7120
vn -0.7243 -0.5976 -0.3439
vn -0.9784 0.1087 0.1758
vn -0.0748 0.0705 -0.9947
vn -0.7802 -0.2181 -0.5862
vn -0.9405 -0.2207 -0.2585
vn 0.9917 0.0699 -0.1075
vn -0.8624 -0.5061 -0.0120
vn -0.0182 -0.9931 0.1156
vn -0.0180 -0.9935 0.1126
vn -0.0179 -0.9934 0.1131
vn -0.6613 -0.7476 -0.0614
vn -0.9894 0.1084 -0.0970
vn 0.2402 0.8116 -0.5325
vn 0.2421 0.8139 -0.5282
vn 0.2376 0.8090 -0.5376
vn 0.0758 0.5395 -0.8386
vn -0.7014 0.4313 -0.5675
vn -0.7000 0.4040 -0.5888
vn -0.5867 0.8091 0.0346
vn -0.8875 -0.0245 -0.4601
vn -0.8967 -0.2576 -0.3600
vn -0.9212 -0.2316 -0.3127
vn -0.9256 -0.2278 -0.3022
vn -0.1911 0.7655 -0.6144
vn -0.9285 -0.2765 0.2479
vn -0.9567 -0.0454 0.2875
vn -0.6871 -0.7200 -0.0977
vn -0.7575 -0.6456 -0.0971
vn -0.9610 -0.2371 -0.1425
vn -0.9392 0.3214 -0.1206
vn -0.9868 -0.0686 -0.1469
vn -0.9247 0.1386 -0.3546
vn -0.9048 -0.2947 -0.3074
vn -0.8396 0.5426 -0.0244
vn -0.9896 0.0025 -0.1438
vn -0.7356 -0.5864 -0.3392
vn -0.6354 0.0089 -0.7721
vn -0.6388 0.0094 -0.7693
vn -0.6341 0.0073 -0.7732
vn -0.3554 0.8333 0.4234
vn -0.9364 0.1381 -0.3225
vn 0.1251 -0.7750 -0.6195
vn -0.3668 0.8936 -0.2587
vn -0.9047 -0.2946 -0.3077
vn -0.9815 -0.1314 0.1389
vn -0.7173 -0.6138 -0.3298
vn -0.6930 -0.6081 -0.3873
vn -0.7172 0.3011 -0.6285
vn -0.6136 0.4093 -0.6753
vn -0.6180 0.4098 -0.6710
vn -0.6130 0.4095 -0.6757
vn -0.8225 0.5181 -0.2345
vn -0.8058 0.4989 -0.3190
vn -0.9429 -0.0461 -0.3299
vn -0.2759 0.2776 -0.9202
vn -0.2149 -0.7028 -0.6782
vn -0.5201 0.7364 -0.4326
vn -0.9693 0.2438 -0.0316
vn -0.9949 0.0361 0.0942
vn -0.9159 -0.3753 -0.1425
vn -0.9750 0.1754 0.1361
vn -0.8998 0.4201 -0.1179
vn -0.7862 0.5890 -0.1870
vn -0.9619 -0.1138 -0.2486
vn -0.8013 -0.3510 -0.4845
vn -0.6683 -0.6402 -0.3789
vn -0.9362 0.3440 0.0717
vn -0.9137 -0.1820 -0.3633
vn -0.9116 -0.2532 -0.3239
vn -0.9117 -0.2529 -0.3237
vn -0.9118 -0.2528 -0.3237
vn -0.9119 -0.2524 -0.3235
vn 0.5582 0.2545 -0.7897
vn -0.1936 0.1516 -0.9693
vn -0.9672 0.2512 -0.0372
vn -0.9812 -0.1895 -0.0351
vn -0.8490 0.4331 0.3027
vn -0.8049 -0.5661 -0.1779
vn -0.8048 -0.5662 -0.1781
vn -0.8041 -0.5669 -0.1792
vn -0.9883 0.0222 0.1511
vn -0.5659 0.7443 -0.3546
vn -0.8632 0.3946 -0.3149
vn -0.9743 -0.1135 -0.1945
vn 0.4998 0.5897 -0.6343
vn -0.0124 -0.9878 0.1555
vn -0.8502 0.5241 -0.0486
vn -0.5071 -0.6620 -0.5519
vn -0.6958 -0.6527 0.2996
vn -0.9823 0.1819 0.0454
vn -0.8427 0.5383 -0.0076
vn -0.8786 0.4725 -0.0690
vn -0.9929 0.0956 0.0701
vn -0.8033 -0.5049 0.3158
vn -0.9568 0.1753 -0.2318
vn -0.8436 0.4102 -0.3465
vn -0.7610 0.5719 -0.3063
vn -0.7612 0.5716 -0.3064
vn -0.7609 0.5715 -0.3073
vn -0.7776 0.6236 0.0801
vn -0.8667 0.4493 -0.2170
vn -0.9591 -0.0153 -0.2827
vn 0.3348 0.3308 -0.8823
vn -0.0033 0.6031 -0.7977
vn -0.7747 0.4361 -0.4579
vn -0.9182 0.2975 -0.2614
vn -0.8623 0.5036 0.0526
vn -0.6170 0.7043 -0.3509
vn -0.5512 0.7391 -0.3872
vn -0.6745 -0.6462 -0.3572
vn -0.9948 -0.0112 -0.1016
vn -0.8016 -0.0637 0.5944
vn -0.2164 0.7572 0.6162
vn -0.9875 0.1507 0.0470
vn -0.6181 0.4102 -0.6706
vn -0.9330 -0.2496 -0.2591
vn -0.9295 -0.2500 -0.2713
vn -0.9333 -0.2484 -0.2592
vn 0.3881 0.5312 -0.7532
vn 0.1617 0.9604 -0.2270
vn 0.4823 0.3863 -0.7863
vn -0.8421 -0.5374 0.0454
vn -0.6312 0.7112 -0.3095
vn -0.3296 0.2793 -0.9019
vn -0.8518 -0.5019 -0.1500
vn -0.8768 -0.4633 -0.1285
vn -0.9406 0.0058 0.3395
vn -0.9809 -0.1477 0.1269
vn -0.5282 0.7811 -0.3330
vn -0.8940 -0.0362 -0.4466
vn -0.8980 -0.0386 -0.4383
vn -0.8973 -0.0390 -0.4397
vn -0.9293 -0.2498 -0.2719
vn 0.3615 0.5012 -0.7862
vn -0.6691 -0.3186 -0.6715
vn -0.1130 -0.9904 0.0794
vn -0.1773 0.9208 -0.3473
vn -0.9476 0.0137 -0.3192
vn -0.9129 0.0879 -0.3987
vn -0.5541 -0.7295 0.4010
vn -0.8178 0.5508 0.1669
vn 0.1410 -0.6709 0.7280
vn -0.6254 0.7248 -0.2889
vn -0.8343 0.4040 -0.3750
vn -0.7589 0.5793 -0.2974
vn -0.8782 0.0647 -0.4738
vn -0.8795 0.4543 0.1414
vn 0.2426 0.8142 -0.5275
vn -0.7092 -0.5460 -0.4460
vn -0.9586 0.2507 -0.1349
vn -0.8039 -0.5671 -0.1794
vn -0.9747 -0.1451 0.1701
vn 0.8881 -0.0069 0.4596
vn -0.9404 -0.3319 0.0745
vn -0.9957 -0.0847 0.0377
vn 0.2127 0.6152 0.7592
vn -0.4400 0.7189 0.5382
vn -0.3800 0.7485 0.5435
vn -0.5075 0.2682 -0.8188
vn -0.7290 -0.0238 -0.6841
vn -0.7213 0.0364 -0.6917
vn 0.4754 -0.7139 -0.5142
vn 0.0448 0.5244 -0.8503
vn -0.6526 -0.6718 -0.3505
vn -0.9704 -0.2225 -0.0939
vn -0.5988 0.6812 -0.4213
vn -0.2180 0.8309 0.5119
vn -0.9939 -0.1045 -0.0349
vn 0.1816 0.9017 -0.3924
vn 0.1817 0.9016 -0.3925
vn -0.7270 -0.1510 -0.6698
vn -0.7268 -0.1510 -0.6700
vn -0.7269 -0.1509 -0.6699
vn -0.6943 0.3085 -0.6502
vn 0.5172 0.4492 -0.7285
vn 0.5226 0.4534 -0.7220
vn 0.5169 0.4489 -0.7288
vn -0.9356 -0.3519 -0.0293
vn -0.9691 0.2463 -0.0165
vn -0.9677 0.2515 -0.0170
vn -0.9672 0.2534 -0.0170
vn -0.8613 -0.4736 -0.1842
vn -0.9444 -0.3069 0.1177
vn -0.8854 -0.4495 0.1184
vn -0.1048 0.5586 -0.8228
vn -0.7966 -0.1080 -0.5948
vn -0.6901 0.2014 -0.6951
vn 0.0418 0.9652 -0.2580
vn -0.9783 0.0348 -0.2042
vn -0.8950 0.3012 0.3292
vn -0.7902 -0.5886 -0.1705
vn -0.9694 0.2451 -0.0162
vn -0.9311 -0.3542 -0.0878
vn -0.6237 0.7558 -0.1996
vn -0.6184 0.3657 -0.6956
vn -0.6306 0.5630 -0.5342
vn 0.2197 -0.1405 -0.9654
vn 0.2184 -0.1422 -0.9654
vn 0.2249 -0.1335 -0.9652
vn -0.9738 0.1763 0.1435
vn -0.9883 -0.0882 0.1241
vn 0.2681 0.7765 -0.5703
vn 0.5439 0.3128 -0.7787
vn 0.2791 -0.1838 -0.9425
vn -0.7348 0.0476 -0.6766
vn 0.4388 0.5377 -0.7200
vn -0.7851 -0.4933 -0.3745
vn -0.9137 0.2648 0.3082
vn -0.6211 0.5835 -0.5233
vn -0.9741 0.1241 0.1891
vn -0.8620 0.4371 0.2568
vn 0.6207 0.1768 -0.7639
vn 0.5001 0.3470 -0.7934
vn 0.0340 0.3323 -0.9426
vn -0.7977 -0.0563 -0.6004
vn -0.7524 0.1877 -0.6314
vn 0.0769 0.6273 -0.7750
vn 0.0045 -0.9998 -0.0211
vn 0.0024 -0.9997 -0.0226
vn 0.0041 -0.9998 -0.0212
vn 0.1403 0.3533 -0.9249
vn 0.1390 0.3488 -0.9268
vn 0.1388 0.3489 -0.9268
vn -0.9030 -0.3470 -0.2534
vn -0.9515 0.2160 0.2188
vn -0.8665 -0.4783 -0.1429
vn 0.1232 0.8416 -0.5258
vn 0.1591 0.0327 0.9867
vn -0.1736 0.6281 -0.7585
vn -0.9581 -0.1901 -0.2143
vn -0.6850 -0.1748 -0.7073
vn -0.7495 -0.0281 -0.6614
vn 0.0265 -0.9993 -0.0275
vn 0.0196 -0.9996 -0.0214
vn 0.0171 -0.9996 -0.0233
vn -0.1769 0.6459 -0.7426
vn -0.1764 0.6453 -0.7433
vn -0.1726 0.6474 -0.7424
vn -0.1893 0.7919 -0.5805
vn -0.1893 0.7920 -0.5805
vn -0.1902 0.7913 -0.5810
vn 0.1042 0.3627 -0.9261
vn 0.1418 0.3577 -0.9230
vn -0.0837 0.8168 -0.5709
vn 0.2997 0.4172 -0.8580
vn -0.0012 0.8945 -0.4470
vn -0.4857 0.6145 0.6216
vn -0.3144 0.7184 -0.6206
vn -0.8635 -0.0577 -0.5010
vn -0.5412 -0.5787 -0.6101
vn -0.5003 -0.7489 -0.4345
vn -0.7034 -0.1905 -0.6848
vn -0.2497 0.9094 -0.3327
vn 0.0420 0.5492 -0.8346
vn 0.0410 0.5488 -0.8350
vn 0.0465 0.5450 -0.8371
vn -0.1330 0.7346 -0.6654
vn -0.4708 -0.3442 -0.8123
vn -0.8039 -0.4874 -0.3409
vn -0.8987 0.2147 -0.3823
vn -0.7373 -0.1876 -0.6490
vn -0.8590 -0.5119 0.0008
vn -0.5002 0.6472 -0.5753
vn -0.7532 -0.3609 -0.5499
vn -0.7747 -0.4609 -0.4330
vn -0.6893 -0.2040 -0.6952
vn -0.8424 -0.0028 -0.5388
vn -0.7619 0.1939 -0.6180
vn -0.7564 0.2152 -0.6177
vn -0.6812 0.3687 -0.6325
vn 0.7916 0.3766 -0.4813
vn 0.2705 -0.1726 -0.9471
vn 0.0680 0.9364 -0.3443
vn -0.7280 -0.0337 -0.6847
vn -0.9941 0.1058 -0.0255
vn -0.9916 0.1284 0.0134
vn -0.6532 0.7119 -0.2577
vn -0.8000 0.5936 -0.0871
vn 0.0933 0.6313 -0.7699
vn -0.4932 -0.7257 -0.4798
vn -0.5623 -0.6900 -0.4557
vn -0.8225 -0.2745 -0.4982
vn -0.8434 -0.1768 -0.5074
vn -0.8744 0.0730 -0.4797
vn -0.7201 0.1532 -0.6768
vn -0.6831 0.2231 -0.6954
vn 0.0731 0.1760 -0.9817
vn -0.0902 0.4132 -0.9062
vn 0.0454 0.6283 -0.7767
vn -0.4732 0.1288 -0.8715
vn -0.9642 -0.1209 -0.2359
vn -0.9554 0.0963 -0.2791
vn -0.7286 0.5289 -0.4352
vn -0.6774 0.5668 -0.4689
vn -0.4273 0.8029 -0.4157
vn -0.8479 0.1006 -0.5205
vn -0.8772 -0.2755 -0.3932
vn -0.5730 -0.6202 -0.5358
vn -0.6544 -0.7121 -0.2544
vn -0.6546 -0.7119 -0.2543
vn -0.6540 -0.7125 -0.2542
vn -0.7497 -0.6005 -0.2781
vn -0.8123 -0.4339 -0.3898
vn -0.8737 -0.2004 -0.4433
vn -0.8898 0.0756 -0.4500
vn -0.7080 0.3485 -0.6142
vn 0.3190 0.8612 -0.3958
vn -0.1106 0.2454 -0.9631
vn -0.7535 0.1311 -0.6442
vn -0.7311 0.1707 -0.6606
vn -0.9432 0.2947 -0.1533
vn -0.2879 -0.8167 -0.5001
vn 0.5857 0.5916 0.5541
vn 0.8108 0.4632 -0.3577
vn 0.8088 0.4681 -0.3560
vn 0.8099 0.4653 -0.3571
vn -0.4605 0.6558 -0.5982
vn 0.0284 -0.9993 -0.0256
vn -0.8413 -0.2240 -0.4920
vn -0.9644 -0.0009 -0.2643
vn -0.8912 0.1909 -0.4116
vn -0.8704 0.2830 -0.4028
vn -0.8050 0.3535 -0.4765
vn -0.2192 0.7966 -0.5634
vn 0.2534 -0.9629 0.0929
vn -0.8290 0.0855 -0.5527
vn -0.7389 0.1892 -0.6467
vn -0.7216 0.2856 -0.6307
vn -0.6902 0.3699 -0.6219
vn -0.5947 0.6795 -0.4297
vn -0.4137 0.8034 -0.4283
vn -0.4025 0.8220 -0.4029
vn -0.7764 -0.0266 -0.6296
vn -0.8948 -0.3319 -0.2987
vn -0.9039 0.1779 -0.3891
vn -0.9008 0.1759 -0.3970
vn -0.9001 0.1764 -0.3985
vn -0.8071 -0.0416 -0.5889
vn -0.8037 0.0293 -0.5943
vn 0.5601 0.1620 -0.8125
vn 0.5597 0.1618 -0.8128
vn 0.5598 0.1619 -0.8127
vn -0.6082 0.1605 -0.7774
vn -0.8103 0.2327 -0.5379
vn -0.6688 0.2620 -0.6958
vn -0.7137 0.3691 -0.5953
vn -0.9753 0.1175 -0.1868
vn -0.9751 0.1245 -0.1833
vn -0.9755 0.1166 -0.1867
vn -0.7280 -0.6150 -0.3031
vn -0.7290 -0.6116 -0.3073
vn -0.7291 -0.6115 -0.3074
vn -0.8965 -0.3059 -0.3204
vn -0.8080 -0.5217 -0.2738
vn -0.9498 0.0735 -0.3040
vn -0.6252 -0.4265 -0.6536
vn -0.6243 -0.4168 -0.6607
vn -0.6242 -0.4158 -0.6615
vn -0.6114 -0.4383 -0.6589
vn -0.8518 -0.0588 -0.5205
vn -0.7013 0.2289 -0.6751
vn 0.5238 0.4544 -0.7205
vn -0.7651 0.2450 -0.5954
vn -0.7975 0.2698 -0.5396
vn -0.7610 0.4839 -0.4321
vn -0.7345 0.6060 -0.3054
vn -0.6827 0.7306 -0.0097
vn -0.8277 0.5310 -0.1816
vn -0.9802 0.1356 0.1443
vn -0.7084 0.6589 0.2529
vn -0.7342 0.6530 -0.1859
vn -0.9751 0.1255 -0.1826
vn -0.8655 -0.4744 -0.1609
vn -0.5858 -0.7500 -0.3072
vn -0.6542 -0.7105 -0.2592
vn -0.7279 -0.6152 -0.3028
vn -0.8772 -0.2916 -0.3814
vn -0.9399 0.0658 -0.3350
vn -0.9318 -0.0158 -0.3626
vn -0.9317 -0.0174 -0.3629
vn -0.9312 -0.0243 -0.3638
vn -0.9051 0.1729 -0.3885
vn -0.8049 0.3358 -0.4893
vn -0.8524 0.1309 -0.5062
vn -0.8673 0.1615 -0.4708
vn -0.8556 0.2127 -0.4719
vn -0.6932 0.2782 -0.6649
vn -0.6502 0.3115 -0.6929
vn -0.8326 0.1310 -0.5382
vn -0.8023 0.5544 -0.2214
vn -0.8240 0.5415 -0.1667
vn -0.9896 0.0678 -0.1272
vn -0.9440 -0.0621 -0.3241
vn -0.6251 -0.4271 -0.6534
vn -0.7338 0.1777 -0.6558
vn -0.4852 0.7254 -0.4882
vn 0.4866 0.1246 -0.8647
vn -0.1129 -0.4265 -0.8974
vn -0.5573 0.8097 -0.1840
vn -0.6724 0.7399 0.0198
vn -0.3933 0.8896 -0.2324
vn -0.4178 0.8747 -0.2455
vn -0.0777 0.4738 -0.8772
vn -0.7754 -0.6025 -0.1889
vn -0.8991 -0.3077 -0.3113
vn -0.9090 0.1128 -0.4012
vn -0.9310 -0.0268 -0.3640
vn -0.9011 0.1815 -0.3937
vn -0.8870 0.2962 -0.3543
vn -0.9176 0.0542 -0.3938
vn -0.8204 0.3248 -0.4706
vn -0.4848 -0.1899 0.8538
vn -0.9341 0.3184 0.1618
vn -0.6800 0.7317 -0.0463
vn -0.9746 0.1728 0.1425
vn -0.3404 0.9358 -0.0920
vn -0.9800 0.1791 0.0863
vn -0.9659 -0.2092 0.1525
vn -0.0232 -0.4125 -0.9107
vn 0.0148 -0.2884 -0.9574
vn -0.2451 -0.0867 -0.9656
vn -0.7513 -0.5976 -0.2801
vn -0.8275 -0.5057 -0.2440
vn -0.8878 -0.3966 -0.2335
vn -0.7162 -0.4304 -0.5494
vn -0.7029 -0.4172 -0.5761
vn -0.8554 -0.1301 -0.5013
vn 0.3749 0.5458 -0.7493
vn 0.4011 0.2704 -0.8752
vn 0.4821 0.5374 -0.6919
vn 0.6512 -0.2490 -0.7169
vn 0.4192 0.2921 -0.8596
vn -0.0670 0.7588 -0.6478
vn 0.6232 0.7480 -0.2284
vn -0.0131 0.7377 -0.6750
vn -0.2523 0.6048 -0.7553
vn 0.6693 -0.6932 -0.2675
vn -0.1008 0.6905 -0.7163
vn 0.1502 0.8865 -0.4376
vn -0.3306 0.8904 -0.3128
vn 0.5769 0.6190 -0.5329
vn 0.5393 0.6355 -0.5525
vn -0.1320 0.0189 -0.9911
vn 0.7281 0.1531 -0.6681
vn -0.3473 0.9047 -0.2469
vn -0.1726 0.9095 -0.3781
vn -0.1720 0.9102 -0.3767
vn -0.1744 0.9072 -0.3828
vn 0.4016 0.3222 -0.8573
vn 0.1625 0.3493 -0.9228
vn 0.8172 0.5429 0.1937
vn 0.9926 0.1040 0.0627
vn 0.1591 -0.9721 -0.1722
vn 0.4547 0.7309 -0.5090
vn 0.5316 0.5456 -0.6478
vn 0.4483 0.3748 -0.8115
vn 0.4483 0.3736 -0.8121
vn 0.4497 0.3796 -0.8085
vn -0.0336 0.4724 -0.8807
vn 0.9229 -0.1019 -0.3713
vn 0.3238 -0.4389 0.8381
vn 0.6935 0.4297 -0.5783
vn 0.6992 0.4310 -0.5704
vn 0.6996 0.4303 -0.5705
vn 0.9149 -0.1262 -0.3833
vn 0.6870 0.2881 -0.6671
vn 0.6934 0.4295 -0.5786
vn -0.2741 -0.9466 -0.1698
vn 0.6213 0.1600 -0.7671
vn 0.1901 0.4729 -0.8603
vn 0.3035 0.6468 -0.6997
vn 0.3035 0.6476 -0.6989
vn -0.1073 0.8345 -0.5405
vn -0.1129 0.9075 -0.4045
vn 0.3469 0.7629 -0.5456
vn 0.4949 0.3321 -0.8030
vn 0.4258 0.4626 -0.7776
vn 0.4023 0.7191 -0.5667
vn 0.5358 0.6876 -0.4900
vn 0.4503 0.3803 -0.8078
vn 0.3874 0.4142 -0.8236
vn 0.3648 0.2902 -0.8847
vn 0.2345 0.7689 -0.5949
vn 0.3405 0.5338 -0.7740
vn 0.4299 0.6439 -0.6329
vn 0.1864 0.4235 -0.8865
vn 0.2156 0.3558 -0.9093
vn -0.0888 0.2313 -0.9688
vn 0.6790 0.2281 -0.6978
vn -0.3061 0.8571 -0.4144
vn -0.6103 0.5821 0.5373
vn -0.5862 0.5193 -0.6218
vn 0.0347 -0.9975 0.0619
vn 0.3912 0.6181 -0.6818
vn 0.3414 0.2631 -0.9023
vn 0.6475 0.2058 -0.7337
vn -0.5484 0.0537 -0.8345
vn -0.7296 -0.1314 0.6711
vn 0.7397 0.4737 -0.4780
vn 0.4485 0.2109 -0.8686
vn 0.5970 -0.1440 -0.7892
vn -0.1243 0.2558 -0.9587
vn 0.6781 0.5922 -0.4353
vn -0.1127 0.7184 -0.6865
vn -0.0863 0.8796 -0.4679
vn 0.3083 0.4808 -0.8209
vn 0.5084 0.5323 -0.6769
vn 0.7123 0.4247 -0.5588
vn -0.0032 0.8984 -0.4391
vn -0.0757 0.5488 -0.8325
vn 0.5164 0.5112 -0.6870
vn 0.2779 0.8113 -0.5144
vn 0.0345 -0.9984 0.0443
vn 0.4662 0.5962 -0.6536
vn 0.1217 0.7858 -0.6064
vn -0.0116 0.4727 -0.8811
vn 0.6761 -0.5809 0.4532
vn -0.0104 0.9251 -0.3795
vn -0.1753 0.9064 -0.3844
vn 0.6095 0.2482 -0.7530
vn 0.2984 0.5601 -0.7728
vn 0.4540 0.2841 -0.8445
vn 0.3859 0.4928 -0.7799
vn 0.7927 0.0104 -0.6096
vn 0.3830 0.7997 -0.4623
vn 0.3829 0.8000 -0.4620
vn 0.3855 0.7942 -0.4696
vn 0.1797 0.1106 -0.9775
vn 0.7582 -0.1165 -0.6415
vn 0.0468 0.9752 -0.2163
vn 0.0739 0.9670 -0.2439
vn 0.1176 0.5573 -0.8220
vn -0.0569 0.6327 -0.7723
vn -0.1552 0.7233 -0.6729
vn 0.0679 0.7178 -0.6929
vn 0.6999 0.4909 -0.5188
vn 0.0998 0.9899 0.1002
vn -0.8215 0.4818 -0.3051
vn 0.6914 0.6217 -0.3680
vn -0.2329 0.7074 -0.6674
vn 0.6396 0.5464 -0.5408
vn 0.4065 0.6077 -0.6823
vn 0.2875 0.7644 -0.5771
vn 0.2915 0.7179 -0.6321
vn 0.0196 -0.9992 0.0352
vn -0.0183 0.4016 -0.9156
vn -0.2899 0.1699 -0.9418
vn -0.0779 0.5198 -0.8507
vn 0.0302 -0.9994 0.0148
vn -0.1445 0.5526 -0.8208
vn -0.1351 0.5527 -0.8223
vn -0.1330 0.5532 -0.8224
vn -0.9429 -0.1120 -0.3138
vn -0.1172 0.7907 -0.6009
vn 0.4991 0.5079 -0.7021
vn 0.5880 0.5749 -0.5689
vn 0.2721 0.5611 -0.7818
vn 0.0404 0.5828 -0.8116
vn -0.6949 0.6228 -0.3596
vn -0.3944 0.2927 -0.8711
vn -0.3585 0.3420 -0.8687
vn 0.6875 0.1949 -0.6995
vn 0.0429 0.2002 -0.9788
vn 0.2757 0.3543 -0.8936
vn -0.3798 0.8725 -0.3076
vn -0.2554 0.5147 -0.8184
vn -0.6469 0.3259 -0.6894
vn 0.4204 0.4640 -0.7797
vn -0.1071 0.9429 -0.3154
vn -0.1418 0.8938 -0.4254
vn -0.2084 0.8908 -0.4038
vn 0.0448 0.5228 -0.8513
vn 0.6810 0.0276 -0.7318
vn 0.0048 0.4383 -0.8988
vn 0.0655 0.7805 -0.6217
vn -0.0510 0.4780 -0.8769
vn -0.0483 0.6952 -0.7172
vn -0.0233 0.6170 -0.7866
vn 0.3752 -0.6243 -0.6852
vn 0.4289 0.3144 -0.8469
vn 0.4145 0.4452 -0.7937
vn 0.1338 0.1473 -0.9800
vn 0.0213 0.6564 -0.7541
vn -0.3083 0.8077 -0.5025
vn -0.5135 -0.1561 -0.8438
vn -0.0970 -0.5214 -0.8478
vn 0.9578 -0.2698 -0.0991
vn 0.7632 0.0051 -0.6462
vn -0.3737 0.7283 -0.5744
vn 0.0467 0.5445 -0.8375
vn 0.2146 -0.7531 -0.6219
vn 0.0053 0.6976 -0.7165
vn -0.4833 0.7936 -0.3697
vn -0.1682 0.6489 -0.7421
vn 0.6517 -0.5938 -0.4719
vn -0.0195 0.4372 -0.8992
vn -0.4154 0.1587 0.8957
vn -0.0068 0.6769 -0.7361
vn 0.0493 0.5654 -0.8234
vn 0.0407 0.5455 -0.8372
vn 0.4834 0.2908 -0.8256
vn 0.4742 0.2589 -0.8415
vn 0.0745 0.4364 -0.8967
vn 0.5784 0.0078 -0.8157
vn 0.2507 0.6055 -0.7554
vn 0.5665 0.2680 -0.7793
vn -0.6739 -0.6813 -0.2859
vn 0.2237 0.9689 -0.1061
vn -0.0658 0.5935 -0.8021
vn 0.0124 0.9370 -0.3492
vn -0.0489 0.5836 -0.8106
vn 0.3540 -0.8899 0.2877
vn -0.0497 0.5509 -0.8331
vn 0.8898 -0.1202 -0.4402
vn 0.3001 0.4729 -0.8284
vn 0.2323 0.8025 -0.5496
vn -0.2657 -0.6564 -0.7061
vn -0.2496 0.8279 -0.5023
vn 0.1620 0.3324 -0.9291
vn 0.3619 0.8085 -0.4640
vn -0.1418 0.8963 -0.4202
vn 0.2289 0.2083 -0.9509
vn 0.7950 -0.2991 -0.5277
vn 0.6594 0.3057 -0.6869
vn -0.0352 0.8019 -0.5964
vn -0.0080 0.7952 -0.6063
vn -0.0105 0.7975 -0.6033
vn -0.0111 0.7979 -0.6027
vn 0.1404 0.6375 -0.7576
vn 0.7981 -0.0619 0.5993
vn 0.1701 0.0073 -0.9854
vn 0.0748 0.7942 -0.6031
vn 0.7499 0.3737 -0.5458
vn 0.0150 0.4367 -0.8995
vn -0.2282 0.7154 -0.6604
vn -0.2583 0.6226 -0.7386
vn -0.2295 0.5714 -0.7879
vn 0.7813 0.1595 -0.6034
vn -0.3113 0.9376 0.1553
vn -0.3603 0.4830 -0.7980
vn 0.0086 0.9234 -0.3839
vn 0.3828 0.8003 -0.4616
vn 0.1433 -0.2033 -0.9686
vn 0.3034 0.6459 -0.7005
vn -0.3789 0.6562 -0.6526
vn -0.1209 0.7934 -0.5965
vn 0.3967 0.4799 -0.7825
vn -0.1746 0.7742 -0.6084
vn 0.9066 0.4013 0.1303
vn 0.4358 0.8286 -0.3515
vn 0.1553 0.7792 -0.6072
vn 0.5211 0.2700 -0.8096
vn 0.2805 0.2453 -0.9280
vn 0.2791 0.2423 -0.9292
vn 0.2753 0.2408 -0.9307
vn 0.3082 0.4644 -0.8303
vn 0.0516 0.6418 -0.7651
vn -0.4575 0.6546 -0.6018
vn -0.3922 0.6520 -0.6488
vn 0.8022 0.5955 -0.0423
vn 0.3664 0.6730 -0.6425
vn 0.0967 0.7896 -0.6059
vn 0.6026 0.3549 -0.7148
vn 0.6068 0.3137 -0.7303
vn 0.6068 0.3134 -0.7304
vn 0.6068 0.3135 -0.7304
vn 0.6043 0.3073 -0.7351
vn -0.2110 0.6072 -0.7660
vn -0.2045 0.6103 -0.7653
vn -0.2112 0.6072 -0.7660
vn -0.5251 0.8193 -0.2303
vn 0.8110 0.4626 -0.3581
vn 0.4948 0.1890 -0.8482
vn 0.5299 0.3736 -0.7614
vn -0.1957 0.7590 -0.6210
vn -0.1995 0.7259 -0.6583
vn -0.1246 0.4194 -0.8992
vn 0.0939 0.6649 -0.7410
vn 0.0457 0.8409 -0.5393
vn 0.0062 0.5161 -0.8565
vn -0.2115 0.6067 -0.7663
vn -0.1884 0.7926 -0.5799
vn 0.7686 0.3784 -0.5158
vn 0.7683 0.3782 -0.5165
vn 0.7678 0.3717 -0.5218
vn 0.7677 0.3708 -0.5227
vn -0.1302 0.7490 -0.6496
vn 0.0636 0.4477 -0.8919
vn -0.0647 0.8261 -0.5597
vn -0.0654 0.8267 -0.5588
vn -0.0649 0.8264 -0.5593
vn -0.6541 0.5888 -0.4749
vn 0.8762 0.4175 -0.2406
vn -0.0230 0.8033 -0.5951
vn 0.5101 0.5382 -0.6710
vn -0.0228 0.8409 -0.5408
vn -0.1321 0.6831 -0.7183
vn -0.2642 0.8979 -0.3521
vn -0.2548 0.9013 -0.3503
vn -0.2645 0.8978 -0.3521
vn 0.0279 0.5152 -0.8566
vn -0.0559 0.5305 -0.8458
vn 0.5583 0.3129 -0.7683
vn -0.2649 0.8976 -0.3523
vn 0.0080 0.9136 -0.4066
vn 0.5385 0.2726 -0.7973
vn 0.7461 0.1751 -0.6425
vn -0.2551 0.6805 -0.6869
vn 0.8908 0.3996 -0.2162
vn 0.4426 0.8464 -0.2963
vn -0.0585 0.4385 -0.8968
vn 0.5483 0.6861 -0.4781
vn 0.0148 0.8362 -0.5483
vn 0.0101 0.8347 -0.5506
vn 0.0102 0.8341 -0.5514
vn -0.0256 0.7426 -0.6693
vn 0.0301 0.5961 -0.8024
vn 0.0157 0.3518 -0.9360
vn -0.0638 0.8254 -0.5609
vn -0.1969 0.9024 -0.3832
vn 0.1806 0.9022 -0.3917
vn 0.6284 0.1093 -0.7702
vn -0.6645 0.5579 -0.4972
vn 0.1140 0.9567 -0.2677
vn 0.1257 0.9234 -0.3627
vn 0.0159 0.8365 -0.5477
vn 0.0287 0.4384 -0.8983
vn 0.0405 0.4164 -0.9083
vn -0.4562 -0.5430 0.7050
vn -0.0167 0.5375 -0.8431
vn 0.7242 0.5741 -0.3821
vn -0.0175 0.8252 -0.5646
vn 0.0576 -0.1835 -0.9813
vn 0.4530 0.7439 -0.4914
vn 0.0013 0.1995 -0.9799
vn -0.0096 0.6735 -0.7391
vn -0.3640 -0.3052 0.8800
vn -0.0519 0.0851 -0.9950
vn 0.1602 0.9577 -0.2391
vn 0.1387 0.5969 -0.7902
vn 0.3902 -0.9017 -0.1861
vn 0.3156 -0.2035 0.9268
vn 0.1983 0.3770 -0.9047
vn 0.5535 0.4582 -0.6955
vn -0.1467 0.5530 -0.8202
vn 0.0786 0.6623 -0.7451
vn 0.0632 0.5326 -0.8440
vn 0.1759 0.4242 -0.8883
vn -0.1127 0.6627 -0.7404
vn 0.0921 0.8378 -0.5382
vn 0.5347 0.5216 -0.6649
vn 0.4360 0.8032 -0.4058
vn 0.5255 0.7613 -0.3798
vn 0.1425 0.7343 0.6637
vn 0.2048 0.8026 -0.5603
vn -0.0929 0.4486 -0.8889
vn 0.4003 0.2867 -0.8704
vn 0.0338 0.7983 -0.6013
vn 0.1397 0.6175 -0.7740
vn 0.3615 0.4576 -0.8124
vn 0.5938 0.5332 -0.6026
vn -0.2665 0.8884 -0.3737
vn 0.3223 0.3933 -0.8611
vn 0.6080 0.2987 -0.7356
vn -0.6322 -0.7748 -0.0099
vn -0.0079 0.7949 -0.6067
vn 0.6422 0.4700 -0.6056
vn 0.3060 0.2480 -0.9192
vn 0.3062 0.7362 -0.6036
vn -0.3026 0.8181 -0.4891
vn -0.5744 0.7788 -0.2520
vn 0.6477 0.4185 -0.6367
vn -0.6820 0.5675 -0.4613
vn 0.1433 0.7661 -0.6265
vn 0.1177 0.4154 -0.9020
vn 0.0773 0.8035 -0.5902
vn 0.4620 -0.8304 -0.3114
vn 0.2551 0.7325 -0.6312
vn -0.0307 0.5118 -0.8586
vn -0.0606 0.5699 -0.8195
vn -0.1184 0.4877 -0.8649
vn -0.0862 0.4069 -0.9094
vn -0.0754 0.8429 -0.5327
vn -0.1902 0.9110 -0.3660
vn 0.3864 0.3831 -0.8390
vn -0.0250 0.7889 -0.6140
vn -0.6395 0.3043 -0.7060
vn 0.5778 0.0788 -0.8124
vn 0.3314 0.3087 -0.8915
vn 0.2488 0.9167 -0.3128
vn 0.2542 0.9011 -0.3514
vn 0.2540 0.9009 -0.3519
vn 0.2545 0.9010 -0.3514
vn 0.3510 0.6879 -0.6353
vn 0.2619 0.6786 -0.6862
vn 0.3315 0.4791 -0.8127
vn 0.1776 0.6675 -0.7231
vn 0.1739 0.6823 -0.7101
vn -0.0443 0.6269 -0.7778
vn 0.3809 0.6880 -0.6176
vn -0.5197 0.6446 -0.5607
vn 0.0302 0.5898 -0.8070
vn 0.7091 0.5823 -0.3976
vn -0.2925 0.2044 -0.9342
vn 0.2518 0.9006 -0.3542
vn 0.0356 0.5679 -0.8223
vn 0.3528 0.5493 -0.7575
vn 0.0939 0.8649 -0.4931
vn 0.0254 0.6199 -0.7842
vn 0.3094 -0.9441 -0.1140
vn -0.6581 0.7389 -0.1447
vn -0.5656 -0.5352 -0.6275
vn 0.3639 0.8318 -0.4191
vn 0.3727 0.7405 -0.5593
vn 0.0403 0.3928 -0.9187
vn -0.5750 0.4221 -0.7008
vn -0.0266 0.9560 0.2923
vn 0.5211 0.1537 -0.8395
vn 0.2146 0.6490 -0.7299
vn -0.0944 0.2136 -0.9723
vn -0.0245 0.3212 -0.9467
vn -0.5813 0.1796 -0.7936
vn -0.5787 0.8064 0.1216
vn -0.6247 0.3438 -0.7011
vn -0.3630 0.1747 -0.9153
vn -0.4224 0.1335 -0.8965
vn -0.5063 0.4335 -0.7455
vn -0.6977 0.1620 -0.6978
vn -0.3739 0.5349 -0.7577
vn -0.4602 0.3984 -0.7934
vn -0.3807 -0.1246 -0.9163
vn 0.0324 0.8521 0.5223
vn 0.0832 -0.5832 -0.8080
vn -0.3800 -0.0883 -0.9208
vn -0.3962 -0.1077 -0.9118
vn 0.6494 -0.2308 -0.7246
vn -0.4400 0.0674 -0.8955
vn 0.5160 -0.1606 -0.8414
vn 0.5157 -0.1602 -0.8417
vn 0.5161 -0.1607 -0.8413
vn -0.1250 0.2688 -0.9550
vn -0.4593 0.1988 -0.8657
vn 0.3533 -0.0746 -0.9325
vn 0.1926 0.1249 -0.9733
vn -0.3200 0.4667 -0.8245
vn 0.4541 -0.3473 -0.8205
vn 0.4654 -0.4123 -0.7832
vn 0.0766 -0.6051 -0.7924
vn 0.6424 -0.0570 -0.7642
vn -0.4959 -0.3371 -0.8003
vn -0.4967 -0.3337 -0.8012
vn -0.4964 -0.3346 -0.8010
vn -0.3087 -0.3949 -0.8653
vn -0.3500 -0.7006 -0.6218
vn 0.0941 -0.8890 -0.4481
vn -0.8979 -0.0396 -0.4384
vn 0.3365 -0.1888 -0.9225
vn -0.6377 -0.1848 -0.7478
vn -0.6150 -0.1334 -0.7771
vn -0.3506 0.0987 -0.9313
vn -0.4322 -0.6466 -0.6286
vn -0.5758 0.0546 -0.8158
vn -0.5239 -0.6081 -0.5964
vn -0.5305 -0.6636 -0.5275
vn 0.3370 -0.6760 -0.6553
vn 0.2068 -0.4618 -0.8625
vn 0.2895 -0.5166 -0.8058
vn -0.1605 0.4102 -0.8978
vn -0.4822 -0.7156 -0.5053
vn -0.6226 -0.4311 -0.6531
vn -0.2396 0.2374 -0.9414
vn -0.2394 0.2388 -0.9411
vn -0.2440 0.2367 -0.9404
vn -0.3975 0.2693 -0.8772
vn -0.1070 0.4962 -0.8616
vn -0.5606 -0.2951 -0.7737
vn 0.0872 -0.1678 -0.9820
vn 0.0978 -0.1346 -0.9861
vn 0.0012 0.1554 -0.9879
vn 0.0287 0.1184 -0.9926
vn 0.1100 -0.9032 -0.4148
vn 0.1855 -0.8865 -0.4239
vn 0.0129 -0.5694 -0.8220
vn -0.0737 -0.3721 -0.9252
vn 0.0117 -0.9973 -0.0722
vn -0.7040 0.2884 -0.6490
vn -0.2525 0.4836 -0.8380
vn -0.0451 0.4472 -0.8933
vn 0.2303 0.2705 -0.9348
vn -0.1502 -0.0089 -0.9886
vn -0.2607 0.1641 -0.9514
vn -0.2663 0.1115 -0.9574
vn -0.4816 -0.3382 -0.8085
vn -0.5020 -0.2633 -0.8238
vn -0.1044 0.0413 -0.9937
vn 0.2278 0.1038 -0.9681
vn -0.5526 0.7076 -0.4404
vn -0.3564 -0.0161 -0.9342
vn -0.1478 -0.0892 -0.9850
vn 0.3563 -0.6234 -0.6960
vn -0.5337 0.1254 -0.8363
vn -0.1549 0.2741 -0.9491
vn -0.4956 -0.3376 -0.8002
vn -0.0330 -0.4282 -0.9031
vn 0.2708 0.2456 -0.9308
vn 0.2961 0.0692 -0.9526
vn -0.5284 0.1491 -0.8358
vn 0.2036 -0.5239 -0.8271
vn 0.1894 -0.4833 -0.8547
vn -0.7241 -0.6425 -0.2508
vn -0.4755 0.4017 -0.7827
vn 0.1049 0.0240 -0.9942
vn 0.0635 -0.1512 -0.9865
vn -0.3270 0.1952 -0.9246
vn -0.3926 0.2850 -0.8744
vn -0.2877 0.0879 -0.9537
vn 0.3478 0.1589 -0.9240
vn -0.2966 -0.0066 -0.9550
vn -0.3076 0.0682 -0.9491
vn -0.0313 -0.3349 -0.9417
vn -0.6841 -0.0409 -0.7282
vn -0.7224 -0.2662 -0.6382
vn -0.4256 0.0186 -0.9047
vn 0.0259 -0.1438 -0.9893
vn 0.0789 0.1596 -0.9840
vn 0.1337 -0.3208 -0.9377
vn -0.2606 0.3690 -0.8922
vn 0.0673 -0.5165 -0.8536
vn -0.2773 0.2528 -0.9269
vn 0.6611 0.0202 -0.7500
vn 0.0657 0.2886 -0.9552
vn 0.0586 0.0562 -0.9967
vn 0.0447 -0.0382 -0.9983
vn -0.3604 -0.1140 -0.9258
vn 0.0764 0.1881 -0.9792
vn 0.0960 -0.4282 -0.8986
vn 0.2784 -0.8878 -0.3663
vn -0.0937 0.4411 -0.8925
vn 0.0062 -0.1078 -0.9942
vn 0.0060 -0.1079 -0.9941
vn -0.4445 0.0486 -0.8945
vn 0.1544 -0.4652 -0.8717
vn 0.1622 -0.4579 -0.8741
vn 0.1628 -0.4573 -0.8743
vn 0.0441 -0.1013 -0.9939
vn -0.3749 0.0083 -0.9270
vn 0.0275 -0.3816 -0.9239
vn 0.4316 -0.0183 -0.9019
vn -0.0022 0.2010 -0.9796
vn 0.2204 -0.3013 -0.9277
vn -0.8766 -0.1684 -0.4508
vn -0.3543 0.1031 -0.9294
vn 0.5594 0.1618 -0.8130
vn -0.3160 -0.4183 -0.8515
vn -0.1139 -0.1065 -0.9878
vn -0.2435 -0.4753 -0.8455
vn -0.1845 -0.6904 -0.6995
vn -0.5310 0.2759 -0.8012
vn 0.0869 0.3497 -0.9328
vn -0.6981 -0.0584 -0.7136
vn -0.5735 -0.7833 -0.2400
vn 0.1143 -0.4355 -0.8929
vn -0.0401 -0.4728 -0.8803
vn 0.8200 0.4987 0.2808
vn -0.6902 -0.3839 -0.6134
vn -0.6887 -0.3891 -0.6119
vn -0.6887 -0.3890 -0.6119
vn -0.4667 -0.6697 -0.5777
vn -0.0359 -0.6097 -0.7918
vn -0.0779 -0.1506 0.9855
vn -0.2209 -0.1854 -0.9575
vn -0.2019 -0.7169 -0.6673
vn -0.2456 -0.7198 -0.6492
vn -0.2380 -0.7239 -0.6475
vn -0.2452 -0.7193 -0.6500
vn -0.1069 -0.1237 -0.9865
vn 0.6588 0.2521 -0.7088
vn 0.5828 0.0098 -0.8126
vn 0.0835 -0.9481 0.3068
vn -0.2540 -0.2605 -0.9315
vn 0.1033 -0.9938 0.0415
vn -0.3844 -0.1207 -0.9152
vn -0.2264 -0.8631 -0.4513
vn -0.1819 -0.3688 -0.9116
vn -0.1824 -0.3689 -0.9114
vn -0.1819 -0.3688 -0.9115
vn 0.6018 0.0522 -0.7969
vn -0.0799 -0.0759 -0.9939
vn -0.4315 -0.2979 -0.8515
vn -0.1364 -0.0286 -0.9902
vn 0.2942 -0.6847 -0.6668
vn 0.1540 -0.4656 -0.8715
vn -0.5371 -0.2250 -0.8130
vn 0.9809 -0.1762 -0.0829
vn -0.3856 -0.2291 -0.8938
vn 0.1176 0.2467 -0.9619
vn 0.0827 0.0811 -0.9933
vn -0.5209 -0.2326 -0.8213
vn -0.5248 -0.2379 -0.8173
vn -0.5202 -0.2317 -0.8220
vn 0.4541 -0.4453 -0.7717
vn 0.1461 0.3354 -0.9307
vn -0.1103 -0.0967 -0.9892
vn 0.6335 -0.5578 -0.5362
vn 0.0108 -0.9919 0.1268
vn 0.5814 0.1000 -0.8075
vn 0.5425 0.1270 -0.8304
vn -0.1815 -0.3687 -0.9117
vn 0.0272 0.1033 -0.9943
vn -0.2260 -0.1231 -0.9663
vn 0.6984 -0.2617 -0.6662
vn 0.4814 0.0657 -0.8740
vn -0.0138 0.2739 -0.9617
vn -0.4768 0.3512 -0.8058
vn -0.4954 -0.3378 -0.8003
vn -0.9876 0.1547 0.0249
vn 0.5095 -0.4982 -0.7016
vn 0.5772 -0.1576 -0.8013
vn -0.6933 0.4316 -0.5771
vn 0.7540 -0.1155 -0.6467
vn 0.6156 -0.0800 -0.7840
vn 0.2087 0.3955 -0.8944
vn -0.0483 0.1870 -0.9812
vn 0.0368 0.1372 -0.9899
vn -0.8320 -0.0208 -0.5544
vn -0.2286 -0.3424 -0.9113
vn -0.3614 -0.3065 -0.8806
vn 0.6228 -0.3996 -0.6726
vn 0.5110 -0.0260 -0.8592
vn 0.4439 0.0773 -0.8927
vn -0.4291 -0.5570 -0.7111
vn 0.0204 -0.0352 -0.9992
vn -0.0800 -0.2330 -0.9692
vn 0.4368 -0.5792 -0.6883
vn 0.6335 -0.4099 -0.6563
vn 0.5924 -0.1306 -0.7950
vn 0.5013 0.0877 -0.8608
vn 0.5333 -0.1884 -0.8247
vn 0.5328 -0.1880 -0.8251
vn 0.5332 -0.1884 -0.8247
vn 0.5334 -0.1886 -0.8245
vn 0.5398 -0.0204 -0.8416
vn 0.4972 0.0049 -0.8676
vn 0.4238 0.1542 -0.8925
vn 0.4150 0.0627 -0.9077
vn 0.0770 -0.2528 -0.9644
vn -0.0294 -0.9991 0.0320
vn -0.3119 -0.3662 -0.8767
vn -0.2371 -0.7243 -0.6474
vn -0.2009 0.2197 -0.9546
vn -0.2977 0.4288 -0.8530
vn 0.2723 -0.5842 -0.7646
vn 0.3285 -0.0775 -0.9413
vn 0.4525 0.0426 -0.8908
vn -0.3720 0.9249 -0.0789
vn -0.5776 -0.8031 -0.1465
vn -0.2942 0.3193 -0.9009
vn -0.0647 -0.5915 -0.8037
vn -0.7717 0.5613 -0.2989
vn -0.5307 0.0629 -0.8452
vn 0.0938 -0.5770 -0.8113
vn 0.3640 0.0383 -0.9306
vn 0.3517 0.0638 -0.9339
vn -0.2883 -0.1331 -0.9482
vn -0.0375 -0.2569 -0.9657
vn 0.1133 0.2043 -0.9723
vn -0.2229 0.3947 -0.8914
vn -0.5507 0.2602 -0.7931
vn 0.3634 -0.2030 -0.9092
vn 0.4038 0.0722 -0.9120
vn 0.6127 0.0927 -0.7849
vn 0.6159 0.0885 -0.7828
vn 0.6163 0.0880 -0.7826
vn -0.2262 0.0602 -0.9722
vn -0.1444 -0.4358 -0.8884
vn -0.0425 -0.3220 -0.9458
vn -0.4356 -0.3081 -0.8458
vn -0.6269 -0.7459 0.2251
vn -0.1854 -0.7984 -0.5729
vn 0.2938 -0.4424 -0.8473
vn -0.1514 -0.3949 -0.9062
vn 0.0444 -0.2604 -0.9645
vn 0.0436 -0.2604 -0.9645
vn 0.0426 -0.2608 -0.9644
vn 0.0156 -0.3146 -0.9491
vn 0.3107 -0.3459 -0.8853
vn 0.4478 0.0053 -0.8941
vn 0.5066 -0.3882 -0.7698
vn 0.3730 -0.1842 -0.9094
vn 0.3308 -0.1171 -0.9364
vn 0.3992 0.0250 -0.9165
vn 0.3990 0.0273 -0.9166
vn 0.4046 0.0191 -0.9143
vn -0.6392 0.4974 -0.5866
vn 0.4478 0.2425 -0.8606
vn 0.1243 0.2814 -0.9515
vn -0.0347 0.3618 -0.9316
vn -0.6885 -0.3895 -0.6118
vn -0.6552 -0.7546 -0.0362
vn -0.5566 0.1183 -0.8223
vn -0.1947 -0.5637 -0.8027
vn -0.1575 0.1182 -0.9804
vn 0.4777 -0.3854 -0.7895
vn 0.2695 -0.4400 -0.8566
vn 0.2334 0.0125 -0.9723
vn 0.3825 0.0713 -0.9212
vn -0.1772 -0.0602 -0.9823
vn -0.1788 0.3259 -0.9283
vn -0.1536 0.0454 -0.9871
vn -0.4945 -0.4122 -0.7652
vn 0.4933 -0.3703 -0.7871
vn 0.0513 -0.2829 -0.9578
vn 0.3657 -0.1388 -0.9203
vn 0.3587 0.1142 -0.9264
vn 0.4438 -0.0021 -0.8961
vn 0.4502 0.1108 -0.8860
vn 0.3964 0.0281 -0.9176
vn -0.4667 -0.1078 -0.8778
vn -0.3931 0.7446 -0.5394
vn -0.2523 0.3294 -0.9098
vn 0.0325 -0.9993 -0.0199
vn 0.0305 -0.9993 -0.0193
vn 0.2081 -0.3463 -0.9148
vn 0.1152 -0.4975 -0.8598
vn 0.3023 -0.2178 -0.9280
vn 0.2860 -0.0359 -0.9575
vn 0.2511 -0.2084 -0.9453
vn 0.4158 -0.7753 -0.4755
vn -0.9627 0.1859 -0.1965
vn 0.6124 0.0930 -0.7851
vn 0.0853 -0.0458 -0.9953
vn 0.1846 -0.5745 -0.7974
vn 0.3369 -0.3583 -0.8707
vn 0.2975 -0.0638 -0.9526
vn 0.3707 -0.7266 -0.5785
vn 0.2746 -0.0556 -0.9599
vn 0.3855 0.0864 -0.9187
vn 0.4233 -0.0388 -0.9052
vn -0.0795 0.4399 -0.8945
vn -0.1307 0.1207 -0.9840
vn -0.2586 0.3146 -0.9133
vn 0.5336 -0.8414 0.0862
vn 0.0616 -0.4239 -0.9036
vn 0.3346 -0.0804 -0.9389
vn 0.0439 -0.3487 -0.9362
vn -0.0521 0.3735 -0.9262
vn -0.6667 0.2225 -0.7113
vn 0.1930 -0.1542 -0.9690
vn -0.0090 -0.2949 -0.9555
vn 0.2929 0.0324 -0.9556
vn 0.2472 -0.3820 -0.8905
vn 0.2391 -0.3343 -0.9116
vn 0.5887 -0.3514 -0.7280
vn 0.3326 0.0796 -0.9397
vn 0.5806 -0.0000 -0.8142
vn 0.4225 0.1270 -0.8974
vn 0.3946 0.0276 -0.9184
vn -0.1783 0.0674 -0.9817
vn -0.0514 -0.0809 -0.9954
vn -0.2690 0.0603 -0.9613
vn -0.3500 -0.3648 0.8628
vn -0.4348 0.2572 -0.8630
vn 0.1697 0.1946 -0.9661
vn 0.4180 -0.6886 -0.5926
vn -0.6066 0.2662 -0.7491
vn 0.3747 0.2356 -0.8967
vn 0.1533 -0.3580 -0.9210
vn 0.1577 -0.3622 -0.9187
vn 0.1590 -0.3605 -0.9191
vn 0.1555 -0.1543 -0.9757
vn 0.4761 0.0523 -0.8778
vn 0.4595 0.1540 -0.8747
vn 0.3807 0.0527 -0.9232
vn 0.0034 -0.9996 0.0269
vn -0.0052 -0.9998 0.0207
vn 0.0022 -0.9997 0.0263
vn -0.4700 -0.1218 -0.8742
vn -0.3994 0.0088 -0.9167
vn -0.2532 -0.3058 -0.9178
vn 0.1808 0.1078 -0.9776
vn 0.0940 -0.8804 -0.4648
vn -0.2938 0.1427 -0.9451
vn -0.4948 0.3311 -0.8034
vn -0.2856 -0.2932 -0.9124
vn -0.4636 0.3143 -0.8285
vn 0.1846 -0.0149 -0.9827
vn 0.0532 -0.5391 -0.8406
vn 0.1577 -0.3631 -0.9183
vn 0.1962 -0.0497 -0.9793
vn 0.2981 -0.1572 -0.9415
vn 0.2788 0.0235 -0.9601
vn 0.2549 -0.0027 -0.9670
vn -0.3426 0.3280 -0.8804
vn -0.3120 0.2323 -0.9212
vn -0.4293 0.3260 -0.8423
vn -0.4286 0.3291 -0.8414
vn -0.4287 0.3297 -0.8411
vn 0.0805 0.2846 -0.9553
vn -0.0873 0.4739 -0.8762
vn -0.2860 0.2130 -0.9343
vn 0.2681 -0.4620 -0.8454
vn 0.1677 -0.3316 -0.9284
vn -0.1775 -0.3058 -0.9354
vn 0.1223 0.1251 -0.9846
vn 0.1210 0.0795 -0.9895
vn -0.5833 0.0320 -0.8116
vn -0.5817 0.0307 -0.8128
vn -0.5823 0.0311 -0.8124
vn -0.1141 -0.9752 -0.1895
vn 0.5819 -0.4736 -0.6612
vn -0.3568 -0.2437 -0.9018
vn 0.1780 -0.0242 -0.9837
vn 0.3824 -0.2851 -0.8789
vn 0.3771 -0.2931 -0.8786
vn 0.3820 -0.2842 -0.8794
vn 0.2309 0.0448 -0.9719
vn 0.3255 0.1563 -0.9325
vn -0.3054 -0.2024 -0.9305
vn 0.3009 0.2751 -0.9131
vn 0.2980 0.2651 -0.9170
vn 0.3006 0.2740 -0.9136
vn -0.2944 -0.1956 -0.9355
vn -0.3201 -0.2798 -0.9051
vn 0.3700 -0.2370 -0.8983
vn 0.1723 -0.3588 -0.9174
vn 0.1710 -0.2342 -0.9570
vn 0.1713 -0.2353 -0.9567
vn 0.1741 -0.2387 -0.9554
vn 0.1614 -0.0017 -0.9869
vn 0.3223 0.1778 -0.9298
vn -0.6981 0.1874 -0.6910
vn 0.1233 0.2460 -0.9614
vn -0.2407 -0.2749 -0.9309
vn -0.1716 -0.0695 -0.9827
vn -0.7935 -0.2554 -0.5524
vn 0.2782 -0.2464 -0.9284
vn 0.2557 0.0103 -0.9667
vn 0.1257 -0.3623 -0.9235
vn 0.1167 -0.3580 -0.9264
vn 0.1157 -0.3565 -0.9271
vn 0.3020 -0.2022 -0.9316
vn 0.3747 -0.2921 -0.8800
vn 0.0244 0.1197 -0.9925
vn 0.0242 0.1190 -0.9926
vn 0.0261 0.1140 -0.9931
vn 0.0710 0.1512 -0.9860
vn -0.1010 0.5698 -0.8155
vn -0.6239 -0.0536 -0.7797
vn -0.8881 -0.0603 -0.4556
vn 0.0628 -0.3492 -0.9349
vn 0.1396 -0.7293 -0.6698
vn 0.2609 0.0242 -0.9650
vn 0.2668 0.0621 -0.9618
vn 0.1242 -0.7135 -0.6896
vn 0.1248 -0.6701 -0.7317
vn 0.2410 -0.2725 -0.9315
vn 0.2786 -0.2256 -0.9335
vn 0.2207 -0.1485 -0.9640
vn 0.2578 0.0214 -0.9660
vn 0.1376 -0.4477 -0.8835
vn -0.3928 0.0528 -0.9181
vn 0.1398 -0.1436 -0.9797
vn 0.1556 -0.7006 -0.6964
vn 0.1729 -0.3548 -0.9188
vn 0.1279 -0.3625 -0.9232
vn 0.1748 -0.2394 -0.9550
vn 0.6023 -0.0859 -0.7936
vn -0.5838 0.0325 -0.8112
vn 0.4392 -0.5814 -0.6849
vn 0.1705 0.1635 -0.9717
vn -0.1902 -0.3967 -0.8980
vn -0.2412 0.1867 -0.9524
vn 0.0863 -0.5367 -0.8393
vn 0.1101 -0.2428 -0.9638
vn 0.1875 0.1437 -0.9717
vn 0.2429 -0.2283 -0.9428
vn 0.2421 -0.2270 -0.9433
vn 0.2396 -0.2234 -0.9448
vn 0.1840 -0.0544 -0.9814
vn 0.3568 0.1709 -0.9184
vn 0.2090 0.3395 -0.9171
vn 0.4052 0.1210 -0.9062
vn 0.1258 0.3582 -0.9251
vn 0.1374 -0.0105 -0.9905
vn 0.1389 -0.0035 -0.9903
vn 0.1377 -0.0087 -0.9904
vn 0.1392 -0.0019 -0.9903
vn 0.1211 -0.2991 -0.9465
vn 0.2765 -0.3160 -0.9076
vn 0.2658 -0.1281 -0.9555
vn 0.3889 0.2701 -0.8808
vn -0.2875 -0.2370 -0.9280
vn -0.3127 -0.3476 -0.8840
vn -0.7499 0.1179 -0.6510
vn 0.1162 -0.4445 -0.8882
vn 0.1380 -0.1551 -0.9782
vn 0.2175 -0.0009 -0.9761
vn 0.1440 -0.2833 -0.9482
vn 0.3249 -0.1126 -0.9390
vn 0.3204 -0.0639 -0.9451
vn 0.2533 0.1685 -0.9526
vn -0.6226 0.1479 -0.7685
vn 0.1346 -0.2482 -0.9593
vn -0.5742 0.1926 -0.7957
vn 0.2354 -0.1863 -0.9539
vn -0.2774 0.3492 -0.8951
vn -0.2258 0.4764 -0.8497
vn -0.5129 -0.0798 -0.8547
vn -0.4982 -0.0422 -0.8660
vn -0.1578 0.1496 -0.9761
vn 0.1266 -0.1054 -0.9863
vn 0.0843 -0.7234 -0.6852
vn 0.0303 -0.3403 -0.9398
vn 0.1965 -0.3355 -0.9213
vn 0.2210 -0.2254 -0.9489
vn 0.2388 -0.2222 -0.9453
vn 0.2156 -0.1968 -0.9565
vn 0.8239 -0.5349 -0.1871
vn 0.1675 0.3385 -0.9259
vn 0.1700 0.3452 -0.9230
vn 0.1676 0.3385 -0.9259
vn -0.6229 -0.1896 -0.7590
vn -0.0157 -0.9732 0.2293
vn -0.3812 -0.3201 -0.8673
vn 0.1177 -0.7936 -0.5970
vn 0.0582 -0.5910 -0.8045
vn 0.1303 -0.7069 -0.6952
vn 0.1054 -0.4096 -0.9062
vn 0.1845 -0.1799 -0.9662
vn 0.1663 0.1055 -0.9804
vn 0.2978 0.2640 -0.9174
vn -0.1820 0.2400 -0.9536
vn -0.0193 0.2541 -0.9670
vn 0.1992 -0.2617 -0.9444
vn 0.2008 -0.2592 -0.9447
vn 0.2013 -0.2583 -0.9449
vn 0.2204 -0.1737 -0.9598
vn 0.2198 0.1778 -0.9592
vn 0.1672 0.3387 -0.9259
vn -0.4352 0.0240 -0.9000
vn -0.5822 -0.1103 -0.8055
vn 0.1307 -0.4606 -0.8779
vn 0.1986 -0.2624 -0.9443
vn 0.0128 -0.3742 -0.9273
vn 0.0888 -0.1245 -0.9882
vn 0.1228 -0.0231 -0.9922
vn -0.5254 -0.2385 -0.8167
vn -0.0521 0.1436 -0.9883
vn -0.6805 -0.3647 -0.6355
vn -0.4309 -0.2648 -0.8627
vn -0.3511 0.4514 -0.8204
vn -0.8906 0.1680 -0.4227
vn -0.3273 0.5254 -0.7854
vn -0.0078 -0.2990 -0.9542
vn 0.1532 -0.0871 -0.9843
vn 0.3285 -0.1690 -0.9293
vn 0.3616 -0.2608 -0.8951
vn 0.1831 -0.1853 -0.9655
vn 0.1951 -0.8054 -0.5597
vn -0.5939 0.1660 -0.7873
vn -0.2234 0.1763 -0.9586
vn 0.1291 -0.2634 -0.9560
vn 0.1146 -0.0358 -0.9928
vn 0.1999 -0.1938 -0.9605
vn 0.1682 -0.0046 -0.9857
vn 0.1258 -0.1142 -0.9855
vn 0.1493 -0.0559 -0.9872
vn 0.1484 0.0363 -0.9883
vn -0.4790 -0.6905 -0.5421
vn -0.0314 -0.0212 -0.9993
vn -0.4915 -0.4365 -0.7536
vn 0.3030 0.2768 -0.9119
vn -0.0161 -0.5348 -0.8448
vn 0.2551 -0.3249 -0.9107
vn 0.1171 -0.0812 -0.9898
vn -0.2400 0.2402 -0.9406
vn 0.3914 0.8644 -0.3155
vn -0.9283 0.3112 -0.2035
vn -0.9211 0.1823 -0.3440
vn -0.3741 0.1653 -0.9125
vn 0.1732 -0.2763 -0.9453
vn 0.1457 0.2280 -0.9627
vn 0.2597 -0.1943 -0.9460
vn 0.3434 -0.2604 -0.9023
vn 0.9204 -0.3576 -0.1582
vn -0.3621 0.0938 -0.9274
vn 0.6177 -0.1476 -0.7724
vn 0.0068 -0.1077 -0.9942
vn 0.4433 -0.8567 -0.2636
vn -0.1299 -0.5765 0.8067
vn -0.1285 -0.5788 0.8053
vn -0.1267 -0.5797 0.8049
vn -0.8422 0.0695 -0.5347
vn -0.4914 -0.3772 -0.7850
vn -0.5590 -0.2536 -0.7895
vn 0.0027 -0.2180 -0.9759
vn 0.2146 -0.1801 -0.9600
vn 0.1639 -0.1017 -0.9812
vn -0.0334 -0.8032 -0.5948
vn 0.1626 -0.2575 -0.9525
vn -0.0508 -0.6111 -0.7899
vn 0.0473 -0.4005 -0.9151
vn 0.1820 -0.2523 -0.9504
vn 0.2017 -0.2848 -0.9371
vn 0.0683 0.0916 -0.9934
vn 0.7822 0.5254 -0.3349
vn -0.3756 0.5613 -0.7375
vn 0.0688 -0.1052 0.9921
vn -0.0191 0.3324 -0.9429
vn -0.4297 0.3255 -0.8422
vn -0.0929 0.4647 -0.8806
vn 0.7718 -0.5966 0.2198
vn 0.5262 0.2385 -0.8162
vn 0.1834 0.0012 -0.9830
vn 0.1876 0.0068 -0.9822
vn 0.1835 0.0019 -0.9830
vn 0.3609 -0.2266 -0.9047
vn 0.1786 -0.0738 -0.9812
vn 0.1719 -0.0902 -0.9810
vn 0.2039 0.0309 -0.9785
vn 0.1892 -0.1314 -0.9731
vn -0.9498 0.0166 -0.3125
vn -0.1422 -0.0169 -0.9897
vn -0.5430 0.2769 -0.7927
vn -0.3838 -0.7367 -0.5567
vn -0.0659 -0.9941 -0.0864
vn -0.4785 -0.1055 -0.8717
vn 0.7197 -0.6573 0.2237
vn -0.5419 -0.4812 -0.6891
vn -0.4380 -0.0816 -0.8953
vn -0.7351 -0.1519 -0.6607
vn -0.6555 -0.1785 0.7338
vn -0.0876 -0.5345 -0.8406
vn -0.0842 -0.5078 -0.8573
vn -0.1518 -0.3435 -0.9268
vn -0.0182 -0.3698 -0.9289
vn -0.0376 -0.4108 -0.9109
vn 0.1070 0.1220 -0.9867
vn -0.3666 -0.0943 -0.9256
vn -0.3089 0.1832 -0.9333
vn -0.0563 0.2666 -0.9622
vn -0.5873 0.0655 -0.8067
vn -0.3427 0.1559 -0.9264
vn -0.7872 0.1175 -0.6053
vn 0.3021 -0.7728 0.5581
vn 0.4965 0.1510 -0.8548
vn -0.7792 -0.2536 -0.5731
vn 0.0703 -0.1743 -0.9822
vn 0.0698 -0.1745 -0.9822
vn 0.0592 -0.1795 -0.9820
vn 0.0681 -0.1490 -0.9865
vn -0.2271 0.3128 -0.9223
vn -0.4549 -0.2929 -0.8410
vn -0.1115 0.3714 -0.9217
vn -0.7252 -0.0836 -0.6835
vn 0.3092 -0.7953 0.5214
vn -0.5990 -0.2337 -0.7659
vn 0.1859 -0.2271 -0.9560
vn -0.2061 -0.4136 -0.8868
vn -0.2064 -0.4137 -0.8867
vn -0.2071 -0.4143 -0.8863
vn -0.2073 -0.4145 -0.8861
vn 0.0719 -0.1736 -0.9822
vn 0.0441 0.1331 -0.9901
vn -0.4388 -0.7199 -0.5377
vn -0.7969 0.2460 -0.5517
vn -0.2767 0.0207 -0.9607
vn 0.2806 -0.9099 -0.3056
vn -0.5241 -0.1265 -0.8422
vn -0.6390 0.0122 -0.7691
vn -0.5205 0.4260 -0.7400
vn -0.1009 -0.3427 -0.9340
vn -0.1009 0.2629 -0.9595
vn -0.1063 0.3240 -0.9401
vn -0.2828 -0.6903 -0.6660
vn -0.4256 -0.0874 -0.9007
vn -0.7363 0.3334 -0.5889
vn -0.2708 -0.7428 -0.6123
vn -0.5142 -0.5316 -0.6730
vn -0.4056 -0.4236 -0.8100
vn -0.0245 -0.1006 -0.9946
vn -0.2851 -0.2723 -0.9190
vn -0.2096 -0.5200 -0.8281
vn -0.2719 -0.0272 -0.9619
vn 0.0267 0.1131 -0.9932
vn 0.0582 -0.4357 -0.8982
vn 0.0062 -0.9977 0.0681
vn -0.3902 0.1338 -0.9109
vn -0.3929 0.1234 -0.9113
vn -0.3898 0.1328 -0.9113
vn -0.0169 -0.1021 -0.9946
vn -0.1522 -0.5517 -0.8201
vn -0.3130 -0.3627 -0.8778
vn -0.2915 -0.1855 -0.9384
vn 0.0925 0.0750 -0.9929
vn 0.1024 -0.0230 -0.9945
vn 0.0368 0.3025 -0.9524
vn -0.6209 -0.6620 0.4198
vn 0.6441 -0.5224 -0.5587
vn 0.6589 -0.5584 -0.5041
vn -0.6640 -0.5389 0.5184
vn -0.1712 -0.5199 -0.8369
vn -0.5014 -0.3659 -0.7840
vn 0.1874 0.0034 -0.9823
vn -0.2805 -0.3184 -0.9055
vn -0.2935 -0.3471 -0.8907
vn -0.7814 -0.3321 -0.5284
vn 0.0982 -0.4430 -0.8911
vn -0.1976 -0.6303 -0.7508
vn -0.7914 0.4841 -0.3733
vn -0.6559 0.3695 -0.6583
vn -0.6355 0.0058 -0.7720
vn -0.4211 0.0369 -0.9062
vn 0.1886 0.0095 -0.9820
vn 0.1075 0.3206 -0.9411
vn 0.0570 -0.0195 -0.9982
vn -0.1944 -0.2942 -0.9358
vn -0.1872 -0.1548 -0.9701
vn -0.1098 -0.0868 -0.9902
vn -0.2179 0.0117 -0.9759
vn -0.1613 0.0497 -0.9857
vn -0.2043 0.1810 -0.9620
vn -0.3940 0.1229 -0.9108
vn -0.4425 -0.6303 -0.6379
vn -0.6599 0.2733 -0.6999
vn -0.7507 0.6458 -0.1396
vn 0.1234 0.2806 -0.9519
vn 0.2255 -0.1327 -0.9652
vn -0.4741 -0.3726 -0.7977
vn -0.0804 0.8584 0.5067
vn 0.2646 0.2738 -0.9247
vn 0.0422 0.2886 -0.9565
vn -0.6464 0.1708 -0.7437
vn 0.3508 0.1199 -0.9287
vn -0.1768 0.5692 -0.8030
vn -0.5391 -0.3111 -0.7826
vn -0.5300 -0.3583 -0.7686
vn -0.6415 -0.2625 -0.7208
vn -0.5714 -0.4045 -0.7141
vn -0.5117 -0.3198 -0.7974
vn 0.0173 0.2419 -0.9701
vn -0.0348 0.3174 -0.9477
vn 0.0301 0.3012 -0.9531
vn -0.2782 -0.3695 -0.8866
vn -0.2893 -0.3099 -0.9057
vn -0.0308 -0.5582 0.8291
vn -0.2271 -0.8880 0.3999
vn -0.3695 -0.1283 -0.9203
vn -0.2750 0.7943 -0.5417
vn -0.7981 0.5568 -0.2303
vn -0.5692 -0.2065 -0.7959
vn -0.4753 -0.0930 -0.8749
vn -0.4753 -0.0929 -0.8749
vn -0.4754 -0.0928 -0.8749
vn -0.3131 0.2234 -0.9231
vn -0.3350 0.3089 -0.8902
vn -0.8161 -0.5498 -0.1781
vn -0.3771 0.5560 -0.7408
vn -0.1303 0.2093 -0.9691
vn 0.2845 0.1499 0.9469
vn -0.7351 -0.3258 -0.5946
vn -0.0165 -0.6581 -0.7527
vn -0.1191 -0.4735 -0.8727
vn -0.2493 -0.2747 -0.9286
vn -0.4956 -0.0229 -0.8683
vn -0.6631 0.2334 -0.7112
vn -0.5037 0.0173 -0.8637
vn -0.5743 0.2042 -0.7928
vn -0.3337 -0.1107 -0.9362
vn -0.4753 -0.0931 -0.8749
vn -0.2108 -0.4689 -0.8577
vn -0.0816 -0.0356 -0.9960
vn 0.0347 -0.2635 -0.9640
vn -0.0928 -0.9013 0.4231
vn -0.5212 -0.1504 -0.8400
vn 0.0721 0.2127 -0.9744
vn -0.1491 0.3216 -0.9351
vn -0.3911 0.0117 -0.9203
vn -0.4076 0.0875 -0.9090
vn -0.3979 0.3526 -0.8470
vn -0.4314 0.0679 -0.8996
vn -0.1441 0.1507 -0.9780
vn -0.0708 -0.9969 0.0328
vn -0.0058 -1.0000 0.0054
vn 0.0141 -0.9992 0.0373
vn -0.0106 -0.9986 0.0515
vn 0.1711 -0.0780 0.9822
vn -0.1070 -0.9940 -0.0239
vn 0.0058 -0.9760 0.2175
vn 0.1310 -0.9787 -0.1578
vn 0.4837 -0.8752 0.0077
vn -0.5785 -0.7566 0.3047
vn -0.1870 -0.9803 0.0638
vn 0.4068 -0.8939 0.1882
vn -0.6306 -0.7611 0.1520
vn -0.0301 -0.9962 0.0813
vn 0.0120 -0.9998 -0.0157
vn -0.1308 -0.5756 0.8072
vn -0.4020 -0.8846 -0.2361
vn -0.4430 -0.7826 -0.4374
vn 0.1655 -0.8316 0.5301
vn 0.1679 -0.8336 0.5263
vn 0.1672 -0.8356 0.5233
vn -0.3893 -0.6902 -0.6100
vn -0.9243 -0.1279 -0.3596
vn 0.0660 -0.9961 0.0592
vn 0.0367 -0.9983 0.0449
vn -0.2619 -0.2305 0.9371
vn -0.1876 -0.9118 -0.3652
vn -0.6737 -0.7222 0.1565
vn -0.3059 -0.4619 0.8325
vn 0.8272 -0.5218 -0.2087
vn 0.4464 -0.8281 0.3390
vn 0.0072 -0.9729 -0.2312
vn -0.0143 -0.9984 0.0553
vn -0.4259 -0.8974 -0.1153
vn -0.1487 -0.9768 -0.1543
vn -0.4515 -0.7701 0.4506
vn 0.1935 -0.9695 -0.1504
vn 0.0828 -0.9960 -0.0338
vn -0.6302 -0.7721 -0.0814
vn 0.5349 -0.7095 0.4589
vn -0.0570 -0.5836 -0.8100
vn 0.1659 -0.8303 0.5321
vn 0.1070 -0.9941 0.0197
vn 0.1748 -0.9158 -0.3617
vn 0.0266 -0.9994 -0.0222
vn 0.0300 -0.9992 -0.0277
vn -0.9416 -0.1168 -0.3159
vn 0.0151 -0.8420 0.5392
vn 0.0352 -0.9967 0.0731
vn -0.0514 -0.9977 0.0442
vn 0.3147 -0.1062 0.9432
vn -0.5989 -0.7001 0.3887
vn -0.0028 -0.9984 0.0571
vn -0.7616 -0.5909 0.2661
vn -0.4981 -0.8658 0.0475
vn -0.6462 -0.7567 0.0994
vn 0.0328 -0.9993 0.0197
vn 0.1639 -0.0488 0.9853
vn -0.3090 -0.1873 0.9324
vn -0.6640 -0.6934 0.2798
vn 0.0023 -0.7209 -0.6930
vn 0.1274 0.7103 0.6923
vn 0.7696 0.1467 -0.6214
vn -0.6395 -0.7368 0.2195
vn 0.1518 -0.9780 0.1433
vn 0.2654 -0.7784 0.5689
vn 0.2782 -0.8017 0.5291
vn 0.1108 -0.8969 0.4281
vn 0.1155 -0.8956 0.4296
vn 0.1143 -0.8957 0.4297
vn 0.0992 -0.8687 0.4854
vn -0.1823 -0.9814 0.0608
vn 0.1682 -0.8289 0.5334
vn 0.0605 -0.9963 0.0616
vn 0.3233 -0.9414 0.0962
vn -0.6393 -0.7629 0.0963
vn 0.1602 -0.9760 -0.1473
vn 0.1002 -0.9943 0.0367
vn 0.0740 -0.9958 0.0532
vn -0.7312 -0.5683 0.3773
vn 0.1096 -0.9835 0.1439
vn 0.3047 -0.9411 0.1467
vn -0.3438 -0.8821 0.3220
vn -0.6602 -0.7240 0.1998
vn -0.6689 -0.7328 0.1249
vn -0.7673 -0.5971 -0.2337
vn 0.2159 -0.9734 0.0767
vn 0.2192 -0.9675 0.1258
vn 0.0515 -0.9967 -0.0624
vn 0.3349 -0.7661 0.5486
vn -0.9548 -0.2617 -0.1413
vn -0.7790 -0.5879 -0.2183
vn 0.3989 -0.7696 0.4986
vn 0.2409 -0.0056 0.9705
vn -0.0055 -0.9985 -0.0551
vn -0.6270 -0.7676 0.1332
vn -0.8260 -0.5621 0.0429
vn -0.3868 -0.9092 -0.1542
vn -0.5807 -0.6663 -0.4677
vn -0.6144 -0.6829 -0.3952
vn -0.5420 -0.7550 0.3690
vn -0.6328 -0.6961 -0.3391
vn -0.5366 -0.8044 0.2549
vn -0.5521 -0.8338 -0.0083
vn -0.4659 -0.8605 -0.2062
vn -0.4571 -0.8647 -0.2080
vn -0.4647 -0.8611 -0.2064
vn -0.4573 -0.8635 -0.2128
vn 0.1102 -0.8974 0.4273
vn -0.6612 -0.7428 -0.1054
vn -0.0258 -0.9985 -0.0483
vn 0.0280 -0.9996 -0.0095
vn 0.0252 -0.9997 -0.0063
vn 0.0286 -0.9995 -0.0103
vn -0.4646 -0.8644 -0.1922
vn -0.6083 -0.7889 -0.0876
vn 0.3370 -0.9213 0.1942
vn 0.4982 -0.8611 0.1018
vn 0.0937 -0.8787 0.4680
vn -0.0150 -0.9993 -0.0343
vn -0.1416 -0.9601 0.2413
vn -0.1411 -0.9601 0.2416
vn -0.1400 -0.9596 0.2439
vn -0.0555 -0.9968 -0.0568
vn 0.1073 -0.9894 -0.0981
vn 0.0735 -0.9956 -0.0578
vn -0.5662 -0.8090 0.1580
vn -0.6287 -0.7469 0.2166
vn -0.3884 -0.6800 0.6219
vn 0.8493 0.4027 0.3415
vn -0.0581 -0.9741 0.2185
vn -0.5648 -0.6122 0.5534
vn -0.6410 -0.7108 0.2894
vn 0.0254 -0.9997 -0.0064
vn 0.0242 -0.9997 -0.0057
vn 0.3472 -0.8918 0.2900
vn 0.2556 -0.8466 0.4668
vn 0.0283 -0.9993 -0.0230
vn -0.1369 -0.5762 0.8057
vn -0.1365 -0.5761 0.8059
vn -0.1743 -0.2070 0.9627
vn -0.2932 -0.9548 -0.0495
vn -0.2895 -0.9560 -0.0479
vn -0.2886 -0.9563 -0.0477
vn -0.4253 -0.8913 0.1573
vn 0.0365 -0.9962 0.0791
vn 0.0318 -0.9991 -0.0270
vn 0.0283 -0.9994 0.0188
vn -0.5080 -0.6571 0.5570
vn -0.5072 -0.6574 0.5574
vn -0.5079 -0.6571 0.5570
vn -0.5499 -0.3159 0.7732
vn -0.0325 -0.7952 0.6055
vn -0.5339 0.8451 0.0272
vn -0.5942 -0.3768 0.7106
vn -0.3493 -0.9147 -0.2034
vn 0.0870 -0.7127 -0.6961
vn 0.3455 -0.9078 0.2376
vn 0.3398 -0.9074 0.2474
vn 0.3458 -0.9081 0.2363
vn 0.2709 -0.8852 -0.3781
vn -0.0617 0.7135 0.6979
vn 0.1190 0.4601 0.8798
vn -0.7127 -0.6797 0.1732
vn -0.1947 -0.1987 0.9605
vn -0.8339 -0.4797 0.2730
vn -0.0219 -0.9839 0.1771
vn -0.3439 -0.8339 0.4317
vn 0.0137 -0.9999 -0.0065
vn 0.0120 -0.9999 -0.0067
vn 0.0117 -0.9999 -0.0067
vn -0.3520 -0.9353 0.0363
vn -0.2944 -0.9545 -0.0467
vn -0.3062 -0.9070 0.2892
vn -0.5142 -0.6557 0.5528
vn -0.4711 -0.4956 0.7297
vn -0.4594 -0.7186 0.5220
vn 0.2877 -0.9193 -0.2685
vn -0.0369 -0.9924 0.1177
vn -0.9735 -0.1718 -0.1510
vn 0.7117 0.3257 -0.6225
vn -0.3861 -0.4104 0.8261
vn -0.1221 -0.6436 0.7556
vn 0.0303 -0.9988 0.0380
vn -0.3819 -0.7764 0.5014
vn 0.3465 -0.9078 0.2362
vn 0.5236 0.3733 0.7658
vn 0.2401 -0.5406 0.8063
vn 0.2555 -0.6396 0.7250
vn -0.0393 -0.9517 0.3046
vn -0.5529 -0.6102 0.5674
vn 0.0268 -0.9994 -0.0207
vn -0.0210 -0.9783 0.2063
vn -0.6096 -0.7576 0.2332
vn 0.3998 -0.7080 0.5821
vn -0.8152 -0.4351 0.3821
vn -0.7718 -0.6287 -0.0952
vn -0.1135 -0.6669 0.7365
vn -0.1131 -0.6659 0.7374
vn -0.1118 -0.6634 0.7398
vn 0.0052 -0.9980 0.0634
vn -0.2134 -0.9640 0.1584
vn -0.2637 -0.9247 0.2745
vn -0.2440 -0.4906 0.8365
vn -0.8039 -0.5728 -0.1605
vn 0.2292 -0.9524 0.2009
vn 0.3532 -0.8681 0.3488
vn 0.4651 -0.8729 -0.1478
vn 0.3358 -0.1581 0.9286
vn -0.7965 -0.0020 0.6047
vn -0.7484 -0.5028 0.4325
vn -0.0796 -0.7371 0.6710
vn -0.0721 -0.5791 0.8121
vn 0.7019 -0.6923 -0.1675
vn -0.0052 -0.9975 0.0711
vn 0.0113 -0.9998 -0.0157
vn 0.5951 -0.7743 0.2153
vn 0.3441 -0.2089 0.9154
vn -0.7835 -0.6214 -0.0042
vn -0.7833 -0.6216 -0.0115
vn -0.7829 -0.6221 -0.0104
vn -0.6950 -0.6996 -0.1660
vn -0.6740 -0.7131 0.1928
vn -0.6865 -0.6803 0.2567
vn 0.0432 -0.9990 -0.0144
vn -0.2543 -0.8370 0.4846
vn -0.3149 -0.9480 0.0470
vn -0.2881 -0.9372 0.1968
vn -0.6084 -0.7263 -0.3197
vn -0.6010 -0.7294 -0.3268
vn -0.6005 -0.7299 -0.3265
vn 0.0797 -0.9950 0.0595
vn -0.6383 -0.7646 0.0890
vn -0.8088 -0.5663 0.1586
vn 0.0210 -0.9989 0.0413
vn -0.5752 -0.6170 0.5371
vn -0.0761 -0.9113 0.4046
vn 0.4465 -0.8569 0.2577
vn 0.5089 -0.7129 0.4825
vn -0.7733 -0.5783 0.2600
vn -0.7760 -0.5496 0.3094
vn -0.6637 -0.0226 0.7476
vn -0.6670 -0.0195 0.7448
vn 0.0777 -0.9254 0.3708
vn -0.4315 -0.4572 0.7777
vn -0.4311 -0.4589 0.7769
vn -0.4295 -0.4653 0.7740
vn -0.4293 -0.4669 0.7732
vn 0.0173 -0.9998 0.0133
vn -0.5415 -0.7887 0.2911
vn 0.6898 -0.6885 0.2240
vn -0.7032 -0.7053 -0.0899
vn -0.6877 -0.7259 0.0067
vn -0.6879 -0.7257 0.0067
vn -0.6877 -0.7260 0.0066
vn -0.7426 -0.6672 0.0579
vn -0.0541 -0.9917 -0.1162
vn -0.9111 -0.2391 0.3358
vn -0.8345 -0.1455 0.5315
vn -0.1631 -0.8672 0.4705
vn -0.2174 -0.7363 0.6408
vn 0.0155 -0.9998 0.0127
vn -0.5174 -0.8555 -0.0216
vn -0.3170 -0.9472 -0.0487
vn -0.6033 -0.7639 -0.2291
vn -0.6880 -0.7257 0.0065
vn 0.4350 -0.9000 0.0269
vn 0.2358 -0.9706 -0.0491
vn -0.5863 -0.2098 -0.7825
vn 0.0484 -0.9413 0.3340
vn -0.6435 -0.7506 0.1499
vn -0.1652 -0.8785 0.4483
vn -0.7233 -0.6833 0.0997
vn -0.0368 -0.9966 -0.0732
vn -0.4378 -0.5697 0.6955
vn -0.4004 -0.8878 -0.2268
vn -0.3974 -0.8904 -0.2222
vn -0.3997 -0.8881 -0.2270
vn -0.6172 -0.7438 0.2567
vn -0.6078 -0.7631 0.2194
vn -0.6535 -0.7101 0.2620
vn 0.1326 0.3097 -0.9415
vn 0.4480 -0.8657 0.2235
vn 0.5114 -0.8457 0.1526
vn -0.4257 -0.8936 0.1421
vn 0.0003 -0.9452 0.3265
vn -0.2680 -0.7628 0.5885
vn -0.7958 0.2817 0.5360
vn -0.8253 -0.5595 -0.0767
vn -0.3977 -0.8903 -0.2218
vn -0.4027 -0.8939 -0.1968
vn -0.4399 -0.8783 -0.1870
vn -0.5763 -0.8072 0.1275
vn -0.6450 -0.6485 0.4043
vn -0.6914 -0.5856 0.4231
vn -0.6794 -0.5164 0.5213
vn -0.5746 -0.7631 -0.2959
vn -0.4212 0.7817 0.4600
vn -0.2808 -0.9531 -0.1130
vn -0.6814 -0.5876 -0.4363
vn -0.5711 -0.8186 0.0612
vn -0.5975 -0.8015 0.0250
vn -0.5943 -0.7919 0.1406
vn -0.0399 -0.9979 0.0518
vn -0.4547 -0.8629 -0.2206
vn 0.2514 -0.9348 0.2510
vn 0.0664 -0.8856 0.4597
vn -0.0731 -0.7962 0.6006
vn 0.8558 -0.0750 -0.5118
vn -0.3108 -0.9504 -0.0130
vn 0.4283 -0.8208 0.3780
vn -0.6700 -0.6790 0.3002
vn -0.5300 -0.3487 0.7730
vn 0.0341 -0.9988 0.0342
vn -0.4818 -0.8639 -0.1465
vn -0.8166 -0.1905 0.5449
vn 0.3042 -0.9123 0.2742
vn -0.0126 -0.7230 0.6907
vn -0.0349 -0.9977 0.0585
vn -0.0806 -0.9956 -0.0472
vn -0.3142 -0.9395 -0.1367
vn -0.3882 -0.9212 0.0267
vn -0.4442 -0.8641 0.2367
vn -0.4817 -0.7898 0.3797
vn -0.5328 -0.7132 0.4555
vn -0.3519 -0.7988 0.4879
vn 0.2906 -0.8652 0.4086
vn -0.4224 -0.8242 0.3773
vn -0.4918 -0.6839 0.5389
vn -0.4871 -0.6805 0.5474
vn -0.4926 -0.6844 0.5375
vn -0.0427 -0.9990 -0.0102
vn 0.8689 -0.4931 -0.0426
vn -0.1548 -0.9465 -0.2830
vn -0.3083 -0.9443 -0.1153
vn -0.4304 -0.8629 0.2647
vn -0.5239 -0.7039 0.4797
vn -0.6204 -0.5216 0.5857
vn -0.5604 -0.6003 0.5706
vn -0.5910 -0.4144 0.6921
vn -0.9515 0.1762 0.2522
vn -0.9169 0.3821 0.1148
vn 0.5120 -0.8204 0.2546
vn 0.1910 -0.0693 0.9791
vn -0.2134 -0.9456 0.2457
vn 0.4311 -0.8302 0.3534
vn -0.2000 -0.9784 0.0529
vn -0.0697 -0.9972 0.0278
vn -0.2258 -0.9711 0.0777
vn 0.6011 -0.5557 0.5743
vn -0.5010 -0.7763 0.3824
vn -0.0816 -0.9966 -0.0120
vn -0.6423 0.7017 0.3084
vn -0.2471 -0.9387 -0.2406
vn -0.3238 -0.9345 0.1481
vn -0.3263 -0.9340 0.1457
vn -0.3233 -0.9345 0.1486
vn -0.4709 -0.7890 0.3947
vn -0.5060 -0.7622 0.4037
vn 0.5981 -0.6019 0.5291
vn 0.0036 -0.9996 0.0279
vn -0.4429 -0.8360 -0.3239
vn -0.2999 -0.9333 -0.1975
vn -0.4034 -0.8445 -0.3524
vn -0.2907 -0.9437 -0.1581
vn -0.3967 -0.4643 0.7918
vn -0.2579 0.4673 -0.8456
vn -0.2102 0.6438 -0.7358
vn 0.2595 -0.9628 0.0746
vn 0.2547 -0.9640 0.0766
vn 0.2552 -0.9639 0.0766
vn 0.2454 -0.9500 0.1929
vn -0.0523 -0.9881 -0.1445
vn -0.0628 -0.9881 -0.1403
vn -0.0634 -0.9881 -0.1403
vn 0.0320 -0.9978 -0.0575
vn -0.0682 -0.9973 -0.0278
vn -0.0110 -0.9999 -0.0079
vn -0.1845 -0.9687 0.1663
vn -0.4987 -0.7512 0.4325
vn -0.7756 -0.5886 -0.2279
vn -0.5939 -0.7563 -0.2743
vn -0.3273 -0.9335 0.1466
vn -0.4021 -0.6420 0.6528
vn -0.3531 -0.5818 0.7327
vn -0.4073 -0.2407 0.8810
vn -0.0331 -0.9985 0.0435
vn -0.3464 -0.9265 0.1470
vn -0.2750 -0.9571 0.0909
vn -0.2911 -0.9215 0.2571
vn -0.3049 -0.9080 0.2873
vn -0.3929 -0.7291 0.5604
vn -0.3937 -0.7286 0.5604
vn -0.3938 -0.7283 0.5609
vn -0.1201 -0.9621 0.2446
vn -0.5862 -0.7435 0.3218
vn -0.0044 -0.9040 -0.4276
vn -0.4054 -0.8882 0.2162
vn -0.2470 -0.9506 0.1878
vn -0.4865 -0.6800 0.5486
vn -0.6962 -0.6724 0.2514
vn -0.0517 0.9442 -0.3252
vn -0.2651 -0.9605 -0.0848
vn -0.2759 -0.8870 0.3703
vn -0.3474 -0.8366 0.4236
vn -0.3473 -0.8365 0.4238
vn -0.3472 -0.8365 0.4239
vn -0.3920 -0.7299 0.5600
vn -0.4310 -0.8977 -0.0912
vn -0.4023 -0.9142 0.0481
vn 0.5920 -0.7913 0.1533
vn -0.3471 -0.8364 0.4242
vn -0.4069 -0.7896 0.4592
vn 0.0883 -0.6659 0.7407
vn -0.0520 -0.9881 -0.1450
vn -0.3199 -0.9459 -0.0543
vn -0.6601 -0.7296 -0.1788
vn 0.3365 -0.9412 -0.0308
vn 0.3511 -0.9202 -0.1728
vn 0.2594 -0.9642 -0.0552
vn -0.7432 0.1678 0.6477
vn 0.0044 -1.0000 -0.0063
vn -0.0029 -0.9999 0.0114
vn -0.0015 -0.9999 0.0114
vn -0.0068 -0.9999 0.0116
vn -0.0616 -0.9969 0.0495
vn -0.0616 -0.9969 0.0494
vn -0.0615 -0.9969 0.0496
vn 0.2595 -0.9629 0.0737
vn 0.2234 -0.6444 0.7314
vn -0.5272 -0.0714 -0.8467
vn -0.2149 -0.9348 0.2829
vn -0.2607 -0.8897 0.3749
vn 0.3369 -0.0776 0.9383
vn 0.2220 0.3342 0.9160
vn -0.2474 -0.8854 0.3936
vn -0.2871 -0.8530 0.4358
vn -0.2672 -0.6793 0.6835
vn -0.3142 -0.5937 0.7408
vn 0.4921 -0.6560 0.5723
vn 0.0322 -0.9993 -0.0186
vn 0.2926 0.9556 -0.0352
vn -0.2931 -0.7270 0.6209
vn 0.0157 -0.9970 0.0760
vn -0.5082 -0.7232 0.4676
vn 0.1925 -0.6305 -0.7520
vn -0.0596 -0.9810 -0.1846
vn -0.0314 -0.9992 -0.0262
vn -0.3847 -0.7255 0.5706
vn -0.6252 -0.7800 -0.0277
vn -0.9444 -0.1497 -0.2929
vn 0.1137 -0.3087 0.9443
vn -0.3509 0.5278 0.7735
vn -0.0184 -0.9931 0.1162
vn -0.6890 -0.6611 -0.2969
vn -0.6864 -0.6835 -0.2484
vn -0.1755 -0.9702 -0.1670
vn -0.1922 -0.9809 -0.0296
vn -0.6134 -0.7889 0.0386
vn -0.2161 -0.8331 0.5093
vn -0.2965 -0.5707 0.7658
vn -0.0996 -0.9940 -0.0446
vn -0.7037 -0.6865 -0.1831
vn -0.1386 -0.9895 -0.0415
vn -0.0501 -0.9922 -0.1143
vn -0.0124 -0.9999 -0.0078
vn -0.0118 -0.9999 -0.0071
vn -0.0093 -0.9999 -0.0075
vn -0.0119 -0.9999 -0.0040
vn 0.0077 -1.0000 0.0057
vn -0.0084 -0.9999 0.0118
vn -0.4325 -0.9016 0.0126
vn 0.0249 -0.9749 -0.2212
vn -0.1400 -0.9595 0.2444
vn 0.0173 -0.9998 -0.0032
vn 0.0161 -0.9996 -0.0214
vn 0.0194 -0.9996 -0.0206
vn 0.0197 -0.9996 -0.0201
vn -0.0102 -0.9886 -0.1505
vn -0.0617 -0.9969 0.0493
vn -0.0165 -0.9996 0.0214
vn -0.1413 -0.9898 -0.0170
vn -0.2079 -0.8682 0.4506
vn -0.2454 -0.8237 0.5111
vn -0.1233 -0.6553 0.7453
vn -0.0092 -1.0000 -0.0005
vn -0.2122 -0.6717 0.7097
vn -0.1101 -0.5536 0.8255
vn 0.0065 -0.9998 -0.0189
vn 0.1079 -0.9342 -0.3401
vn -0.0210 -0.9993 -0.0296
vn 0.0953 -0.9944 0.0464
vn 0.0558 -0.9984 0.0072
vn -0.0999 -0.9934 0.0567
vn 0.5393 -0.6731 0.5061
vn -0.1921 -0.6769 0.7105
vn -0.3898 -0.9207 -0.0184
vn -0.1199 -0.9846 0.1272
vn 0.0139 -0.9998 0.0131
vn 0.4052 -0.9067 0.1173
vn -0.2078 -0.9436 0.2576
vn -0.0340 -0.9984 0.0451
vn -0.0110 -0.9995 0.0280
vn -0.0138 -0.9995 0.0295
vn -0.0183 -0.9992 0.0344
vn -0.5244 -0.7027 0.4809
vn 0.2337 -0.5412 0.8078
vn -0.1404 -0.9891 0.0445
vn -0.6568 -0.7473 0.1009
vn -0.2163 -0.8167 0.5349
vn -0.1112 -0.6625 0.7408
vn 0.0174 -0.9988 0.0460
vn 0.0240 -0.9990 0.0367
vn 0.0204 -0.9989 0.0416
vn 0.1000 -0.9949 0.0117
vn 0.0462 -0.9988 -0.0141
vn -0.4914 -0.7308 0.4738
vn 0.3012 -0.9495 0.0877
vn -0.1752 -0.7355 0.6545
vn 0.0036 -0.9898 0.1426
vn -0.0106 -0.9989 0.0467
vn 0.0584 -0.9674 0.2466
vn 0.5881 -0.6905 0.4211
vn 0.5066 -0.8304 0.2318
vn 0.8298 -0.5580 0.0064
vn -0.0199 -0.9992 0.0357
vn -0.5576 -0.7101 0.4298
vn -0.4127 0.3843 -0.8259
vn -0.7840 -0.6207 -0.0033
vn 0.0028 -0.5382 0.8428
vn -0.0326 -0.5788 0.8148
vn -0.0328 -0.5785 0.8150
vn -0.0329 -0.5778 0.8155
vn 0.0963 -0.8488 0.5199
vn 0.1870 -0.9053 0.3813
vn 0.0169 -0.9988 0.0465
vn -0.0201 -0.9992 0.0352
vn -0.6951 -0.1729 -0.6978
vn -0.6083 -0.7267 -0.3191
vn 0.0374 -0.6346 0.7719
vn -0.0326 -0.5791 0.8146
vn -0.0703 -0.4987 0.8639
vn 0.2871 -0.8765 0.3865
vn 0.5076 -0.5513 0.6621
vn 0.5262 -0.7708 0.3591
vn 0.7828 -0.5394 0.3103
vn 0.0156 -0.9997 -0.0207
vn -0.7791 -0.3347 0.5300
vn 0.2772 0.0564 0.9592
vn -0.3961 -0.5787 0.7129
vn -0.4241 -0.4248 0.7998
vn 0.0174 -0.9981 -0.0589
vn -0.4824 -0.8500 0.2118
vn -0.0086 -0.9992 0.0385
vn -0.0881 -0.9454 0.3138
vn 0.0621 -0.9981 -0.0021
vn 0.0004 -0.9994 0.0342
vn 0.3323 -0.9343 -0.1292
vn -0.3622 -0.9240 -0.1226
vn 0.0316 -0.9776 0.2082
vn 0.0830 -0.6982 0.7111
vn 0.0071 -0.9976 0.0695
vn 0.0087 -0.9970 0.0768
vn 0.0066 -0.9977 0.0669
vn -0.1592 -0.7239 0.6713
vn -0.0359 -0.9858 0.1641
vn 0.0216 -0.9992 0.0324
vn 0.0195 -0.9993 0.0334
vn 0.0196 -0.9993 0.0333
vn 0.0175 -0.9993 0.0343
vn -0.0356 -0.9806 0.1928
vn -0.0817 -0.8869 0.4547
vn -0.2894 -0.3151 0.9039
vn 0.1092 -0.9938 -0.0226
vn 0.1075 -0.9941 -0.0151
vn 0.1098 -0.9937 -0.0231
vn 0.0220 -0.9996 -0.0201
vn -0.3708 -0.3639 0.8544
vn -0.0117 -0.8997 0.4363
vn 0.1642 -0.8945 0.4158
vn -0.0158 -0.9982 0.0580
vn 0.0678 -0.7160 0.6948
vn 0.2126 -0.9535 0.2135
vn -0.0165 -0.9992 -0.0358
vn 0.0377 -0.9976 -0.0575
vn 0.0167 -0.9998 0.0138
vn 0.0125 -0.9998 0.0127
vn 0.0119 -0.9998 0.0133
vn 0.4183 -0.8978 -0.1378
vn -0.4366 -0.8967 -0.0731
vn 0.0277 -0.9978 0.0606
vn 0.2359 -0.2991 -0.9246
vn 0.2293 -0.7472 0.6237
vn 0.1878 -0.9515 0.2437
vn 0.1178 -0.9930 -0.0117
vn 0.0091 -0.9968 0.0792
vn -0.1861 -0.6957 0.6938
vn -0.2411 -0.4052 0.8819
vn 0.3017 -0.9196 0.2515
vn 0.1075 -0.9941 -0.0140
vn 0.0657 -0.6338 0.7707
vn -0.3301 -0.9235 -0.1955
vn -0.4572 -0.7286 0.5101
vn -0.5628 -0.7740 0.2902
vn -0.9217 -0.3081 0.2356
vn -0.8058 -0.5082 -0.3039
vn -0.0283 -0.9984 0.0486
vn 0.0112 -0.9997 0.0199
vn -0.0284 -0.6731 0.7390
vn 0.0020 -0.9997 -0.0231
vn 0.0170 -0.9998 0.0143
vn -0.4976 -0.7307 0.4675
vn 0.0050 -0.9958 0.0912
vn 0.1727 -0.6192 0.7660
vn -0.0422 -0.9708 0.2360
vn 0.0411 -0.9992 0.0022
vn -0.0769 -0.9958 0.0505
vn -0.5485 -0.6391 0.5391
vn -0.0059 -0.9998 0.0198
vn 0.0058 -0.9991 0.0421
vn -0.1079 -0.5452 0.8313
vn 0.0709 -0.9890 0.1301
vn 0.1179 -0.2080 0.9710
vn -0.0473 -0.9979 0.0443
vn 0.2321 -0.9676 -0.0992
vn 0.0143 -0.9999 -0.0063
vn 0.0055 -0.9873 0.1586
vn -0.1004 -0.6306 0.7696
vn -0.1031 -0.6590 0.7450
vn -0.5455 -0.7680 0.3355
vn -0.0637 -0.9899 0.1263
vn -0.2517 -0.9207 0.2984
vn -0.2484 -0.9619 0.1144
vn -0.1303 -0.9914 -0.0071
vn -0.6604 -0.7341 0.1581
vn -0.2946 -0.9236 0.2452
vn -0.3376 -0.9339 0.1175
vn -0.4391 -0.8812 0.1752
s 1
f 1//1 2//1 3//1
f 4//2 5//2 6//2
f 7//3 8//3 9//3
f 10//4 11//4 12//4
f 9//5 13//5 14//5
f 15//6 16//6 17//6
f 18//7 19//8 20//9
f 21//10 22//10 23//10
f 24//11 25//11 26//11
f 27//12 28//12 29//12
f 30//13 31//13 32//13
f 33//14 34//14 35//14
f 36//15 37//15 38//15
f 19//8 39//16 20//9
f 40//17 24//17 41//17
f 42//18 43//18 44//18
f 45//19 46//19 47//19
f 48//20 49//20 50//20
f 51//21 52//21 53//21
f 54//22 55//23 42//24
f 56//25 57//25 54//25
f 58//26 59//26 60//26
f 44//27 43//27 61//27
f 62//28 63//29 64//30
f 55//31 43//32 42//33
f 65//34 66//34 67//34
f 68//35 69//35 70//35
f 71//36 72//37 73//38
f 74//39 75//39 76//39
f 77//40 78//41 79//42
f 80//43 81//44 25//45
f 82//46 83//46 73//46
f 72//47 82//47 73//47
f 84//48 85//48 86//48
f 8//49 13//49 9//49
f 87//50 88//50 89//50
f 90//51 91//51 92//51
f 93//52 94//52 6//52
f 71//53 73//54 95//55
f 96//56 97//56 98//56
f 99//57 100//57 101//57
f 49//58 57//58 56//58
f 88//59 102//60 103//61
f 104//62 68//62 105//62
f 83//63 106//63 73//63
f 106//64 83//64 18//64
f 10//65 107//65 11//65
f 108//66 7//66 66//66
f 109//67 98//67 110//67
f 111//68 73//68 112//68
f 113//69 24//69 114//69
f 115//70 60//70 46//70
f 116//71 50//72 56//73
f 46//74 60//74 47//74
f 117//75 118//75 119//75
f 111//76 112//77 120//78
f 121//79 122//79 123//79
f 124//80 59//80 125//80
f 114//81 24//81 40//81
f 39//82 65//82 126//82
f 125//83 127//83 128//83
f 129//84 130//84 131//84
f 132//85 133//85 134//85
f 43//86 135//86 61//86
f 136//87 137//87 138//87
f 131//88 139//88 140//88
f 141//89 142//89 143//89
f 115//90 58//90 60//90
f 144//91 145//91 146//91
f 147//92 148//92 149//92
f 148//93 150//93 149//93
f 150//94 151//94 149//94
f 152//95 153//95 154//95
f 97//96 155//96 156//96
f 142//97 157//97 158//97
f 23//98 159//98 21//98
f 138//99 137//99 160//99
f 59//100 124//100 60//100
f 147//101 161//101 148//101
f 162//102 163//102 164//102
f 22//103 165//104 166//105
f 61//106 135//106 167//106
f 168//107 169//107 170//107
f 171//108 118//108 117//108
f 172//109 173//109 174//109
f 175//110 176//110 177//110
f 178//111 179//111 180//111
f 181//112 148//112 161//112
f 181//113 150//113 148//113
f 182//114 162//114 151//114
f 183//115 184//115 185//115
f 186//116 26//117 187//118
f 188//119 189//120 72//121
f 50//72 49//122 56//73
f 31//123 133//123 190//123
f 104//124 105//124 191//124
f 60//125 192//125 47//125
f 193//126 106//126 194//126
f 150//127 182//127 151//127
f 195//128 163//128 162//128
f 182//129 195//129 162//129
f 196//130 197//130 198//130
f 126//131 65//131 67//131
f 154//132 10//132 12//132
f 21//133 165//104 22//103
f 199//134 112//134 193//134
f 131//135 130//135 139//135
f 200//136 201//136 161//136
f 181//137 202//137 150//137
f 150//138 203//138 182//138
f 204//139 205//139 206//139
f 207//140 208//140 209//140
f 41//141 26//141 186//141
f 68//142 70//142 105//142
f 171//143 117//144 210//145
f 211//146 1//146 212//146
f 213//147 214//147 215//147
f 216//148 217//149 63//150
f 200//151 218//151 201//151
f 150//152 202//152 203//152
f 219//153 163//153 220//153
f 221//154 222//154 117//154
f 223//155 32//155 190//155
f 224//156 225//157 226//158
f 201//159 227//159 181//159
f 227//160 202//160 181//160
f 203//161 228//161 182//161
f 195//162 220//162 163//162
f 229//163 230//163 218//163
f 231//164 232//164 233//164
f 20//165 39//165 130//165
f 234//166 190//166 132//166
f 235//167 236//167 237//167
f 182//168 228//168 195//168
f 238//169 239//169 240//169
f 241//170 242//170 243//170
f 244//171 235//171 237//171
f 39//172 126//172 130//172
f 245//173 246//174 247//175
f 218//176 227//177 201//178
f 248//179 249//179 250//179
f 251//180 241//180 243//180
f 240//181 252//182 253//183
f 241//184 254//184 242//184
f 255//185 256//185 257//185
f 82//186 258//186 19//186
f 18//187 20//187 259//187
f 260//188 261//188 262//188
f 263//189 218//189 230//189
f 263//190 227//177 218//176
f 264//191 265//191 266//191
f 228//192 267//192 195//192
f 268//193 269//193 270//193
f 254//194 271//194 272//194
f 273//195 274//195 275//195
f 276//196 277//196 278//196
f 279//197 280//197 281//197
f 4//198 136//198 5//198
f 282//199 283//199 284//199
f 285//200 261//200 260//200
f 261//201 286//201 287//201
f 286//202 288//202 287//202
f 289//203 290//203 291//203
f 292//204 293//204 294//204
f 295//205 296//205 297//205
f 298//206 227//206 299//206
f 300//207 275//207 301//207
f 302//208 303//209 304//210
f 1//211 305//211 306//211
f 307//212 95//212 111//212
f 129//213 131//213 308//213
f 309//214 286//214 261//214
f 310//215 311//215 312//215
f 313//216 314//216 315//216
f 316//217 317//217 318//217
f 319//218 320//218 321//218
f 322//219 104//220 191//221
f 323//222 324//223 325//224
f 326//225 327//225 253//225
f 145//226 322//219 191//221
f 327//227 326//228 328//229
f 113//230 25//230 24//230
f 66//231 7//231 9//231
f 188//232 72//233 329//234
f 187//235 330//235 186//235
f 120//236 199//236 331//236
f 285//237 309//237 261//237
f 332//238 333//239 334//240
f 335//241 266//241 265//241
f 336//242 337//242 313//242
f 337//243 314//243 313//243
f 336//244 313//244 338//244
f 339//245 340//245 341//245
f 254//246 272//246 342//246
f 343//247 344//247 345//247
f 242//248 342//248 243//248
f 106//249 18//249 194//249
f 346//250 347//250 348//250
f 260//251 346//251 285//251
f 349//252 350//252 351//252
f 352//253 292//254 353//255
f 354//256 355//256 266//256
f 267//257 356//257 357//257
f 358//258 359//258 273//258
f 360//259 358//260 273//261
f 189//262 108//262 258//262
f 82//263 72//121 189//120
f 7//264 361//265 8//266
f 73//54 111//267 95//55
f 362//268 363//268 364//268
f 365//269 366//269 367//269
f 368//270 366//270 347//270
f 347//271 366//271 348//271
f 369//272 346//272 348//272
f 369//273 285//273 346//273
f 369//274 309//275 285//276
f 353//277 294//277 100//277
f 292//278 294//278 353//278
f 370//279 273//279 371//279
f 372//280 373//280 374//280
f 375//281 376//281 377//281
f 335//282 354//282 266//282
f 378//283 379//283 380//283
f 381//284 382//285 383//286
f 361//265 13//287 8//266
f 372//288 384//288 385//288
f 295//289 297//289 355//289
f 386//290 387//290 388//290
f 198//291 389//291 390//292
f 391//293 392//293 393//293
f 190//294 133//294 132//294
f 394//295 395//295 396//295
f 365//296 397//296 366//296
f 366//297 398//297 348//297
f 399//298 309//275 369//274
f 400//299 401//299 402//299
f 403//300 404//300 405//300
f 406//301 372//301 385//301
f 344//302 407//302 345//302
f 408//303 409//303 410//303
f 411//304 369//304 348//304
f 398//305 411//305 348//305
f 412//306 309//306 399//306
f 412//307 413//307 309//307
f 414//308 415//308 416//308
f 335//309 265//309 337//309
f 417//310 418//310 255//310
f 69//311 419//311 420//311
f 70//312 69//312 421//312
f 9//313 14//313 422//313
f 423//314 424//314 425//314
f 426//315 427//315 428//315
f 429//316 430//316 365//316
f 430//317 397//317 365//317
f 397//318 431//318 366//318
f 366//319 431//319 398//319
f 431//320 432//320 398//320
f 411//321 399//321 369//321
f 100//322 294//322 101//322
f 433//323 376//324 375//325
f 371//326 273//326 275//326
f 434//327 413//327 412//327
f 352//253 435//328 292//254
f 66//329 9//329 67//329
f 436//330 437//330 438//330
f 439//331 397//331 430//331
f 439//332 431//332 397//332
f 398//333 432//333 411//333
f 411//334 440//334 399//334
f 413//335 434//335 441//335
f 264//336 442//336 265//336
f 352//337 290//337 443//337
f 444//338 445//338 446//338
f 447//339 448//339 449//339
f 433//340 450//340 376//340
f 451//341 452//341 453//341
f 439//342 454//342 431//342
f 455//343 337//343 336//343
f 456//344 457//344 458//344
f 124//345 125//345 459//345
f 361//346 460//346 13//346
f 461//347 462//347 463//347
f 464//348 465//348 429//348
f 432//349 466//350 411//351
f 467//352 412//352 399//352
f 467//353 434//353 412//353
f 468//354 379//354 378//354
f 450//355 469//355 470//355
f 471//356 472//357 473//358
f 474//359 349//359 351//359
f 475//360 442//360 385//360
f 101//361 376//361 476//361
f 477//362 478//362 28//362
f 479//363 175//363 480//363
f 429//364 481//364 430//364
f 430//365 481//365 439//365
f 466//350 440//366 411//351
f 482//367 434//367 467//367
f 373//368 296//368 374//368
f 483//369 484//369 485//369
f 486//370 487//370 488//370
f 442//371 406//371 385//371
f 489//372 16//372 490//372
f 491//373 492//373 13//373
f 225//374 224//374 493//374
f 494//375 495//375 245//375
f 464//376 496//376 465//376
f 465//377 497//377 429//377
f 429//378 497//378 481//378
f 481//379 498//379 439//379
f 439//380 498//380 454//380
f 454//381 466//382 431//383
f 466//384 432//384 431//384
f 440//385 499//386 399//387
f 399//388 499//388 467//388
f 434//389 500//389 441//389
f 372//390 297//390 373//390
f 501//391 447//391 502//391
f 503//392 504//393 505//394
f 489//395 506//395 16//395
f 269//396 507//397 508//398
f 17//399 16//399 509//399
f 510//400 451//400 462//400
f 511//401 497//401 465//401
f 512//402 466//382 454//381
f 466//403 512//403 440//403
f 513//404 475//404 385//404
f 514//405 505//405 515//405
f 515//406 349//406 474//406
f 516//407 517//407 447//407
f 518//408 503//408 519//408
f 517//409 520//409 521//409
f 517//410 522//410 520//410
f 523//411 524//411 525//411
f 526//412 350//412 349//412
f 527//413 528//413 529//413
f 393//414 530//414 531//414
f 532//415 533//415 534//415
f 535//416 169//417 536//418
f 497//419 537//420 481//421
f 537//420 498//422 481//421
f 512//423 454//423 498//423
f 512//424 538//424 440//424
f 440//385 538//425 499//386
f 538//426 539//426 499//426
f 539//427 467//427 499//427
f 482//428 540//428 434//428
f 540//429 541//429 500//429
f 434//430 540//430 500//430
f 414//431 400//431 415//431
f 542//432 543//432 544//432
f 545//433 546//433 547//433
f 513//434 314//434 475//434
f 519//435 503//392 505//394
f 548//436 549//436 408//436
f 465//437 550//437 511//437
f 467//438 551//438 482//438
f 551//439 540//440 482//441
f 375//442 515//442 474//442
f 378//443 380//443 552//443
f 351//444 553//445 433//446
f 352//447 353//447 290//447
f 554//448 555//448 556//448
f 550//449 537//449 511//449
f 537//450 497//450 511//450
f 557//451 498//451 537//451
f 558//452 512//452 498//452
f 559//453 538//453 512//453
f 551//454 467//454 539//454
f 351//455 547//455 560//455
f 342//456 272//456 524//456
f 290//457 353//457 561//457
f 470//458 248//458 562//458
f 563//459 564//459 565//459
f 566//460 555//460 506//460
f 567//461 488//461 35//461
f 568//462 569//462 570//462
f 557//463 558//463 498//463
f 512//464 558//464 559//464
f 551//439 571//465 540//440
f 562//466 248//466 250//466
f 502//467 449//467 416//467
f 415//468 502//468 416//468
f 572//469 501//469 400//469
f 402//470 572//470 400//470
f 501//471 516//471 447//471
f 573//472 156//472 574//472
f 73//473 106//473 112//473
f 575//474 323//474 576//474
f 577//475 578//475 579//475
f 538//476 580//476 539//476
f 580//477 581//477 539//477
f 581//478 571//478 551//478
f 539//479 581//479 551//479
f 314//480 337//481 265//482
f 582//483 414//483 583//483
f 291//484 561//484 99//484
f 544//485 584//485 585//485
f 474//486 433//323 375//325
f 586//487 587//487 588//487
f 589//488 556//488 555//488
f 590//489 591//489 556//489
f 120//78 112//77 199//490
f 592//491 550//491 593//491
f 592//492 537//492 550//492
f 557//493 559//493 558//493
f 580//494 538//494 559//494
f 594//495 540//495 571//495
f 595//496 541//496 540//496
f 473//497 596//497 597//497
f 250//498 249//498 318//498
f 589//499 598//499 556//499
f 598//500 590//500 556//500
f 83//501 19//501 18//501
f 599//502 537//502 592//502
f 600//503 557//503 537//503
f 601//504 559//504 602//504
f 601//505 580//505 559//505
f 603//506 604//506 605//506
f 455//507 606//507 337//507
f 607//508 158//508 157//508
f 566//509 608//509 555//509
f 130//510 126//510 139//510
f 599//511 600//511 537//511
f 600//512 609//512 557//512
f 557//513 609//514 559//515
f 609//514 602//516 559//515
f 580//517 601//517 581//517
f 581//518 594//518 571//518
f 541//519 610//519 611//519
f 612//520 613//520 614//520
f 615//521 450//521 470//521
f 561//522 353//522 100//522
f 28//523 616//523 617//523
f 561//524 100//524 99//524
f 142//525 618//526 157//527
f 619//528 620//529 305//530
f 608//531 621//531 589//531
f 555//532 608//532 589//532
f 621//533 598//533 589//533
f 622//534 42//534 44//534
f 623//535 624//535 625//535
f 626//536 627//536 592//536
f 627//537 599//537 592//537
f 601//538 628//538 581//538
f 629//539 594//539 581//539
f 629//540 595//540 594//540
f 594//541 595//541 540//541
f 630//542 610//543 541//544
f 631//545 405//545 632//545
f 633//546 634//546 635//546
f 636//547 637//548 618//549
f 351//550 545//550 547//550
f 118//551 212//551 119//551
f 626//552 638//552 627//552
f 628//553 629//553 581//553
f 595//554 639//554 541//554
f 639//555 640//555 541//555
f 640//556 630//557 541//558
f 641//559 321//559 642//559
f 523//560 643//560 270//560
f 501//561 644//561 516//561
f 373//562 297//562 296//562
f 604//563 619//563 305//563
f 193//564 112//564 106//564
f 194//565 18//565 259//565
f 456//566 645//566 626//566
f 645//567 638//567 626//567
f 638//568 646//568 627//568
f 646//569 599//569 627//569
f 629//570 647//570 595//570
f 595//571 647//571 639//571
f 245//572 568//572 648//572
f 649//573 468//573 650//573
f 637//574 651//574 157//574
f 618//526 637//575 157//527
f 651//576 607//576 157//576
f 198//577 197//577 652//577
f 653//578 645//578 458//578
f 654//579 599//579 646//579
f 654//580 600//580 599//580
f 654//581 609//581 600//581
f 609//582 654//582 602//582
f 628//583 655//583 629//583
f 629//584 655//584 647//584
f 79//585 78//585 656//585
f 343//586 345//586 657//586
f 658//587 450//587 615//587
f 376//588 658//588 476//588
f 542//589 650//589 543//589
f 608//590 659//590 621//590
f 660//591 661//591 653//591
f 653//592 661//592 645//592
f 645//593 662//593 638//593
f 654//594 655//594 601//594
f 602//595 654//595 601//595
f 601//596 655//596 628//596
f 657//597 345//597 663//597
f 664//598 17//598 665//598
f 666//599 667//599 668//599
f 351//600 560//600 553//600
f 659//601 669//601 621//601
f 621//602 669//602 598//602
f 670//603 653//603 598//603
f 661//604 671//604 645//604
f 646//605 672//605 654//605
f 672//606 673//606 654//606
f 673//607 655//607 654//607
f 655//608 674//608 647//608
f 675//609 641//609 676//609
f 414//610 416//610 583//610
f 376//611 450//611 658//611
f 677//612 678//612 679//612
f 208//613 680//613 681//613
f 669//614 670//614 598//614
f 645//615 682//615 662//615
f 662//616 646//616 638//616
f 662//617 672//617 646//617
f 683//618 655//618 673//618
f 683//619 674//619 655//619
f 674//620 684//620 647//620
f 684//621 685//621 647//621
f 647//622 685//622 639//622
f 639//623 686//623 640//623
f 687//624 688//624 630//624
f 689//625 690//625 691//625
f 544//626 543//626 584//626
f 692//627 693//627 651//627
f 694//628 607//628 693//628
f 695//629 696//629 697//629
f 31//630 190//630 32//630
f 698//631 669//632 659//633
f 670//634 660//634 653//634
f 671//635 682//635 645//635
f 699//636 339//636 700//636
f 692//637 701//637 693//637
f 661//638 702//638 671//638
f 662//639 703//639 672//639
f 703//640 704//640 672//640
f 672//641 704//641 673//641
f 704//642 705//642 673//642
f 705//643 706//643 673//643
f 706//644 683//644 673//644
f 707//645 674//646 683//647
f 707//648 708//648 674//648
f 708//649 684//649 674//649
f 708//650 685//650 684//650
f 685//651 686//651 639//651
f 543//652 709//652 584//652
f 253//653 710//653 711//653
f 425//654 712//654 713//654
f 211//655 212//655 118//655
f 714//656 715//656 670//656
f 716//657 660//657 670//657
f 717//658 661//659 660//660
f 717//661 702//661 661//661
f 703//662 662//662 682//662
f 718//663 703//663 682//663
f 719//664 685//664 708//664
f 687//665 640//665 686//665
f 442//666 372//666 406//666
f 720//667 560//667 721//667
f 709//668 722//669 584//670
f 723//671 701//671 692//671
f 670//672 669//673 714//674
f 715//675 716//675 670//675
f 702//676 682//676 671//676
f 724//677 704//677 703//677
f 704//678 725//678 705//678
f 705//679 726//679 706//679
f 727//680 708//680 707//680
f 686//681 685//681 687//681
f 585//682 584//682 722//682
f 606//683 335//683 337//683
f 701//684 728//684 694//684
f 693//685 701//685 694//685
f 201//686 181//686 161//686
f 728//687 387//687 729//687
f 730//688 731//688 23//688
f 716//689 717//658 660//660
f 717//690 732//690 702//690
f 733//691 703//691 718//691
f 733//692 724//692 703//692
f 724//693 725//693 704//693
f 725//694 726//694 705//694
f 734//695 99//695 735//695
f 514//696 515//696 375//696
f 733//697 725//697 724//697
f 726//698 736//698 706//698
f 727//699 719//699 708//699
f 492//700 687//700 685//700
f 317//701 696//702 318//703
f 101//704 377//704 376//704
f 587//705 313//705 315//705
f 562//706 737//706 738//706
f 28//707 617//707 29//707
f 294//708 514//708 377//708
f 24//709 26//709 41//709
f 259//710 20//710 129//710
f 20//711 130//711 129//711
f 716//712 715//712 739//712
f 740//713 717//713 716//713
f 732//714 718//714 702//714
f 718//715 682//715 702//715
f 736//716 741//716 706//716
f 706//717 741//717 683//717
f 742//718 707//645 683//647
f 743//719 744//719 477//719
f 745//720 302//720 78//720
f 740//721 732//721 717//721
f 746//722 733//722 718//722
f 746//723 725//723 733//723
f 741//724 742//724 683//724
f 742//725 747//725 707//725
f 747//726 727//726 707//726
f 748//727 749//727 644//727
f 290//728 561//728 291//728
f 713//729 750//729 425//729
f 330//730 32//730 223//730
f 739//731 740//731 716//731
f 740//732 751//732 732//732
f 751//733 718//733 732//733
f 751//734 752//734 718//734
f 718//735 752//735 746//735
f 746//736 753//736 725//736
f 753//737 754//737 726//737
f 725//738 753//738 726//738
f 726//739 754//739 736//739
f 742//740 755//740 747//740
f 747//741 719//741 727//741
f 492//742 685//742 719//742
f 756//743 326//743 757//743
f 416//744 758//744 583//744
f 709//745 552//745 483//745
f 443//746 289//746 759//746
f 760//747 729//747 761//747
f 762//748 763//748 753//748
f 736//749 754//749 741//749
f 699//750 764//750 765//750
f 483//751 552//751 484//751
f 474//752 351//444 433//446
f 377//753 514//753 375//753
f 560//754 720//754 553//754
f 2//755 1//755 211//755
f 5//756 136//756 138//756
f 766//757 193//757 194//757
f 767//758 740//758 739//758
f 768//759 767//759 739//759
f 767//760 751//760 740//760
f 331//761 362//762 364//763
f 102//764 689//764 109//764
f 741//765 755//765 742//765
f 239//766 769//766 770//766
f 771//767 317//767 772//767
f 468//768 378//768 543//768
f 666//769 562//769 738//769
f 631//770 403//770 405//770
f 65//771 108//771 66//771
f 773//772 301//773 774//774
f 570//775 775//775 776//775
f 777//776 778//776 779//776
f 767//777 780//777 751//777
f 751//778 780//778 752//778
f 781//779 747//779 755//779
f 782//780 719//780 747//780
f 783//781 782//781 747//781
f 782//782 492//782 719//782
f 784//783 785//783 786//783
f 552//784 787//784 484//784
f 225//785 493//785 788//785
f 293//786 514//786 294//786
f 475//787 265//787 442//787
f 789//788 247//789 246//790
f 790//791 767//791 768//791
f 791//792 792//792 780//792
f 793//793 794//793 795//793
f 317//794 131//794 696//794
f 449//795 448//795 796//795
f 797//796 741//796 754//796
f 741//797 797//797 755//797
f 798//798 782//798 783//798
f 799//799 492//799 782//799
f 799//800 14//800 492//800
f 515//801 504//801 526//801
f 470//802 469//802 248//802
f 266//803 355//803 264//803
f 667//804 666//804 738//804
f 505//805 504//805 515//805
f 800//806 777//806 779//806
f 801//807 802//807 323//807
f 802//808 324//809 323//810
f 522//811 517//811 803//811
f 804//812 129//812 308//812
f 362//813 766//813 805//813
f 806//814 755//814 797//814
f 755//815 806//816 781//817
f 783//818 747//818 781//818
f 799//819 422//819 14//819
f 720//820 469//820 553//820
f 355//821 372//821 442//821
f 250//822 318//703 695//823
f 468//824 543//824 650//824
f 542//825 296//825 650//825
f 553//826 469//826 450//826
f 807//827 779//827 170//827
f 800//828 808//828 777//828
f 808//829 809//829 777//829
f 42//830 622//830 54//830
f 356//831 810//831 357//831
f 811//832 783//832 781//832
f 339//833 699//833 340//833
f 812//834 632//834 813//834
f 729//835 386//836 814//837
f 815//838 814//838 816//838
f 433//839 553//839 450//839
f 807//840 170//840 817//840
f 818//841 807//841 817//841
f 819//842 779//842 807//842
f 819//843 800//843 779//843
f 820//844 821//844 822//844
f 199//845 193//845 362//845
f 132//846 134//846 823//846
f 94//847 4//847 6//847
f 13//848 824//848 491//848
f 825//849 826//849 827//849
f 781//850 828//850 811//850
f 829//851 379//851 468//851
f 722//852 483//852 485//852
f 378//853 552//853 709//853
f 154//854 12//855 830//856
f 247//857 789//858 563//859
f 317//860 308//860 131//860
f 831//861 832//861 833//861
f 811//862 798//862 783//862
f 834//863 782//863 798//863
f 835//864 226//864 473//864
f 562//865 250//865 695//865
f 519//866 836//866 837//866
f 447//867 521//867 448//867
f 472//868 835//868 473//868
f 838//869 809//869 808//869
f 809//870 838//870 839//870
f 199//871 362//871 331//871
f 193//872 766//872 362//872
f 840//873 841//873 842//873
f 54//874 622//874 56//874
f 843//875 844//876 845//877
f 846//878 811//879 828//880
f 847//881 848//881 644//881
f 641//882 319//882 321//882
f 807//883 849//883 819//883
f 819//884 849//884 800//884
f 838//885 808//885 800//885
f 850//886 851//886 852//886
f 131//887 140//887 696//887
f 331//761 364//763 853//888
f 665//889 854//889 855//889
f 856//890 325//890 208//890
f 846//891 857//891 811//891
f 857//892 798//892 811//892
f 422//893 799//893 782//893
f 834//894 422//894 782//894
f 858//895 859//895 860//895
f 695//823 318//703 696//702
f 483//896 722//669 709//668
f 380//897 861//897 862//897
f 294//898 377//898 101//898
f 807//899 863//899 849//899
f 849//900 864//900 800//900
f 864//901 838//901 800//901
f 838//902 865//902 839//902
f 189//903 866//903 108//903
f 766//904 194//904 867//904
f 868//905 494//905 596//905
f 869//906 870//906 871//906
f 749//907 517//907 516//907
f 562//908 695//908 737//908
f 585//909 722//909 872//909
f 505//910 514//910 873//910
f 179//911 159//911 731//911
f 871//912 874//913 875//914
f 804//915 308//915 771//915
f 876//916 857//916 846//916
f 877//917 834//917 798//917
f 877//918 422//918 834//918
f 878//919 879//919 880//919
f 291//920 99//920 734//920
f 862//921 881//921 552//921
f 37//922 882//922 38//922
f 864//923 865//923 838//923
f 194//924 259//924 867//924
f 259//925 129//926 804//927
f 883//928 884//928 871//928
f 870//929 883//929 871//929
f 884//930 874//930 871//930
f 362//931 805//931 363//931
f 370//932 360//932 273//932
f 351//933 350//933 545//933
f 435//934 352//934 881//934
f 862//935 552//935 380//935
f 865//936 885//936 886//936
f 887//937 888//938 883//939
f 889//940 875//914 874//913
f 889//941 890//941 875//941
f 891//942 867//942 804//942
f 892//943 893//944 894//945
f 895//946 857//946 820//946
f 895//947 798//947 857//947
f 896//948 422//948 877//948
f 896//949 67//949 422//949
f 355//950 297//950 372//950
f 400//951 502//951 415//951
f 649//952 650//952 296//952
f 338//953 313//953 587//953
f 897//954 865//954 864//954
f 849//955 897//955 864//955
f 898//956 886//956 885//956
f 885//957 899//957 898//957
f 900//958 888//938 887//937
f 888//959 901//959 883//959
f 901//960 902//960 883//960
f 902//961 884//961 883//961
f 902//962 874//962 884//962
f 903//963 889//963 874//963
f 889//964 904//964 890//964
f 1//965 905//965 906//965
f 766//966 907//966 805//966
f 908//967 877//967 798//967
f 909//968 67//968 896//968
f 910//969 523//969 270//969
f 370//970 371//970 911//970
f 517//971 521//971 447//971
f 865//972 899//972 885//972
f 912//973 901//973 888//973
f 902//974 913//974 874//974
f 821//975 820//975 857//975
f 908//976 896//976 877//976
f 378//977 709//977 543//977
f 586//978 338//978 587//978
f 400//979 501//979 502//979
f 863//980 897//980 849//980
f 897//981 914//981 865//981
f 865//982 914//982 899//982
f 616//983 343//983 311//983
f 900//984 912//984 888//984
f 912//985 915//986 901//987
f 901//988 916//988 902//988
f 916//989 913//989 902//989
f 903//990 874//990 913//990
f 771//991 308//991 317//991
f 917//992 895//992 820//992
f 917//993 918//993 895//993
f 908//994 798//994 895//994
f 918//995 908//995 895//995
f 126//996 67//996 909//996
f 545//997 919//997 546//997
f 644//998 749//998 516//998
f 447//999 449//999 502//999
f 914//1000 920//1000 899//1000
f 920//1001 534//1001 899//1001
f 900//1002 921//1002 912//1002
f 921//1003 915//986 912//985
f 915//1004 922//1004 901//1004
f 901//1005 922//1005 916//1005
f 923//1006 889//1006 903//1006
f 923//1007 904//1007 889//1007
f 328//1008 274//1008 327//1008
f 484//1009 443//1009 485//1009
f 126//1010 909//1010 139//1010
f 355//1011 442//1011 264//1011
f 374//1012 296//1012 542//1012
f 787//1013 443//1013 484//1013
f 249//1014 316//1014 318//1014
f 648//1015 570//1015 776//1015
f 914//1016 513//1017 920//1018
f 867//1019 259//925 804//927
f 867//1020 907//1020 766//1020
f 913//1021 924//1021 903//1021
f 924//1022 923//1022 903//1022
f 925//1023 240//1024 327//1025
f 926//1026 917//1026 822//1026
f 926//1027 667//1027 917//1027
f 667//1028 918//1028 917//1028
f 697//1029 909//1029 896//1029
f 604//1030 603//1030 850//1030
f 863//1031 587//1031 897//1031
f 840//1032 927//1032 841//1032
f 734//1033 904//1033 923//1033
f 738//1034 908//1035 918//1036
f 737//1037 896//1037 908//1037
f 737//1038 697//1039 896//1040
f 384//1041 372//1041 374//1041
f 314//480 265//482 475//1042
f 787//1043 352//1043 443//1043
f 316//1044 772//1044 317//1044
f 587//1045 315//1045 897//1045
f 897//1046 315//1046 914//1046
f 854//1047 928//1047 509//1047
f 533//1048 532//1048 929//1048
f 542//1049 921//1049 929//1049
f 915//1050 872//1050 922//1050
f 922//1051 485//1051 916//1051
f 916//1052 930//1052 913//1052
f 930//1053 924//1053 913//1053
f 668//1054 667//1054 926//1054
f 738//1034 737//1055 908//1035
f 271//1056 700//1056 272//1056
f 881//1057 352//1057 787//1057
f 881//1058 787//1058 552//1058
f 315//1059 513//1059 914//1059
f 920//1060 532//1060 534//1060
f 921//1003 585//1061 915//986
f 915//1062 585//1062 872//1062
f 485//1063 930//1063 916//1063
f 289//1064 924//1065 930//1066
f 289//1064 923//1067 924//1065
f 291//1068 734//1068 923//1068
f 931//1069 822//1069 932//1069
f 738//1070 918//1070 667//1070
f 140//1071 909//1071 697//1071
f 140//1072 139//1072 909//1072
f 848//1073 748//1073 644//1073
f 588//1074 587//1074 863//1074
f 532//1075 542//1075 929//1075
f 759//1076 289//1076 930//1076
f 923//1077 289//1077 291//1077
f 575//1078 418//1078 417//1078
f 933//1079 822//1080 931//1081
f 737//1038 695//1082 697//1039
f 699//1083 765//1083 340//1083
f 829//1084 468//1084 649//1084
f 315//1085 314//1085 513//1085
f 513//1017 385//1086 920//1018
f 920//1087 384//1087 532//1087
f 532//1088 374//1088 542//1088
f 921//1089 544//1089 585//1089
f 485//1090 759//1090 930//1090
f 743//1091 28//1091 27//1091
f 443//1092 290//1092 289//1092
f 920//1093 385//1093 384//1093
f 384//1094 374//1094 532//1094
f 542//1095 544//1095 921//1095
f 872//1096 722//1096 922//1096
f 722//1097 485//1097 922//1097
f 485//1098 443//1098 759//1098
f 93//1099 934//1100 94//1101
f 935//1102 336//1102 936//1102
f 615//1103 470//1103 562//1103
f 862//1104 937//1105 881//1106
f 938//1107 814//837 386//836
f 881//1106 937//1105 435//1108
f 607//1109 694//1109 939//1109
f 940//1110 941//1110 942//1110
f 943//1111 944//1111 945//1111
f 946//1112 947//1112 295//1112
f 948//1113 949//1113 950//1113
f 951//1114 526//1114 952//1114
f 226//1115 225//1115 473//1115
f 953//1116 748//1116 954//1116
f 955//1117 956//1117 957//1117
f 958//1118 954//1118 847//1118
f 448//1119 959//1119 960//1119
f 961//1120 274//1120 358//1120
f 962//1121 659//1121 963//1121
f 964//1122 954//1122 958//1122
f 958//1123 847//1124 965//1125
f 966//1126 244//1127 967//1128
f 968//1129 969//1129 970//1129
f 692//1130 637//548 636//547
f 952//1131 526//1131 504//1131
f 971//1132 972//1132 973//1132
f 974//1133 975//1133 976//1133
f 273//1134 359//1134 274//1134
f 977//1135 978//1135 945//1135
f 979//1136 980//1136 981//1136
f 641//1137 982//1137 676//1137
f 52//1138 51//1138 983//1138
f 202//1139 984//1139 203//1139
f 249//1140 721//1140 560//1140
f 968//1141 985//1141 986//1141
f 321//1142 987//1142 642//1142
f 988//1143 989//1143 990//1143
f 202//1144 298//1144 991//1144
f 991//1145 984//1145 202//1145
f 992//1146 993//1146 994//1146
f 299//1147 995//1147 298//1147
f 996//1148 997//1148 998//1148
f 999//1149 845//1150 546//1151
f 1000//1152 1001//1152 1002//1152
f 970//1153 1003//1154 985//1155
f 978//1156 383//1156 1004//1156
f 413//1157 1005//1158 288//1159
f 1006//1160 631//1160 632//1160
f 1007//1161 965//1161 1008//1161
f 40//1162 283//1162 1009//1162
f 1010//1163 995//1163 299//1163
f 298//1164 1011//1164 991//1164
f 448//1165 521//1165 520//1165
f 986//1166 985//1166 979//1166
f 383//1167 382//1167 1012//1167
f 1013//1168 1014//1168 1015//1168
f 1013//1169 1010//1169 1014//1169
f 991//1170 356//1170 984//1170
f 978//1171 1004//1171 1016//1171
f 1017//1172 995//1172 1010//1172
f 991//1173 1011//1173 356//1173
f 773//1174 774//1174 1018//1174
f 1008//1175 1019//1175 1020//1175
f 1021//1176 1010//1176 1013//1176
f 1021//1177 1017//1177 1010//1177
f 1017//1178 1022//1178 995//1178
f 995//1179 1022//1179 298//1179
f 298//1180 1022//1180 1011//1180
f 1023//1181 958//1181 1024//1181
f 1023//1182 964//1182 958//1182
f 1025//1183 1026//1183 1027//1183
f 1028//1184 1029//1184 1030//1184
f 546//1151 845//1150 547//1185
f 1031//1186 1032//1186 63//1186
f 1033//1187 1015//1187 1034//1187
f 1035//1188 1013//1188 1015//1188
f 1011//1189 1036//1189 356//1189
f 700//1190 339//1190 1037//1190
f 964//1191 1038//1191 953//1191
f 1039//1192 1040//1192 1041//1192
f 1042//1193 1043//1193 1044//1193
f 954//1194 748//1194 848//1194
f 953//1195 1038//1195 1045//1195
f 1033//1196 1035//1196 1015//1196
f 1021//1197 1013//1197 1035//1197
f 1022//1198 1046//1198 1011//1198
f 1047//1199 1048//1199 1049//1199
f 1050//1200 1051//1200 1052//1200
f 1017//1201 1053//1201 1022//1201
f 1036//1202 810//1202 356//1202
f 1054//1203 1055//1204 1056//1205
f 402//1206 965//1125 847//1124
f 956//1207 1057//1207 957//1207
f 826//1208 1058//1208 1059//1208
f 847//1209 954//1209 848//1209
f 1017//1210 1021//1210 1053//1210
f 1046//1211 1060//1211 1011//1211
f 1011//1212 1060//1212 1036//1212
f 1061//1213 292//1213 435//1213
f 979//1214 1062//1214 980//1214
f 1008//1215 965//1215 1063//1215
f 1064//1216 1065//1216 1066//1216
f 1067//1217 1033//1217 1005//1217
f 413//1218 1067//1218 1005//1218
f 1053//1219 1046//1219 1022//1219
f 1068//1220 1051//1221 1039//1221
f 1035//1222 1033//1222 1067//1222
f 1060//1223 1069//1223 1036//1223
f 1032//1224 1070//1224 1071//1224
f 959//1225 1072//1225 1025//1225
f 1073//1226 1074//1226 1075//1226
f 1076//1227 1077//1227 1078//1227
f 1078//1228 1079//1228 1080//1228
f 1079//1229 1081//1229 1080//1229
f 1082//1230 1074//1230 1079//1230
f 1083//1231 971//1231 973//1231
f 1084//1232 1021//1232 1035//1232
f 1084//1233 1085//1233 1021//1233
f 1085//1234 1053//1234 1021//1234
f 1053//1235 1086//1235 1046//1235
f 1086//1236 1087//1236 1046//1236
f 1046//1237 1087//1237 1060//1237
f 1087//1238 1088//1238 1060//1238
f 1060//1239 1088//1239 1069//1239
f 1069//1240 1089//1240 1036//1240
f 1089//1241 810//1241 1036//1241
f 1073//1242 1075//1242 1090//1242
f 959//1243 1025//1243 960//1243
f 910//1244 243//1244 523//1244
f 1074//1245 1073//1245 1079//1245
f 1067//1246 1084//1246 1035//1246
f 1091//1247 810//1247 1089//1247
f 1071//1248 1070//1248 1092//1248
f 350//1249 941//1249 545//1249
f 504//1250 503//1250 952//1250
f 1085//1251 1093//1251 1053//1251
f 1093//1252 1086//1252 1053//1252
f 155//1253 163//1253 219//1253
f 1094//1254 489//1254 490//1254
f 1095//1255 489//1255 1094//1255
f 251//1256 243//1256 910//1256
f 842//1257 841//1257 1096//1257
f 951//1258 941//1258 350//1258
f 1097//1259 1062//1259 1003//1259
f 1062//1260 979//1260 1003//1260
f 1098//1261 1099//1261 1100//1261
f 1101//1262 1102//1262 1065//1262
f 1103//1263 1104//1263 616//1263
f 441//1264 1105//1265 1084//1266
f 1067//1267 441//1267 1084//1267
f 1084//1266 1105//1265 1085//1268
f 1106//1269 1107//1269 386//1269
f 969//1270 968//1270 1108//1270
f 844//1271 772//1271 845//1271
f 845//1272 772//1272 547//1272
f 836//1273 873//1273 1061//1273
f 1109//1274 999//1274 546//1274
f 1110//1275 1086//1275 1093//1275
f 1111//1276 1089//1276 1069//1276
f 1111//1277 1112//1277 1089//1277
f 1112//1278 1091//1278 1089//1278
f 1091//1279 1113//1279 810//1279
f 576//1280 325//1280 856//1280
f 856//1281 207//1281 1114//1281
f 1115//1282 1116//1282 1117//1282
f 1105//1283 1118//1283 1085//1283
f 1118//1284 1119//1285 1085//1286
f 1085//1286 1119//1285 1093//1287
f 1110//1288 1120//1288 1086//1288
f 1121//1289 1087//1289 1086//1289
f 1120//1290 1121//1290 1086//1290
f 1122//1291 1087//1291 1121//1291
f 1122//1292 1088//1292 1087//1292
f 1123//1293 1069//1293 1088//1293
f 1122//1294 1123//1294 1088//1294
f 1069//1295 1123//1295 1111//1295
f 1124//1296 1091//1296 1112//1296
f 1091//1297 1124//1297 1113//1297
f 764//1298 1125//1298 765//1298
f 1126//1299 967//1299 634//1299
f 1127//1300 1093//1300 1119//1300
f 1093//1301 1127//1301 1110//1301
f 1111//1302 1124//1302 1112//1302
f 1128//1303 593//1303 465//1303
f 566//1304 489//1304 1095//1304
f 566//1305 506//1305 489//1305
f 608//1306 566//1307 1129//1308
f 1100//1309 1099//1309 1130//1309
f 1115//1310 1131//1311 1116//1312
f 23//1313 1132//1313 730//1313
f 1127//1314 1120//1314 1110//1314
f 1120//1315 1122//1315 1121//1315
f 1133//1316 713//1316 712//1316
f 357//1317 1113//1317 166//1317
f 1042//1318 1134//1318 1135//1318
f 524//1319 1037//1320 525//1321
f 518//1322 1134//1323 503//1324
f 1136//1325 1076//1325 1080//1325
f 1098//1326 1117//1326 1099//1326
f 1120//1327 1137//1327 1122//1327
f 1111//1328 1138//1328 1124//1328
f 1139//1329 1140//1329 1141//1329
f 342//1330 524//1330 523//1330
f 227//1331 298//1331 202//1331
f 1101//1332 1064//1332 1131//1332
f 1061//1333 873//1333 293//1333
f 240//181 239//1334 252//182
f 1142//1335 1047//1335 970//1335
f 463//1336 1143//1337 1144//1338
f 1049//1339 1062//1339 1097//1339
f 1127//1340 1145//1340 1120//1340
f 1138//1341 1146//1341 1124//1341
f 1147//1342 1129//1343 1095//1344
f 1057//1345 1148//1345 957//1345
f 836//1346 519//1347 873//1348
f 1149//1349 758//1349 1082//1349
f 1150//1350 409//1350 1151//1350
f 1152//1351 1041//1351 1153//1351
f 1154//1352 1155//1352 956//1352
f 1062//1353 1156//1354 1154//1355
f 1157//1356 1118//1356 1105//1356
f 500//1357 1157//1357 1105//1357
f 1157//1358 1119//1358 1118//1358
f 1123//1359 1122//1359 1111//1359
f 1158//1360 1138//1360 1111//1360
f 1147//1342 963//1361 1129//1343
f 263//1362 1014//1362 1010//1362
f 1159//1363 1051//1363 1068//1363
f 1160//1364 1161//1364 446//1364
f 1047//1365 1049//1365 1097//1365
f 970//1366 1047//1366 1097//1366
f 1134//1323 518//1322 1162//1367
f 1163//1368 1127//1368 1119//1368
f 1127//1369 1163//1369 1145//1369
f 1158//1370 1164//1370 1138//1370
f 1138//1371 1164//1371 1146//1371
f 681//1372 1165//1372 209//1372
f 1166//1373 1153//1373 1167//1373
f 382//1374 388//1374 1012//1374
f 697//1375 696//1375 140//1375
f 873//1376 514//1376 293//1376
f 386//1377 729//1377 387//1377
f 935//1378 1081//1378 1108//1378
f 1162//1379 518//1379 837//1379
f 349//1380 515//1380 526//1380
f 1064//1381 1066//1382 381//284
f 938//1383 825//1383 1168//1383
f 70//1384 421//1384 171//1384
f 1163//1385 1119//1385 1157//1385
f 1145//1386 1137//1387 1120//1388
f 1122//1389 1158//1389 1111//1389
f 1169//1390 172//1390 174//1390
f 1027//1391 1026//1391 1153//1391
f 1153//1392 1170//1392 1171//1392
f 1167//1393 1153//1393 1171//1393
f 1172//1394 1173//1394 1174//1394
f 1175//1395 490//1395 16//1395
f 519//1347 505//1396 873//1348
f 1044//1397 952//1397 503//1397
f 611//1398 1157//1399 500//1400
f 1137//1401 1176//1401 1122//1401
f 1177//1402 1102//1402 1178//1402
f 942//1403 1179//1403 940//1403
f 1154//1404 955//1404 980//1404
f 253//1405 1180//1406 710//1407
f 756//1408 774//774 301//773
f 1181//1409 1027//1409 1153//1409
f 955//1410 1154//1410 956//1410
f 1062//1411 1154//1411 980//1411
f 1044//1412 503//1412 1134//1412
f 938//1413 1168//1413 814//1413
f 325//1414 1126//1414 633//1414
f 1182//1415 1107//1415 1106//1415
f 1183//1416 1184//1416 1185//1416
f 1163//1417 1186//1417 1145//1417
f 1186//1418 1187//1418 1145//1418
f 1145//1386 1187//1419 1137//1387
f 1137//1420 530//1420 1176//1420
f 1122//1421 1176//1421 1158//1421
f 1165//1422 681//1422 943//1422
f 1188//1423 1061//1423 937//1423
f 1171//1424 1170//1424 1189//1424
f 1179//1425 942//1425 1190//1425
f 1182//1426 1066//1426 1107//1426
f 1191//1427 1135//1427 1192//1427
f 611//1398 1163//1428 1157//1399
f 1187//1429 530//1429 1137//1429
f 1117//1430 977//1430 1099//1430
f 1027//1431 1181//1431 1193//1431
f 1194//1432 1179//1432 1190//1432
f 1042//1433 1195//1433 1043//1433
f 951//1434 350//1434 526//1434
f 968//1435 970//1435 985//1435
f 1196//1436 1146//1436 1164//1436
f 160//1437 1197//1437 144//1437
f 227//1438 263//1438 1010//1438
f 1186//1439 1198//1439 1187//1439
f 422//1440 67//1440 9//1440
f 1001//1441 1199//1441 1002//1441
f 29//1442 617//1442 311//1442
f 1001//1443 919//1443 1199//1443
f 1047//1444 1200//1445 1048//1446
f 1201//1447 605//1447 1202//1447
f 1190//1448 952//1448 1044//1448
f 1191//1449 1042//1449 1135//1449
f 1203//1450 1171//1450 1204//1450
f 1167//1451 1171//1452 1203//1453
f 611//1454 1205//1454 1163//1454
f 1163//1455 1205//1455 1186//1455
f 1187//1456 531//1456 530//1456
f 586//1457 1206//1458 338//1459
f 1081//1460 1073//1460 1207//1460
f 1150//1461 410//1461 409//1461
f 1207//1462 1073//1462 1090//1462
f 836//1463 1061//1463 1188//1463
f 1195//1464 1190//1464 1043//1464
f 1179//1465 1000//1465 940//1465
f 960//1466 1027//1466 796//1466
f 826//1467 825//1467 1107//1467
f 1042//1468 1044//1468 1134//1468
f 1208//1469 1209//1469 1210//1469
f 775//1470 310//1470 776//1470
f 1205//1471 1198//1471 1186//1471
f 855//1472 1211//1472 1212//1472
f 966//1473 1213//1473 244//1473
f 606//1474 968//1474 335//1474
f 381//1475 388//1476 382//1477
f 141//1478 618//1478 142//1478
f 758//1479 1074//1479 1082//1480
f 946//1481 979//1481 981//1481
f 1051//1482 1214//1482 1028//1482
f 1204//1483 1189//1483 1192//1483
f 1204//1484 1171//1484 1189//1484
f 1215//1485 1216//1485 1217//1485
f 1198//1486 531//1486 1187//1486
f 1218//1487 424//1487 1219//1487
f 936//1488 336//1488 338//1488
f 203//1489 984//1489 228//1489
f 1136//1490 936//1490 338//1490
f 1039//1491 1051//1491 1040//1491
f 1152//1492 1039//1492 1041//1492
f 1218//1493 712//1493 425//1493
f 935//1494 1108//1494 455//1494
f 1064//1381 381//284 383//286
f 1220//1495 1030//1495 1000//1495
f 984//1496 267//1496 228//1496
f 1221//1497 1037//1320 1222//1498
f 861//1499 380//1499 379//1499
f 1130//1500 944//1500 681//1500
f 1223//1501 1195//1501 1191//1501
f 1155//1502 1162//1502 956//1502
f 1213//1503 1224//1503 244//1503
f 1225//1504 1226//1504 1227//1504
f 1063//1505 401//1505 1019//1505
f 1205//1506 611//1506 610//1506
f 26//117 1228//1507 187//118
f 1229//1508 1068//1508 1072//1508
f 1206//1458 1230//1509 338//1459
f 1195//1510 1223//1510 1190//1510
f 957//1511 1148//1511 861//1511
f 964//1512 35//1512 1038//1512
f 1001//1513 1150//1513 1151//1513
f 1075//1514 1166//1514 1200//1514
f 1231//1515 172//1515 1232//1515
f 1075//1516 1200//1516 1047//1516
f 1079//1517 1073//1517 1081//1517
f 448//1518 960//1518 796//1518
f 486//1519 339//1519 487//1519
f 339//1520 341//1520 487//1520
f 274//1521 328//1521 275//1521
f 681//1522 944//1522 943//1522
f 1030//1523 410//1523 1150//1523
f 1100//1524 635//1524 812//1524
f 796//1525 758//1525 449//1525
f 1220//1526 1000//1526 1179//1526
f 1233//1527 463//1527 1234//1527
f 1131//1528 383//1529 978//1530
f 1166//1531 1167//1531 1200//1531
f 495//1532 1235//1532 245//1532
f 1000//1533 1002//1533 940//1533
f 1066//1534 1182//1534 1106//1534
f 301//1535 275//1535 328//1535
f 300//1536 1236//1536 371//1536
f 1041//1537 1040//1537 1170//1537
f 582//1538 1237//1538 414//1538
f 988//1539 1238//1539 1239//1539
f 1239//1540 1238//1541 817//1542
f 1238//1541 818//1543 817//1542
f 1019//1544 401//1544 1240//1544
f 1241//1545 1242//1546 1243//1547
f 945//1548 978//1548 1016//1548
f 1188//1549 862//1549 861//1549
f 81//1550 1228//1550 1244//1550
f 1245//1551 1246//1551 612//1551
f 1247//1552 861//1552 379//1552
f 1099//1553 977//1553 945//1553
f 1063//1554 402//1555 401//1556
f 166//1557 1248//1557 357//1557
f 1024//1558 1007//1558 1249//1558
f 547//1559 772//1559 249//1559
f 1192//1560 1189//1560 1191//1560
f 1064//1561 383//1561 1131//1561
f 567//1562 964//1562 1023//1562
f 942//1563 941//1563 1190//1563
f 1250//1564 1251//1564 1007//1564
f 388//1565 723//1565 1012//1565
f 1252//1566 1253//1566 1254//1566
f 1255//1567 525//1567 1221//1567
f 1256//1568 1257//1568 341//1568
f 231//1569 233//1569 1258//1569
f 749//1570 748//1570 1045//1570
f 141//1571 1132//1571 987//1571
f 987//1572 1132//1572 642//1572
f 143//1573 1132//1573 141//1573
f 1259//1574 1260//1574 232//1574
f 1261//1575 588//1575 1238//1575
f 892//1576 894//1577 1262//1578
f 1263//1579 1264//1579 107//1579
f 293//1580 292//1580 1061//1580
f 238//1581 769//1581 239//1581
f 986//1582 354//1582 335//1582
f 825//1583 1265//1583 1168//1583
f 388//1584 387//1584 723//1584
f 1040//1585 1223//1585 1191//1585
f 1065//1586 1064//1586 1101//1586
f 1178//1587 1102//1587 1101//1587
f 772//1588 316//1588 249//1588
f 988//1589 1261//1589 1238//1589
f 1148//1590 1188//1590 861//1590
f 1018//1591 1068//1591 1229//1591
f 1170//1592 1266//1592 1189//1592
f 1170//1593 1191//1593 1266//1593
f 272//1594 700//1595 1037//1594
f 520//1596 1229//1596 448//1596
f 1267//1597 141//1597 987//1597
f 588//1598 863//1598 818//1598
f 1116//1599 1131//1528 978//1530
f 1051//1600 1220//1600 1052//1600
f 862//1601 1188//1601 937//1601
f 1040//1602 1191//1602 1170//1602
f 1194//1603 1220//1603 1179//1603
f 1008//1604 1250//1605 1007//1606
f 675//1607 256//1607 319//1607
f 272//1594 1037//1594 524//1608
f 946//1609 981//1609 947//1609
f 63//1610 217//1610 1031//1610
f 1268//1611 1269//1611 1270//1611
f 1249//1612 1023//1612 1024//1612
f 1023//1613 1249//1613 567//1613
f 964//1614 567//1614 35//1614
f 933//1615 926//1615 822//1615
f 1000//1616 1030//1616 1150//1616
f 114//1617 1271//1617 113//1617
f 1072//1618 1026//1618 1025//1618
f 1072//1619 1039//1619 1152//1619
f 1272//1620 987//1620 321//1620
f 1267//1621 618//1621 141//1621
f 993//1622 770//1622 769//1622
f 251//1623 910//1623 1173//1623
f 487//1624 341//1624 1257//1624
f 572//1625 847//1625 501//1625
f 1075//1626 1193//1626 1181//1626
f 1273//1627 1274//1628 1275//1629
f 354//1630 986//1630 946//1630
f 423//1631 750//1631 1276//1631
f 1126//1632 966//1632 967//1632
f 1272//1633 1267//1633 987//1633
f 1267//1634 636//1634 618//1634
f 27//1635 310//1635 775//1635
f 238//1636 183//1636 185//1636
f 1277//1637 1278//1637 1279//1637
f 837//1638 1188//1638 1148//1638
f 402//1639 847//1639 572//1639
f 242//1640 254//1640 342//1640
f 63//1641 1032//1641 1280//1641
f 1072//1642 1068//1220 1039//1221
f 1074//1643 1193//1643 1075//1643
f 1026//1644 1072//1644 1152//1644
f 981//1645 829//1645 947//1645
f 999//1646 1281//1646 1282//1646
f 919//1647 1109//1647 546//1647
f 981//1648 980//1648 829//1648
f 1191//1649 1195//1649 1042//1649
f 336//1650 935//1650 455//1650
f 413//1651 441//1651 1067//1651
f 907//1652 867//1652 891//1652
f 1108//1653 968//1653 455//1653
f 979//1654 946//1654 986//1654
f 641//1655 642//1655 982//1655
f 270//1656 643//1656 268//1656
f 1247//1657 1283//1657 861//1657
f 1050//1658 1052//1658 1223//1658
f 1284//1659 233//1659 407//1659
f 969//1660 1142//1660 970//1660
f 1285//1661 1286//1662 1287//1663
f 1288//1664 1183//1664 1185//1664
f 985//1665 1003//1665 979//1665
f 1289//1666 1068//1666 1018//1666
f 1028//1667 1290//1667 1029//1667
f 943//1668 945//1669 1016//1670
f 286//1671 309//1671 413//1671
f 1116//1672 978//1672 977//1672
f 1247//1673 379//1673 829//1673
f 1220//1674 1194//1674 1052//1674
f 1107//1675 825//1675 938//1675
f 1283//1676 957//1676 861//1676
f 1214//1677 1290//1677 1028//1677
f 610//1678 1198//1678 1205//1678
f 1066//1679 1106//1679 381//1679
f 1291//1680 288//1159 1005//1158
f 960//1681 1025//1681 1027//1681
f 1018//1682 1292//1682 773//1682
f 1293//1683 1114//1683 1272//1683
f 1294//1684 636//1684 1267//1684
f 1294//1685 1295//1685 636//1685
f 1296//1686 1297//1686 1298//1686
f 185//1687 769//1687 238//1687
f 1261//1688 1299//1688 588//1688
f 387//1689 728//1689 723//1689
f 1151//1690 919//1690 1001//1690
f 1153//1691 1041//1691 1170//1691
f 1204//1692 1192//1692 1156//1692
f 1190//1693 951//1693 952//1693
f 1082//1694 1078//1695 1077//1696
f 1300//1697 1301//1698 1302//1699
f 925//1700 183//1700 238//1700
f 344//1701 1258//1701 1284//1701
f 1283//1702 955//1702 957//1702
f 1057//1703 837//1703 1148//1703
f 1090//1704 1075//1704 1047//1704
f 1080//1705 935//1705 936//1705
f 642//1706 1132//1706 1303//1706
f 1304//1707 1288//1708 1185//1709
f 1051//1710 1050//1711 1040//1712
f 1029//1713 410//1713 1030//1713
f 836//1714 1188//1714 837//1714
f 243//1715 342//1715 523//1715
f 1293//1716 320//1716 856//1716
f 1174//1717 270//1717 1305//1717
f 1299//1718 1306//1718 588//1718
f 1099//1719 945//1719 944//1719
f 1189//1720 1266//1720 1191//1720
f 1090//1721 1142//1721 1207//1721
f 1136//1722 1080//1722 936//1722
f 1135//1723 1134//1723 1162//1723
f 1052//1724 1194//1724 1223//1724
f 1051//1725 1028//1725 1220//1725
f 253//1726 252//1726 1180//1726
f 1267//1727 1272//1727 1294//1727
f 1307//1728 692//1728 636//1728
f 1295//1729 1307//1729 636//1729
f 644//1730 501//1730 847//1730
f 1308//1731 360//1731 370//1731
f 1051//1732 1159//1732 1214//1732
f 980//1733 1283//1733 1247//1733
f 1166//1734 1181//1734 1153//1734
f 1075//1735 1181//1735 1166//1735
f 941//1736 1199//1736 545//1736
f 1220//1737 1028//1737 1030//1737
f 965//1738 402//1555 1063//1554
f 1309//1739 1294//1739 1272//1739
f 1237//1740 1240//1740 401//1740
f 271//1741 764//1741 700//1741
f 1310//1742 1311//1742 1312//1742
f 692//1743 651//1743 637//1743
f 980//1744 955//1744 1283//1744
f 1173//1745 910//1745 1174//1745
f 856//1746 1114//1746 1293//1746
f 360//259 1313//1747 358//260
f 1309//1748 1272//1748 1114//1748
f 1313//1749 961//1749 358//1749
f 479//1750 1314//1750 175//1750
f 1081//1751 1207//1751 1108//1751
f 1207//1752 969//1752 1108//1752
f 926//1753 666//1753 668//1753
f 455//1754 968//1754 606//1754
f 1315//1755 1295//1755 1294//1755
f 1004//1756 1307//1756 1295//1756
f 1315//1757 1004//1758 1295//1759
f 335//1760 968//1760 986//1760
f 1206//1761 586//1761 588//1761
f 1306//1762 1206//1762 588//1762
f 937//1763 1061//1763 435//1763
f 1101//1764 1131//1311 1115//1310
f 956//1765 1162//1765 1057//1765
f 1090//1766 1047//1766 1142//1766
f 1207//1767 1142//1767 969//1767
f 1192//1768 1155//1769 1156//1354
f 1190//1770 941//1770 951//1770
f 764//1771 699//1771 700//1771
f 1155//1772 1135//1772 1162//1772
f 1200//1445 1167//1773 1048//1446
f 448//1774 1229//1775 959//1776
f 1223//1777 1194//1777 1190//1777
f 1006//1778 632//1778 812//1778
f 1114//1779 1165//1779 1309//1779
f 1309//1780 1315//1780 1294//1780
f 959//1776 1229//1775 1072//1781
f 1316//1782 1317//1782 613//1782
f 701//1783 723//1783 728//1783
f 1261//1784 988//1785 950//1786
f 1151//1787 1109//1787 919//1787
f 275//1788 300//1788 371//1788
f 1204//1789 1156//1789 1062//1789
f 812//1790 813//1790 1098//1790
f 295//1791 649//1791 296//1791
f 1000//1792 1150//1792 1001//1792
f 721//1793 249//1793 248//1793
f 321//1794 320//1794 1293//1794
f 1318//1795 1307//1795 1004//1795
f 1318//1796 692//1796 1307//1796
f 1318//1797 723//1797 692//1797
f 1319//1798 1273//1799 663//1800
f 598//1801 458//1801 590//1801
f 953//1802 1045//1802 748//1802
f 815//1803 1320//1803 729//1803
f 818//1804 863//1804 807//1804
f 1048//1805 1204//1805 1062//1805
f 1048//1806 1062//1806 1049//1806
f 1117//1807 1116//1807 977//1807
f 1156//1354 1155//1769 1154//1355
f 954//1808 964//1808 953//1808
f 796//1809 1027//1809 1193//1809
f 209//1810 1165//1810 1114//1810
f 1161//1811 1235//1811 1321//1811
f 213//1812 1322//1812 85//1812
f 1007//1813 1024//1813 965//1813
f 583//1814 758//1814 1149//1814
f 1106//1815 386//1815 388//1815
f 381//1475 1106//1816 388//1476
f 1323//1817 610//1817 688//1817
f 1324//1818 1325//1818 1326//1818
f 1044//1819 1043//1819 1190//1819
f 758//1479 796//1479 1074//1479
f 1066//1820 1058//1820 1107//1820
f 1115//1821 1327//1821 1101//1821
f 1328//1822 213//1822 85//1822
f 829//1823 980//1823 1247//1823
f 1024//1824 958//1824 965//1824
f 1065//1825 1058//1825 1066//1825
f 1162//1826 837//1826 1057//1826
f 1080//1827 1081//1827 935//1827
f 1246//1828 1329//1828 826//1828
f 1048//1829 1203//1829 1204//1829
f 555//1830 554//1830 16//1830
f 796//1831 1193//1831 1074//1831
f 1016//1832 1004//1758 1315//1757
f 1318//1833 1012//1833 723//1833
f 1330//1834 136//1834 4//1834
f 1331//1835 675//1835 676//1835
f 1192//1768 1135//1836 1155//1769
f 1107//1837 938//1837 386//1837
f 1153//1838 1026//1838 1152//1838
f 1040//1712 1050//1711 1223//1839
f 1107//1840 1058//1840 826//1840
f 469//1841 720//1841 721//1841
f 1165//1842 943//1842 1315//1842
f 1309//1843 1165//1843 1315//1843
f 943//1668 1016//1670 1315//1844
f 1332//1845 1333//1845 1334//1845
f 288//1846 286//1846 413//1846
f 940//1847 1002//1848 941//1849
f 1002//1848 1199//1850 941//1849
f 1076//1851 1078//1851 1080//1851
f 729//1852 1320//1852 761//1852
f 1003//1154 970//1153 1097//1853
f 566//1307 1095//1854 1129//1308
f 1167//1451 1203//1453 1048//1855
f 658//1856 926//1856 933//1856
f 1335//1857 1336//1857 1337//1857
f 383//1858 1318//1858 1004//1858
f 383//1859 1012//1859 1318//1859
f 545//1860 1199//1860 919//1860
f 1338//1861 312//1861 311//1861
f 1082//1694 1079//1862 1078//1695
f 961//1863 183//1863 925//1863
f 80//43 1339//1864 81//44
f 1340//1865 934//1100 93//1099
f 1340//1866 93//1866 133//1866
f 1341//1867 1342//1867 1343//1867
f 1341//1868 1343//1868 789//1868
f 1344//1869 116//1869 1345//1869
f 1098//1870 1100//1870 812//1870
f 77//40 1346//1871 78//41
f 421//1872 118//1872 171//1872
f 1347//1873 1348//1873 1349//1873
f 1350//1874 1330//1874 1351//1874
f 1349//1875 1352//1875 1094//1875
f 133//1876 93//1876 134//1876
f 1353//1877 334//1878 1354//1879
f 1355//1880 1356//1880 1351//1880
f 145//1881 1357//1881 322//1881
f 322//1882 1358//1882 68//1882
f 85//1883 84//1883 527//1883
f 1359//1884 85//1884 527//1884
f 1305//1885 1172//1885 1174//1885
f 68//1886 1358//1886 1360//1886
f 1361//1887 116//1887 1344//1887
f 304//1888 303//1888 1362//1888
f 1363//1889 764//1889 271//1889
f 160//1890 146//1890 1364//1890
f 419//1891 1201//1891 420//1891
f 1365//1892 974//1892 976//1892
f 1366//1893 1367//1893 1368//1893
f 1369//1894 1370//1894 1278//1894
f 625//1895 1371//1895 1372//1895
f 1316//1896 1373//1896 1374//1896
f 210//1897 1375//1897 105//1897
f 1364//1898 146//1898 191//1898
f 96//1899 98//1899 691//1899
f 851//1900 96//1900 691//1900
f 576//1901 319//1901 256//1901
f 303//1902 1376//1902 1377//1902
f 1374//1903 677//1903 679//1903
f 1211//1904 1378//1904 276//1904
f 1339//1905 1287//1905 30//1905
f 310//1906 1342//1906 776//1906
f 565//1907 1379//1907 471//1907
f 1380//1908 1242//1546 1241//1545
f 1378//1909 831//1909 1381//1909
f 237//1910 1006//1910 634//1910
f 5//1911 280//1911 279//1911
f 1065//1912 1373//1912 1059//1912
f 842//1913 1096//1913 1382//1913
f 1383//1914 1380//1914 1384//1914
f 232//1915 1274//1628 1273//1627
f 1385//1916 1386//1916 1387//1916
f 1388//1917 1389//1917 360//1917
f 1390//1918 1389//1918 1388//1918
f 225//1919 788//1919 868//1919
f 1391//1920 1392//1920 1393//1920
f 616//1921 28//1921 478//1921
f 813//1922 1327//1923 1098//1924
f 1394//1925 1383//1925 1384//1925
f 1345//1926 564//1927 563//1928
f 1345//1929 45//1929 564//1929
f 134//1930 1395//1930 823//1930
f 1396//1931 1397//1931 1398//1931
f 320//1932 576//1932 856//1932
f 1177//1933 678//1933 677//1933
f 1374//1934 1373//1934 677//1934
f 1399//1935 1304//1935 1185//1935
f 1400//1936 1339//1936 80//1936
f 5//1937 138//1937 1401//1937
f 247//1938 563//1938 565//1938
f 1365//1939 976//1939 1208//1939
f 854//1940 591//1940 1402//1940
f 1339//1941 30//1941 1403//1941
f 1313//1942 1389//1942 1404//1942
f 495//1943 494//1943 868//1943
f 312//1944 1342//1944 310//1944
f 1404//1945 1405//1945 184//1945
f 1406//1946 1407//1946 1408//1946
f 1361//1947 50//1947 116//1947
f 523//1948 525//1948 643//1948
f 510//1949 1409//1949 1410//1949
f 973//1950 972//1950 1242//1950
f 880//1951 1411//1951 1412//1951
f 690//1952 852//1952 691//1952
f 1373//1953 1065//1953 1177//1953
f 1412//1954 878//1954 880//1954
f 1413//1955 1414//1955 1415//1955
f 1242//1956 972//1956 1243//1956
f 652//1957 833//1958 1416//1959
f 1367//1960 582//1960 583//1960
f 1364//1961 1375//1961 1417//1961
f 1401//1962 138//1962 1418//1962
f 1419//1963 1388//1963 1308//1963
f 312//1964 1344//1965 1342//1966
f 132//1967 823//1967 1420//1967
f 1421//1968 1397//1969 1422//1970
f 1423//1971 1424//1971 1425//1971
f 1375//1972 210//1973 1426//1974
f 138//1975 1364//1975 1418//1975
f 1364//1976 191//1976 1375//1976
f 1356//1977 1350//1977 1351//1977
f 1427//1978 1428//1979 1429//1980
f 1430//1981 1431//1981 1432//1981
f 1433//1982 1434//1982 1317//1982
f 623//1983 1390//1983 1388//1983
f 904//1984 734//1984 1435//1984
f 1436//1985 1437//1985 1077//1985
f 1396//1986 1398//1986 1419//1986
f 407//1987 1319//1987 345//1987
f 1438//1988 1439//1988 1336//1988
f 1419//1989 1308//1990 1396//1991
f 1413//1992 1440//1992 1414//1992
f 1361//1993 1344//1965 312//1964
f 634//1994 1006//1994 812//1994
f 1178//1995 1101//1995 1327//1995
f 358//1996 274//1996 359//1996
f 1389//1997 1313//1997 360//1997
f 1376//1998 303//1998 302//1998
f 971//1999 1441//1999 1442//1999
f 1443//2000 1336//2000 603//2000
f 1444//2001 1384//2001 1380//2001
f 564//2002 47//2002 1379//2002
f 365//2003 1445//2003 1446//2003
f 1447//2004 827//2004 1329//2004
f 78//2005 794//2005 745//2005
f 1448//2006 1449//2006 1450//2006
f 1397//2007 1396//2007 1451//2007
f 1452//2008 1397//2008 1451//2008
f 659//2009 608//2009 1129//2009
f 1077//2010 1437//2010 1082//2010
f 421//2011 211//2011 118//2011
f 1216//2012 1453//2012 1454//2012
f 1422//2013 1452//2014 1455//2015
f 210//2016 117//2017 222//2018
f 134//2019 279//2019 1395//2019
f 1391//2020 1456//2020 1392//2021
f 971//2022 1442//2022 1457//2022
f 1442//2023 1391//2023 1458//2023
f 565//2024 564//2024 1379//2024
f 1273//1799 1319//1798 233//2025
f 1459//2026 1178//2026 813//2026
f 81//2027 1339//2027 187//2027
f 677//2028 1373//2028 1177//2028
f 789//858 1343//2029 563//859
f 190//2030 234//2030 223//2030
f 1460//2031 1461//2031 1263//2031
f 186//2032 330//2032 223//2032
f 620//2033 1312//2034 306//2035
f 1422//2013 1455//2015 1462//2036
f 1076//2037 1463//2037 1077//2037
f 1457//2038 1442//2038 1458//2038
f 1464//2039 1436//2039 1465//2039
f 975//2040 1456//2040 976//2040
f 1209//2041 976//2041 1441//2041
f 1466//2042 277//2042 1467//2042
f 134//2043 6//2043 279//2043
f 1468//2044 833//2044 652//2044
f 1457//2045 1458//2046 972//2047
f 500//2048 541//2048 611//2048
f 1130//2049 680//2049 635//2049
f 197//2050 1468//2050 652//2050
f 1343//2051 1345//1926 563//1928
f 1339//2052 1403//2052 187//2052
f 1469//2053 1470//2053 1471//2053
f 793//2054 1376//2054 745//2054
f 975//2055 1421//2056 1456//2057
f 1472//2058 1473//2058 1392//2058
f 927//2059 1474//2059 1475//2059
f 1476//2060 1477//2060 1478//2060
f 605//2061 604//2061 1479//2061
f 1034//2062 1015//2062 1480//2062
f 813//1922 1178//2063 1327//1923
f 405//2064 679//2064 678//2064
f 1481//2065 1482//2065 1483//2065
f 1//2066 3//2066 305//2066
f 623//2067 1388//2067 1419//2067
f 1479//2068 604//2068 3//2068
f 1437//2069 1149//2069 1082//2069
f 1484//2070 1485//2070 1486//2070
f 1487//2071 1415//2071 1488//2071
f 1473//2072 1393//2072 1392//2072
f 1413//2073 1415//2073 185//2073
f 64//2074 63//2074 1280//2074
f 1489//2075 113//2075 1271//2075
f 1159//2076 1490//2076 1214//2076
f 1491//2077 200//2077 1492//2077
f 1407//2078 1493//2078 1408//2078
f 1469//2079 1494//2079 1470//2079
f 1397//2080 1452//2080 1422//2080
f 1495//2081 1206//2082 1306//2083
f 1418//2084 1364//2084 1417//2084
f 1496//2085 1423//2085 1425//2085
f 1497//2086 1498//2086 840//2086
f 1437//2087 1499//2087 1149//2087
f 1059//2088 612//2088 1246//2088
f 1407//2089 1500//2089 1493//2089
f 1501//2090 50//2090 1361//2090
f 389//2091 652//1957 1416//1959
f 972//2092 1458//2092 1276//2092
f 1502//2093 1503//2093 277//2093
f 1452//2094 1451//2095 1504//2096
f 1451//2097 1308//2097 370//2097
f 675//2098 319//2098 641//2098
f 1375//1972 1426//1974 1417//2099
f 842//2100 1497//2100 840//2100
f 975//2101 974//2101 1425//2101
f 676//2102 982//2102 1505//2102
f 961//2103 1404//2103 184//2103
f 1415//2104 994//2104 185//2104
f 1452//2105 1504//2105 1455//2105
f 1506//2106 1507//2106 1508//2106
f 1503//2107 197//2107 196//2107
f 196//2108 1467//2108 277//2108
f 1208//2109 976//2109 1209//2109
f 274//2110 961//2110 925//2110
f 196//2111 277//2111 1503//2111
f 280//2112 5//2112 1401//2112
f 1383//2113 1509//2113 1380//2113
f 1510//2114 1511//2114 1512//2114
f 975//2115 1425//2115 1513//2115
f 327//2116 240//2116 253//2116
f 657//2117 1361//2117 312//2117
f 878//2118 1412//2119 1398//2120
f 1398//2121 623//2121 1419//2121
f 1201//2122 1443//2122 603//2122
f 603//2123 1514//2123 851//2123
f 1501//2124 48//2124 50//2124
f 1514//2125 96//2125 851//2125
f 1293//2126 1272//2126 321//2126
f 239//2127 770//2127 1515//2127
f 449//2128 758//2128 416//2128
f 1316//2129 1059//2129 1373//2129
f 1516//2130 1509//2130 1383//2130
f 1517//2131 1518//2131 1519//2131
f 1369//2132 1520//2132 1521//2132
f 1412//2119 623//2133 1398//2120
f 1243//2134 1276//2134 750//2134
f 1241//2135 1243//2135 750//2135
f 1241//2136 750//2136 1133//2136
f 565//2137 471//2137 247//2137
f 664//2138 855//2138 1212//2138
f 961//2139 184//2139 183//2139
f 1144//2140 1328//2140 1359//2140
f 1456//2141 1462//2141 1392//2141
f 1424//2142 1398//2142 1397//2142
f 1394//2143 1384//2143 1471//2143
f 1388//2144 360//2144 1308//2144
f 274//2145 925//2145 327//2145
f 1401//2146 1418//2146 1522//2146
f 1523//2147 858//2147 1524//2147
f 6//2148 5//2148 279//2148
f 1425//2149 1424//2149 1513//2149
f 878//2150 1398//2150 1424//2150
f 852//2151 619//2151 850//2151
f 345//2152 1319//2152 663//2152
f 1525//2153 1526//2154 445//2155
f 1412//2156 624//2156 623//2156
f 663//2157 1501//2157 1361//2157
f 657//2158 663//2158 1361//2158
f 41//2159 186//2160 1527//2161
f 1381//2162 1468//2162 1502//2162
f 2//2163 1479//2163 3//2163
f 3//2164 604//2164 305//2164
f 306//2165 905//2165 1//2165
f 971//2166 1457//2045 972//2047
f 1451//2095 370//2167 1504//2096
f 271//2168 1511//2168 1363//2168
f 774//2169 1289//2169 1018//2169
f 306//2035 1312//2034 905//2170
f 1313//2171 1404//2171 961//2171
f 1243//2172 972//2172 1276//2172
f 1210//2173 1209//2173 1441//2173
f 1343//2174 1342//2174 1344//2174
f 1115//2175 1117//2175 1098//2175
f 1338//2176 657//2177 312//2178
f 1210//2179 1441//2179 971//2179
f 1528//2180 1524//2180 858//2180
f 795//2181 794//2181 1346//2181
f 1509//2182 1242//2182 1380//2182
f 1441//2183 1391//2183 1442//2183
f 568//2184 570//2184 648//2184
f 1529//2185 1029//2185 1290//2185
f 1421//2056 1422//2186 1456//2057
f 1471//2187 1470//2187 1530//2187
f 185//2188 994//2188 769//2188
f 1513//2189 1424//2189 1397//2189
f 1531//2190 1164//2190 1158//2190
f 1396//1991 1308//1990 1451//2191
f 1532//2192 1533//2192 1534//2192
f 234//2193 132//2193 1420//2193
f 1490//2194 1290//2194 1214//2194
f 1490//2195 1529//2195 1290//2195
f 1529//2196 410//2196 1029//2196
f 1515//2197 252//2197 239//2197
f 1471//2198 1530//2198 1394//2198
f 1535//2199 277//2200 1466//2201
f 1273//2202 1275//2202 663//2202
f 1133//2203 750//2203 713//2203
f 967//2204 237//2204 634//2204
f 1536//2205 1537//2205 1538//2205
f 1441//2206 976//2206 1391//2206
f 1455//2207 1539//2208 1462//2209
f 1275//2210 1501//2210 663//2210
f 1202//2211 1479//2211 2//2211
f 1275//2212 48//2212 1501//2212
f 1531//2213 1196//2213 1164//2213
f 1433//2214 1317//2214 679//2214
f 1462//2209 1539//2208 1472//2215
f 1434//2216 613//2216 1317//2216
f 1456//2217 1422//2217 1462//2217
f 1509//2218 973//2218 1242//2218
f 1513//2219 1397//1969 1421//1968
f 421//2220 1202//2220 2//2220
f 1540//2221 1159//2221 1289//2221
f 1540//2222 1490//2222 1159//2222
f 1540//2223 1529//2223 1490//2223
f 548//2224 410//2224 1529//2224
f 1541//2225 643//2225 1255//2225
f 1474//2226 1542//2226 1543//2226
f 1544//2227 1176//2227 1545//2227
f 1544//2228 1531//2228 1176//2228
f 525//1321 1037//1320 1221//1497
f 209//2229 1114//2229 207//2229
f 976//2230 1456//2020 1391//2020
f 975//2231 1513//2231 1421//2231
f 421//2232 69//2232 1202//2232
f 1546//2233 1547//2233 1548//2233
f 69//2234 420//2234 1202//2234
f 711//2235 1529//2235 1540//2235
f 710//2236 548//2236 1529//2236
f 1531//2237 1303//2237 1196//2237
f 1303//2238 1132//2238 1196//2238
f 1504//2239 911//2239 1455//2239
f 1547//2240 80//2240 1548//2240
f 1545//2241 530//2241 1505//2241
f 27//2242 570//2242 569//2242
f 1547//2243 1400//2243 80//2243
f 774//2244 1540//2244 1289//2244
f 711//2245 710//2245 1529//2245
f 253//2246 711//2246 326//2246
f 1549//2247 217//2247 1550//2247
f 1542//2248 1549//2249 1550//2250
f 35//2251 488//2251 1257//2251
f 614//2252 1245//2252 612//2252
f 518//2253 519//2253 837//2253
f 1007//2254 1251//2254 1249//2254
f 1177//2255 1459//2255 678//2255
f 295//2256 355//2256 946//2256
f 1059//2257 1058//2257 1065//2257
f 311//2258 343//2258 1338//2258
f 757//2259 711//2259 1540//2259
f 613//2260 1434//2260 614//2260
f 1504//2261 370//2261 911//2261
f 982//2262 1544//2262 1545//2262
f 925//1023 238//2263 240//1024
f 1020//2264 1541//2264 1551//2264
f 1551//2265 1541//2265 1250//2265
f 1249//2266 486//2267 567//2267
f 269//2268 1305//2268 270//2268
f 757//2269 1540//2269 774//2269
f 643//2270 525//2270 1255//2270
f 81//2271 1244//2271 25//2271
f 305//530 620//529 306//2272
f 1552//2273 1553//2273 1554//2273
f 1474//2274 1543//2274 1475//2274
f 944//2275 1130//2275 1099//2275
f 982//2276 1545//2276 1505//2276
f 642//2277 1531//2277 1544//2277
f 1531//2278 642//2278 1303//2278
f 1531//2279 1158//2279 1176//2279
f 1250//2280 1221//2280 1251//2280
f 567//2267 486//2267 488//2281
f 1555//2282 973//2282 1509//2282
f 268//2283 643//2283 1541//2283
f 328//2284 756//2284 301//2284
f 1174//2285 910//2285 270//2285
f 116//2286 1556//2286 1345//2286
f 803//2287 517//2287 749//2287
f 1541//2288 1255//2288 1250//2288
f 1250//2289 1255//2289 1221//2289
f 756//2290 328//229 326//228
f 554//2291 854//2291 509//2291
f 1222//2292 339//2292 486//2292
f 1343//2293 1344//2293 1345//2293
f 982//2294 642//2294 1544//2294
f 1550//2295 217//2295 1557//2295
f 1221//2296 1222//2296 1251//2296
f 1251//2297 486//2297 1249//2297
f 487//2298 1257//2298 488//2298
f 756//2299 757//2299 774//2299
f 326//2300 711//2300 757//2300
f 710//1407 1180//1406 548//2301
f 1180//2302 549//2302 548//2302
f 1037//2303 339//2303 1222//2303
f 676//2304 1505//2304 392//2304
f 1251//2305 1222//2305 486//2305
f 11//2306 1558//2306 12//2306
f 1559//2307 1560//2307 1274//2307
f 11//2308 107//2308 55//2308
f 60//2309 124//2309 1561//2309
f 963//2310 1147//2310 1139//2310
f 1562//2311 495//2311 868//2311
f 1563//2312 1460//2313 107//2314
f 23//2315 22//2315 1196//2315
f 192//2316 60//2316 1561//2316
f 10//2317 1563//2317 107//2317
f 1379//2318 192//2318 472//2318
f 598//2319 653//2319 458//2319
f 1560//2320 48//2320 1274//2320
f 1045//2321 1038//2321 34//2321
f 1560//2322 12//2322 48//2322
f 1556//2323 45//2323 1345//2323
f 1564//2324 1331//2324 1565//2324
f 765//2325 1256//2325 341//2325
f 810//2326 1113//2326 357//2326
f 1256//2327 1566//2327 33//2327
f 1567//2328 34//2328 33//2328
f 1566//2329 1567//2329 33//2329
f 1567//2330 1045//2330 34//2330
f 1568//2331 103//2331 1569//2331
f 1570//2332 36//2332 38//2332
f 170//2333 169//2333 817//2333
f 765//2334 1252//2334 1256//2334
f 401//2335 414//2335 1237//2335
f 1571//2336 1572//2337 1248//2338
f 45//2339 115//2340 46//2341
f 1252//2342 1573//2342 1256//2342
f 1573//2343 1574//2343 1256//2343
f 1256//2344 1574//2344 1566//2344
f 1574//2345 1575//2345 1566//2345
f 1566//2346 1575//2346 1567//2346
f 1257//2347 1256//2347 33//2347
f 418//2348 576//2348 256//2348
f 1575//2349 1576//2349 1567//2349
f 459//2350 125//2350 128//2350
f 1577//2351 760//2351 761//2351
f 1567//2352 1576//2352 803//2352
f 1254//2353 1573//2353 1252//2353
f 1578//2354 1574//2354 1573//2354
f 1574//2355 1579//2355 1575//2355
f 1575//2356 1579//2356 1576//2356
f 1569//2357 573//2357 574//2357
f 1580//2358 1578//2358 1573//2358
f 1579//2359 1574//2359 1578//2359
f 1579//2360 1581//2360 1576//2360
f 1576//2361 522//2361 803//2361
f 39//2362 258//2362 65//2362
f 1311//2363 87//2363 128//2363
f 1581//2364 522//2364 1576//2364
f 1292//2365 1229//2365 522//2365
f 1292//2366 522//2366 1581//2366
f 1581//2367 1579//2367 1578//2367
f 773//2368 1292//2368 1581//2368
f 845//2369 999//2369 1282//2369
f 22//2370 1146//2370 1196//2370
f 689//2371 98//2371 109//2371
f 1438//2372 1336//2372 1443//2372
f 1268//2373 1582//2373 1269//2373
f 137//2374 136//2374 1330//2374
f 1583//2375 1578//2375 1580//2375
f 1236//2376 1583//2376 1580//2376
f 1583//2377 1581//2377 1578//2377
f 1581//2378 1583//2378 773//2378
f 133//2379 31//2379 1286//2379
f 729//2380 760//2380 728//2380
f 1351//2381 1330//2381 4//2381
f 105//2382 171//143 210//145
f 1571//2383 1248//2383 166//2383
f 934//2384 1351//2385 94//2386
f 1351//2385 4//2387 94//2386
f 1092//2388 1584//2388 1071//2388
f 300//2389 301//2389 1583//2389
f 1583//2390 301//2390 773//2390
f 1146//2391 22//2391 1113//2391
f 1577//2392 38//2393 694//2394
f 1585//2395 159//2395 179//2395
f 731//2396 159//2396 23//2396
f 166//2397 1113//2397 22//2397
f 868//2398 596//2398 225//2398
f 866//2399 1586//2399 7//2399
f 1274//2400 1260//2400 1559//2400
f 61//2401 125//2401 59//2401
f 574//2402 156//2402 155//2402
f 1410//2403 451//2403 510//2403
f 1381//2404 831//2404 1468//2404
f 1483//2405 276//2405 1587//2405
f 158//2406 178//2406 180//2406
f 1588//2407 87//2407 1311//2407
f 1588//2408 88//2408 87//2408
f 159//2409 1585//2409 1589//2409
f 1589//2410 1590//2410 165//2410
f 1568//2411 1569//2411 1572//2411
f 1588//2412 690//2412 102//2412
f 88//2413 1588//2413 102//2413
f 690//2414 689//2414 102//2414
f 1591//2415 1323//2415 688//2415
f 1558//2416 49//2417 48//2418
f 165//2419 1590//2419 1571//2419
f 689//2420 691//2420 98//2420
f 82//2421 189//2421 258//2421
f 88//59 103//61 1568//2422
f 1592//2423 1593//2423 1594//2423
f 459//2424 128//2424 1595//2424
f 107//2425 1264//2425 43//2425
f 882//2426 37//2426 1596//2426
f 83//2427 82//2427 19//2427
f 1597//2428 1598//2428 1599//2428
f 57//2429 11//2429 55//2429
f 1559//2430 830//2430 1560//2430
f 1600//2431 1601//2431 1602//2431
f 1571//2432 1590//2432 1572//2432
f 1556//2433 56//2433 45//2433
f 56//2434 1603//2434 45//2434
f 1603//2435 115//2340 45//2339
f 1603//2436 44//2436 115//2436
f 44//2437 58//2437 115//2437
f 824//2438 1591//2438 1604//2438
f 1605//2439 145//2440 144//2441
f 1593//2442 1586//2442 1594//2442
f 613//2443 612//2443 1059//2443
f 12//2444 1558//2444 48//2444
f 1606//2445 17//2445 664//2445
f 457//2446 1607//2446 1608//2446
f 1310//2447 1588//2447 1311//2447
f 1609//2448 1610//2448 1563//2448
f 87//2449 89//2449 1595//2449
f 1600//2450 1586//2451 1593//2452
f 1611//2453 392//2453 391//2453
f 48//2454 1275//2454 1274//2454
f 142//2455 158//2455 180//2455
f 1602//2456 1611//2456 1591//2456
f 1612//2457 391//2457 1198//2457
f 1281//2458 999//2459 1109//2460
f 103//2461 573//2461 1569//2461
f 459//2462 1595//2462 1597//2462
f 1609//2463 153//2463 152//2463
f 829//2464 649//2464 947//2464
f 391//2465 393//2465 531//2465
f 531//2466 1198//2466 391//2466
f 341//2467 340//2467 765//2467
f 1357//2468 656//2468 322//2468
f 1572//2337 1613//2469 1248//2338
f 574//2470 155//2470 219//2470
f 19//2471 258//2471 39//2471
f 391//2472 1612//2472 1611//2472
f 178//2473 1614//2473 179//2473
f 1590//2474 1568//2474 1572//2474
f 1244//2475 1228//2475 26//2475
f 1615//2476 830//2476 1559//2476
f 1569//2477 574//2477 1613//2477
f 1616//2478 1568//2478 1590//2478
f 89//2479 1598//2479 1595//2479
f 1601//2480 1611//2480 1602//2480
f 322//2481 656//2481 1358//2481
f 1600//2482 1602//2482 361//2482
f 1561//2483 459//2484 1617//2485
f 1599//2486 1585//2486 179//2486
f 1600//2487 361//2487 1586//2487
f 180//2488 143//2488 142//2488
f 165//2489 1571//2489 166//2489
f 933//2490 1618//2490 658//2490
f 1598//2491 1616//2492 1585//2493
f 44//2494 59//2494 58//2494
f 68//2495 1360//2495 69//2495
f 361//2496 1602//2496 460//2496
f 1594//2497 1586//2497 866//2497
f 491//2498 1604//2498 688//2498
f 491//2499 688//2499 687//2499
f 103//2500 102//2500 109//2500
f 180//2501 730//2501 143//2501
f 159//2502 165//2502 21//2502
f 329//2503 72//37 71//36
f 167//2504 1619//2504 125//2504
f 1620//2505 1597//2505 1599//2505
f 1268//2506 1621//2506 235//2506
f 180//2507 731//2507 730//2507
f 1565//2508 392//2508 1611//2508
f 1601//2509 1565//2509 1611//2509
f 69//2510 1622//2510 419//2510
f 110//2511 97//2511 156//2511
f 615//2512 562//2512 666//2512
f 460//2513 1602//2513 824//2513
f 1602//2514 1591//2514 824//2514
f 419//2515 1443//2516 1201//2517
f 1623//2518 219//2518 220//2518
f 1620//2519 1599//2519 1624//2519
f 1625//2520 1626//2520 1627//2520
f 789//2521 648//2521 1341//2521
f 1611//2522 1612//2522 1323//2522
f 89//2523 88//2523 1568//2523
f 1594//2524 866//2524 1628//2524
f 1428//2525 1601//2525 1629//2525
f 89//2526 1568//2526 1616//2526
f 664//2527 1212//2527 1630//2527
f 104//2528 322//2528 68//2528
f 1591//2529 1611//2529 1323//2529
f 227//2530 1010//2530 299//2530
f 409//2531 1631//2531 1151//2531
f 1632//2532 1633//2532 1634//2532
f 125//2533 61//2533 167//2533
f 1613//2534 574//2534 1623//2534
f 1623//2535 574//2535 219//2535
f 258//2536 108//2536 65//2536
f 1565//2537 1331//2537 392//2537
f 564//2538 45//2538 47//2538
f 1289//2539 1159//2539 1068//2539
f 108//2540 866//2540 7//2540
f 128//2541 87//2541 1595//2541
f 1613//2542 1623//2542 1248//2542
f 252//2543 1635//2543 1180//2543
f 814//2544 1168//2544 816//2544
f 180//2545 179//2545 731//2545
f 1246//2546 826//2546 1059//2546
f 1614//2547 1599//2547 179//2547
f 1636//2548 1355//2548 1637//2548
f 1515//2549 1635//2549 252//2549
f 500//2550 1105//2550 441//2550
f 1180//2551 1635//2552 549//2553
f 549//2554 1638//2554 408//2554
f 1591//2555 688//2555 1604//2555
f 1561//2556 124//2556 459//2556
f 1639//2557 1263//2557 1461//2557
f 1585//2558 1616//2558 1589//2558
f 830//856 12//855 1560//2559
f 1598//2560 89//2560 1616//2560
f 824//2561 1604//2561 491//2561
f 1599//2562 1598//2491 1585//2493
f 1310//2563 620//2563 1588//2563
f 1635//2552 1640//2564 549//2553
f 549//2565 1640//2565 1638//2565
f 1331//2566 676//2566 392//2566
f 1589//2567 1616//2567 1590//2567
f 852//2568 1588//2568 620//2568
f 1588//2569 852//2569 690//2569
f 1435//2570 734//2570 735//2570
f 652//2571 389//291 198//291
f 1429//2572 1629//2572 1593//2572
f 1629//2573 1600//2450 1593//2452
f 103//2574 109//2574 573//2574
f 11//2575 57//2575 1558//2575
f 154//2576 153//2576 10//2576
f 1572//2577 1569//2577 1613//2577
f 320//2578 319//2578 576//2578
f 1631//2579 409//2579 408//2579
f 214//2580 1641//2580 1642//2580
f 1593//2581 1592//2581 1429//2581
f 1612//2582 1198//2582 1323//2582
f 1198//2583 610//2583 1323//2583
f 109//2584 110//2584 573//2584
f 816//2585 1320//2585 815//2585
f 1624//2586 1599//2586 1614//2586
f 1643//2587 1624//2587 1614//2587
f 1644//2588 1515//2588 770//2588
f 1645//2589 1151//2589 1631//2589
f 1646//2590 1645//2591 1631//2592
f 1647//2593 1535//2593 1648//2593
f 221//2594 117//2594 119//2594
f 1649//2595 1650//2595 1651//2595
f 38//2596 761//2596 1320//2596
f 573//2597 110//2597 156//2597
f 1595//2598 1598//2598 1597//2598
f 1635//2599 1652//2599 1640//2599
f 1640//2600 1653//2600 1638//2600
f 1638//2601 1653//2601 408//2601
f 1653//2602 1654//2602 408//2602
f 1654//2603 1631//2603 408//2603
f 1654//2604 1646//2604 1631//2604
f 1482//2605 276//2605 1483//2605
f 816//2606 1570//2606 1320//2606
f 1629//2607 1601//2607 1600//2607
f 1558//2416 57//2608 49//2417
f 116//71 56//73 1556//2609
f 1515//2610 1655//2611 1635//2612
f 459//2484 1597//2613 1617//2485
f 1655//2611 1652//2614 1635//2612
f 1652//2615 1656//2616 1640//2617
f 1640//2617 1656//2616 1653//2618
f 622//2619 44//2619 1603//2619
f 1657//2620 1654//2620 1653//2620
f 43//2621 1264//2621 135//2621
f 1482//2622 1212//2622 276//2622
f 1658//2623 1659//2623 1655//2623
f 1515//2624 1658//2624 1655//2624
f 1655//2625 1656//2625 1652//2625
f 1656//2626 1657//2626 1653//2626
f 1644//2627 1658//2627 1515//2627
f 107//2628 43//32 55//31
f 460//2629 824//2629 13//2629
f 492//2630 491//2630 687//2630
f 279//2631 1660//2631 1395//2631
f 1657//2632 1646//2632 1654//2632
f 1428//2633 1629//2633 1429//2633
f 1505//2634 530//2634 393//2634
f 188//232 329//234 1628//2635
f 1212//2636 1211//2636 276//2636
f 248//2637 469//2637 721//2637
f 152//2638 1661//2638 1662//2638
f 904//2639 1435//2639 932//2639
f 1659//2640 1663//2640 1655//2640
f 1655//2641 1663//2641 1656//2641
f 1281//2642 1645//2591 1646//2590
f 535//2643 989//2643 1239//2643
f 159//2644 1589//2644 165//2644
f 1664//2645 1646//2645 1657//2645
f 1664//2646 1281//2646 1646//2646
f 1564//2647 1665//2647 1331//2647
f 220//2648 195//2648 357//2648
f 1666//2649 795//2649 1346//2649
f 1542//2650 1550//2650 1543//2650
f 1667//2651 1281//2652 1664//2653
f 866//2654 188//2654 1628//2654
f 1643//2655 1614//2655 178//2655
f 1402//2656 831//2656 1378//2656
f 476//2657 1668//2657 101//2657
f 1663//2658 1669//2658 1656//2658
f 1656//2659 1670//2659 1657//2659
f 1671//2660 1664//2660 1657//2660
f 1667//2651 1672//2661 1281//2652
f 1281//2662 1672//2662 1282//2662
f 1618//2663 476//2663 658//2663
f 1623//2664 220//2664 357//2664
f 1658//2665 1673//2665 1659//2665
f 1659//2666 1673//2667 1663//2668
f 1673//2667 1674//2669 1663//2668
f 1656//2670 1669//2670 1670//2670
f 1670//2671 1671//2671 1657//2671
f 735//2672 99//2672 1668//2672
f 1564//2673 1601//2673 1428//2673
f 355//2674 354//2674 946//2674
f 7//2675 1586//2675 361//2675
f 476//2676 1618//2676 1668//2676
f 1248//2677 1623//2677 357//2677
f 622//2678 1603//2678 56//2678
f 1663//2679 1674//2679 1669//2679
f 1671//2680 1667//2680 1664//2680
f 1672//2681 843//2681 1282//2681
f 1346//1871 794//2682 78//41
f 1618//2683 931//2683 1668//2683
f 153//2684 1609//2684 1563//2684
f 1476//2685 1648//2685 1477//2685
f 44//2686 61//2686 59//2686
f 789//788 246//790 648//2687
f 617//2688 616//2688 311//2688
f 1670//2689 1675//2689 1671//2689
f 93//2690 6//2690 134//2690
f 815//2691 729//2691 814//2691
f 153//2692 1563//2692 10//2692
f 855//2693 854//2693 1402//2693
f 210//2016 222//2018 1426//2694
f 1674//2695 364//2695 1669//2695
f 1676//2696 1672//2696 1667//2696
f 1672//2697 844//876 843//875
f 1601//2698 1564//2698 1565//2698
f 1570//2699 38//2699 1320//2699
f 687//2700 630//557 640//556
f 364//2701 363//2701 1669//2701
f 1669//2702 363//2702 1670//2702
f 1670//2703 363//2703 1675//2703
f 1671//2704 1676//2704 1667//2704
f 931//2705 1435//2706 735//2707
f 1668//2708 931//2705 735//2707
f 1113//2709 1124//2709 1146//2709
f 1673//2710 1677//2710 1674//2710
f 1675//2711 1676//2711 1671//2711
f 891//2712 1672//2712 1676//2712
f 1672//2713 771//2713 844//2713
f 844//2714 771//2714 772//2714
f 25//2715 1244//2715 26//2715
f 47//2716 192//2716 1379//2716
f 146//2717 145//2717 191//2717
f 927//2718 1475//2718 841//2718
f 1678//2719 1092//2719 1070//2719
f 363//2720 805//2720 1675//2720
f 1672//2721 891//2721 771//2721
f 932//2722 822//2722 821//2722
f 38//2723 1577//2723 761//2723
f 1677//2724 364//2724 1674//2724
f 1675//2725 907//2725 1676//2725
f 907//2726 891//2726 1676//2726
f 688//2727 610//543 630//542
f 931//2728 932//2728 1435//2728
f 1661//2729 152//2729 830//2729
f 866//2730 189//2730 188//2730
f 891//2731 804//2731 771//2731
f 247//2732 473//2732 597//2732
f 410//2733 548//2733 408//2733
f 1563//2734 1461//2734 1460//2734
f 1//2735 906//2735 1679//2735
f 805//2736 907//2736 1675//2736
f 392//2737 1505//2737 393//2737
f 57//2738 55//23 54//22
f 607//2739 651//2739 693//2739
f 1680//2740 1681//2741 1382//2742
f 1403//2743 30//2743 187//2743
f 390//2744 1682//2744 997//2744
f 212//2745 1//2745 1679//2745
f 853//2746 364//2746 1677//2746
f 35//2747 34//2747 1038//2747
f 806//2748 1683//2748 828//2748
f 1322//2749 213//2749 215//2749
f 1348//2750 1625//2750 1684//2750
f 15//2751 17//2751 1625//2751
f 1685//2752 1461//2752 1563//2752
f 1416//2753 1686//2753 1687//2753
f 17//2754 1606//2754 1625//2754
f 1348//2755 15//2755 1625//2755
f 592//2756 593//2756 1128//2756
f 1688//2757 932//2757 821//2757
f 1689//2758 714//2758 1690//2758
f 1691//2759 777//2760 1692//2761
f 768//2762 739//2762 1692//2762
f 1693//2763 346//2763 260//2763
f 1377//2764 1337//2764 303//2764
f 917//2765 820//2765 822//2765
f 1143//2766 1694//2766 1695//2766
f 1224//2767 1696//2768 1268//2769
f 890//2770 904//2770 1697//2770
f 1175//2771 16//2771 15//2771
f 900//2772 929//2772 921//2772
f 1698//2773 1699//2773 762//2773
f 1700//2774 797//2774 754//2774
f 1701//2775 1231//2775 1232//2775
f 762//2776 753//2776 746//2776
f 780//2777 1702//2778 752//2779
f 1325//2780 135//2781 1263//2782
f 792//2783 1703//2783 1702//2783
f 1704//2784 457//2784 1608//2784
f 135//2781 1264//2785 1263//2782
f 446//2786 445//2786 1526//2786
f 535//2787 817//2787 169//2787
f 1619//2788 167//2788 1324//2788
f 1700//2789 1705//2789 797//2789
f 480//2790 175//2790 1706//2790
f 214//2791 1497//2791 1681//2791
f 615//2792 926//2792 658//2792
f 1707//2793 1708//2793 1709//2793
f 216//2794 62//2794 1710//2794
f 596//2795 473//2795 225//2795
f 590//2796 458//2796 457//2796
f 1711//2797 875//2797 890//2797
f 287//2798 1712//2798 261//2798
f 898//2799 887//2799 1713//2799
f 493//2800 177//2800 788//2800
f 1196//2801 1132//2801 23//2801
f 1690//2802 714//2802 1714//2802
f 1217//2803 1216//2803 1715//2803
f 1704//2804 590//2804 457//2804
f 135//2805 1325//2805 1324//2805
f 1716//2806 1705//2806 1700//2806
f 1702//2807 1703//2807 1698//2807
f 1717//2808 939//2808 882//2808
f 1718//2809 1699//2809 1698//2809
f 1697//2810 1683//2811 1711//2812
f 678//2813 1459//2813 632//2813
f 1619//2814 1326//2814 1719//2814
f 1720//2815 1619//2815 1719//2815
f 149//2816 151//2816 1721//2816
f 1722//2817 1714//2817 698//2817
f 1718//2818 883//2818 870//2818
f 762//2819 1723//2819 763//2819
f 1724//2820 1725//2820 1726//2820
f 235//2821 1224//2821 1268//2821
f 1702//2822 1698//2822 762//2822
f 1727//2823 1728//2823 1729//2823
f 1694//2824 1730//2824 1731//2824
f 790//2825 839//2825 791//2825
f 1702//2826 780//2826 792//2826
f 534//2827 533//2827 898//2827
f 1683//2828 876//2828 828//2828
f 1348//2829 1175//2829 15//2829
f 1416//2830 832//2830 1732//2830
f 1416//2831 1732//2831 1686//2831
f 1733//2832 1687//2832 1686//2832
f 1732//2833 1733//2833 1686//2833
f 1226//2834 169//2834 1734//2834
f 1347//2835 1175//2835 1348//2835
f 1716//2836 875//2836 1711//2836
f 1704//2837 1735//2837 1402//2837
f 898//2838 533//2838 900//2838
f 38//2393 939//2839 694//2394
f 898//2840 900//2840 887//2840
f 963//2841 659//2841 1129//2841
f 648//2842 776//2842 1341//2842
f 1688//2843 821//2843 876//2843
f 1690//2844 1736//2844 1689//2844
f 232//2845 1260//2845 1274//2845
f 1688//2846 876//2846 1683//2846
f 591//2847 1704//2847 1402//2847
f 1711//2812 1683//2811 1705//2848
f 870//2849 869//2849 1699//2849
f 1464//2850 1499//2850 1437//2850
f 876//2851 846//878 828//880
f 597//2852 245//2852 247//2852
f 1683//2853 797//2853 1705//2853
f 1094//2854 490//2854 1347//2854
f 634//2855 812//2855 635//2855
f 1607//2856 1737//2856 1732//2856
f 1626//2857 1630//2857 1627//2857
f 1347//2858 490//2858 1175//2858
f 1699//2859 869//2859 1723//2859
f 869//2860 875//2860 1716//2860
f 887//2861 1718//2861 1738//2861
f 714//674 669//673 698//2862
f 950//1786 1299//2863 1261//1784
f 832//2864 1608//2864 1732//2864
f 127//2865 1720//2865 1739//2865
f 347//2866 346//2866 368//2866
f 1740//2867 164//2867 1741//2867
f 1741//2868 163//2868 155//2868
f 366//2869 368//2869 367//2869
f 1160//2870 569//2870 1161//2870
f 127//2871 125//2871 1619//2871
f 1658//2872 1742//2872 1673//2872
f 1326//2873 1619//2873 1324//2873
f 1691//2874 715//2874 714//2874
f 1743//2875 1744//2875 1745//2875
f 869//2876 871//2876 875//2876
f 809//2877 839//2877 790//2877
f 262//2878 261//2878 1712//2878
f 665//2879 17//2879 928//2879
f 794//2880 793//2880 745//2880
f 1690//2881 1714//2882 1722//2883
f 1729//2884 1728//2884 1725//2884
f 1630//2885 1746//2885 1627//2885
f 865//2886 886//2886 839//2886
f 456//2887 458//2887 645//2887
f 1747//2888 1743//2888 1745//2888
f 762//2889 1699//2889 1723//2889
f 1748//2890 149//2890 1721//2890
f 1748//2891 1749//2891 1744//2891
f 928//2892 854//2892 665//2892
f 887//2893 1738//2893 1713//2893
f 1227//2894 1226//2894 962//2894
f 1543//2895 1750//2896 1475//2897
f 1445//2898 1751//2898 1752//2898
f 898//2899 1713//2899 886//2899
f 1226//2900 1722//2901 962//2901
f 578//2902 1753//2902 1754//2902
f 1621//2903 1268//2903 1270//2903
f 424//2904 1755//2904 1756//2904
f 367//2905 368//2905 1757//2905
f 1747//2906 1745//2906 1758//2906
f 887//2907 883//2907 1718//2907
f 1721//2908 1759//2908 1749//2908
f 1748//2909 1721//2909 1749//2909
f 1693//2910 262//2910 1760//2910
f 1045//2911 1567//2911 749//2911
f 1703//2912 1738//2912 1718//2912
f 168//2913 778//2913 1690//2913
f 1761//2914 1762//2914 1763//2914
f 367//2915 1757//2915 1751//2915
f 1760//2916 1764//2916 1757//2916
f 1758//2917 1745//2917 1765//2917
f 1743//2918 1747//2918 1766//2918
f 161//2919 1744//2919 1743//2919
f 456//2920 1607//2920 457//2920
f 1767//2921 437//2921 1258//2921
f 1147//2922 1768//2922 1140//2922
f 1769//2923 1770//2923 64//2923
f 579//2924 578//2924 1754//2924
f 1771//2925 1772//2925 578//2925
f 1703//2926 1718//2926 1698//2926
f 1773//2927 1774//2927 1775//2927
f 1721//2928 1740//2928 1776//2928
f 1746//2929 1482//2929 1481//2929
f 1777//2930 1778//2930 1779//2930
f 1780//2931 1746//2932 1481//2933
f 1767//2934 1258//2934 344//2934
f 1297//2935 1296//2935 1334//2935
f 1781//2936 198//2936 390//2936
f 1782//2937 1774//2938 906//2939
f 1783//2940 1771//2940 578//2940
f 1327//2941 1115//2941 1098//2941
f 367//2942 1751//2942 1445//2942
f 1744//2943 1749//2943 1745//2943
f 368//2944 1693//2944 1760//2944
f 509//2945 928//2945 17//2945
f 1697//2946 904//2946 932//2946
f 1784//2947 1771//2947 1783//2947
f 1784//2948 1785//2948 1771//2948
f 1785//2949 1772//2949 1771//2949
f 962//2950 698//631 659//633
f 1765//2951 1745//2952 1786//2953
f 1785//2954 1648//2954 1476//2954
f 214//2955 1642//2955 1497//2955
f 1126//2956 634//2956 633//2956
f 926//2957 615//2957 666//2957
f 161//2958 1743//2958 1491//2958
f 1787//2959 1680//2959 1788//2959
f 1749//2960 1759//2960 1786//2960
f 1721//2961 1776//2961 1759//2961
f 1065//2962 1102//2962 1177//2962
f 1636//2963 1637//2963 1286//2963
f 1725//2964 1728//2964 1789//2964
f 870//2965 1699//2965 1718//2965
f 763//2966 1700//2966 753//2966
f 1790//2967 1627//2967 1746//2967
f 1791//2968 262//2968 1712//2968
f 1792//2969 1684//2969 1790//2969
f 1689//2970 777//2970 1691//2970
f 1784//2971 1647//2971 1785//2971
f 1647//2972 1648//2972 1785//2972
f 149//2973 1748//2974 1744//2975
f 1793//2976 1794//2976 1287//2976
f 1287//2977 1794//2977 1285//2977
f 1795//2978 1286//2978 1285//2978
f 1795//2979 1636//2979 1286//2979
f 1689//2980 1736//2980 777//2980
f 752//2779 1702//2778 746//2779
f 1721//2981 164//2981 1740//2981
f 208//2982 207//2982 856//2982
f 1745//2983 1749//2983 1786//2983
f 1336//2984 1514//2984 603//2984
f 777//2760 809//2985 1692//2761
f 1783//2986 1796//2986 1784//2986
f 1796//2987 1647//2987 1784//2987
f 698//2988 1714//2988 714//2988
f 168//2989 779//2989 778//2989
f 1624//2990 1643//2990 1797//2990
f 346//2991 1693//2991 368//2991
f 1720//2992 127//2992 1619//2992
f 1630//2993 1482//2993 1746//2993
f 1798//2994 1796//2994 1783//2994
f 1734//2995 1690//2995 1226//2995
f 164//2996 163//2996 1741//2996
f 778//2997 1736//2997 1690//2997
f 1317//2998 1374//2998 679//2998
f 1794//2999 1795//2999 1285//2999
f 840//3000 1474//3000 927//3000
f 1625//3001 1606//3001 1626//3001
f 1735//3002 1704//3002 1608//3002
f 1737//3003 1733//3003 1732//3003
f 262//3004 1791//3004 1760//3004
f 1702//3005 762//3005 746//3005
f 754//3006 753//3006 1700//3006
f 1322//3007 1787//3007 1788//3007
f 1400//3008 1799//3008 1793//3008
f 1799//3009 1794//3009 1793//3009
f 1800//3010 1636//3010 1795//3010
f 1801//3011 426//3011 428//3011
f 790//3012 791//3012 767//3012
f 1712//3013 287//3013 1802//3013
f 1803//3014 1647//3014 1796//3014
f 1734//3015 169//3015 168//3015
f 1794//3016 1804//3016 1795//3016
f 1800//3017 1355//3017 1636//3017
f 1716//3018 1700//3018 763//3018
f 962//3019 963//3019 1520//3019
f 167//3020 135//3020 1324//3020
f 1492//3021 161//3021 1491//3021
f 168//3022 1690//3022 1734//3022
f 1224//2767 1805//3023 1696//2768
f 122//3024 1649//3025 1777//3026
f 1764//3027 1760//3028 1791//3029
f 168//3030 170//3030 779//3030
f 839//3031 886//3031 1713//3031
f 680//3032 325//3032 633//3032
f 1806//3033 1332//3033 1807//3033
f 1791//3034 1712//3034 1808//3034
f 1808//3035 1712//3035 1802//3035
f 1535//3036 1647//3037 1803//3038
f 1723//3039 1716//3039 763//3039
f 1533//3040 1532//3040 1809//3040
f 1296//3041 1031//3041 217//3041
f 1224//3042 235//3042 244//3042
f 1799//3043 1400//3043 1547//3043
f 1799//3044 1764//3045 1794//3046
f 1794//3046 1764//3045 1804//3047
f 839//3048 1713//3048 791//3048
f 1176//3049 530//3049 1545//3049
f 1810//3050 1032//3050 1031//3050
f 1677//3051 1673//3052 1811//3053
f 1697//3054 1688//3054 1683//3054
f 1812//3055 96//3056 1514//3057
f 1813//3058 1803//3058 1798//3058
f 1263//3059 1326//3059 1325//3059
f 1477//3060 1467//3060 1478//3060
f 1547//3061 1814//3061 1799//3061
f 1804//3062 1808//3062 1795//3062
f 1808//3063 1800//3063 1795//3063
f 1808//3064 1815//3064 1800//3064
f 869//3065 1716//3065 1723//3065
f 792//3066 1738//3066 1703//3066
f 1689//3067 1691//3067 714//3067
f 62//28 64//30 1448//3068
f 1816//3069 1265//3069 827//3069
f 147//3070 149//2973 1744//2975
f 198//3071 1781//3072 1817//3073
f 1818//3074 1740//3074 1741//3074
f 1776//3075 1740//3075 1818//3075
f 1335//3076 1514//3076 1336//3076
f 1335//3077 1812//3055 1514//3057
f 97//3078 96//3078 1812//3078
f 1342//3079 1341//3079 776//3079
f 1813//3080 1819//3080 1803//3080
f 1803//3038 1819//3081 1535//3036
f 1466//3082 1467//3083 1477//3084
f 1716//3085 1711//3085 1705//3085
f 451//3086 453//3086 462//3086
f 1814//3087 1820//3087 1799//3087
f 1820//3088 1764//3088 1799//3088
f 1815//3089 1821//3089 1800//3089
f 196//3090 198//3090 1817//3090
f 1802//3091 1822//3091 1821//3091
f 110//3092 98//3092 97//3092
f 1823//3093 1824//3093 1825//3093
f 1826//3094 1827//3095 1828//3096
f 1625//3097 1627//3097 1790//3097
f 1713//3098 1738//3098 792//3098
f 368//3099 1760//3099 1757//3099
f 1711//3100 890//3100 1697//3100
f 1547//3101 1829//3101 1814//3101
f 1830//3102 1831//3102 1554//3102
f 216//148 63//150 62//3103
f 1406//3104 1408//3105 1832//3106
f 962//2901 1722//2901 698//3107
f 1833//3108 1376//3108 793//3108
f 1032//3109 1834//3110 1678//3111
f 791//3112 1713//3112 792//3112
f 1239//3113 817//3113 535//3113
f 178//3114 1835//3114 1643//3114
f 778//3115 777//3115 1736//3115
f 1817//3116 1478//3116 1467//3116
f 1781//3117 997//3117 1478//3117
f 1817//3073 1781//3072 1478//3118
f 390//3119 997//3119 1781//3119
f 1836//3120 1837//3120 1838//3120
f 1764//3027 1791//3029 1804//3121
f 1804//3122 1791//3122 1808//3122
f 394//3123 1773//3123 1839//3123
f 233//3124 1319//3124 407//3124
f 1833//3125 1377//3125 1376//3125
f 1840//3126 1841//3127 1471//3128
f 1776//3129 1335//3129 1337//3129
f 1818//3130 1812//3130 1335//3130
f 1476//3131 1772//3131 1785//3131
f 879//3132 1424//3133 1423//3134
f 1813//3135 278//3135 1819//3135
f 278//3136 1535//3136 1819//3136
f 1763//3137 1762//3137 1842//3137
f 1752//3138 1751//3138 1814//3138
f 1814//3139 1751//3139 1820//3139
f 795//3140 1765//3140 793//3140
f 793//3141 1765//3141 1833//3141
f 1776//3142 1337//3142 1377//3142
f 1818//3143 1335//3143 1776//3143
f 1812//3144 1741//3144 97//3144
f 1697//3145 932//3145 1688//3145
f 1692//3146 809//3146 768//3146
f 715//3147 1692//3147 739//3147
f 178//3148 939//3148 1835//3148
f 797//3149 1683//3149 806//3149
f 1843//3150 200//3150 1491//3150
f 768//3151 809//3151 790//3151
f 29//3152 311//3152 310//3152
f 196//3153 1817//3153 1467//3153
f 1721//3154 151//3154 164//3154
f 1844//3155 786//3155 785//3155
f 1808//3156 1802//3156 1815//3156
f 1815//3157 1802//3157 1821//3157
f 1845//3158 1765//3158 795//3158
f 1786//3159 1377//3159 1833//3159
f 1741//3160 1812//3160 1818//3160
f 27//3161 29//3161 310//3161
f 147//3162 1744//3162 161//3162
f 178//3163 158//3163 939//3163
f 1109//2460 1151//3164 1645//3165
f 1280//3166 1032//3166 1071//3166
f 1787//3167 1681//3167 1680//3167
f 216//3168 1557//3168 217//3168
f 1846//3169 1836//3169 1633//3169
f 1751//3170 1757//3170 1820//3170
f 1820//3171 1757//3171 1764//3171
f 1458//3172 1847//3172 1276//3172
f 806//816 828//3173 781//817
f 1226//3174 1690//2881 1722//2883
f 1587//3175 276//3175 278//3175
f 38//3176 882//3176 939//3176
f 97//3177 1741//3177 155//3177
f 1765//2951 1786//2953 1833//3178
f 1786//3179 1759//3179 1377//3179
f 1759//3180 1776//3180 1377//3180
f 1258//3181 1848//3181 231//3181
f 1849//3182 1850//3182 1851//3182
f 1852//3183 1853//3183 1854//3183
f 1260//3184 1259//3184 1855//3184
f 1856//3185 1857//3185 1858//3185
f 95//3186 307//3186 1430//3186
f 120//3187 1859//3187 1431//3187
f 1860//3188 1861//3188 1862//3188
f 200//3189 229//3189 218//3189
f 1253//3190 1125//3190 1863//3190
f 123//3191 1864//3191 1386//3191
f 1865//3192 1866//3193 1778//3194
f 929//3195 900//3195 533//3195
f 831//3196 1735//3196 832//3196
f 438//3197 1867//3197 436//3197
f 1868//3198 463//3198 462//3198
f 152//3199 1662//3199 1869//3199
f 436//3200 1870//3200 1869//3200
f 1184//3201 1871//3201 1872//3201
f 423//3202 425//3202 750//3202
f 436//3203 1867//3203 1870//3203
f 1610//3204 1609//3204 1869//3204
f 1873//3205 1874//3205 478//3205
f 1870//3206 1875//3206 1869//3206
f 1873//3207 1876//3207 438//3207
f 1874//3208 1873//3208 438//3208
f 438//3209 1876//3210 1867//3211
f 1877//3212 1610//3212 1869//3212
f 1875//3213 1877//3213 1869//3213
f 1867//3214 1878//3214 1870//3214
f 1870//3215 1878//3215 1875//3215
f 745//3216 1376//3216 302//3216
f 1879//3217 1873//3217 1880//3217
f 1877//3218 1685//3218 1610//3218
f 1563//3219 1610//3219 1685//3219
f 1873//3220 1879//3220 1876//3220
f 1876//3210 1881//3221 1867//3211
f 1867//3222 1881//3222 1878//3222
f 86//3223 1882//3223 84//3223
f 1875//3224 1883//3224 1877//3224
f 1877//3225 1883//3226 1685//3227
f 1883//3226 1884//3228 1685//3227
f 1879//3229 1885//3230 1876//3231
f 1878//3232 1883//3232 1875//3232
f 303//3233 1439//3233 1362//3233
f 1879//3234 1880//3234 744//3234
f 1886//3235 1884//3235 1883//3235
f 1878//3236 1886//3236 1883//3236
f 1793//3237 1287//3237 1339//3237
f 1525//3238 1879//3238 744//3238
f 1885//3239 1887//3239 1876//3239
f 1876//3240 1887//3240 1881//3240
f 1382//2742 1681//2741 842//3241
f 1881//3242 1886//3242 1878//3242
f 1888//3243 1860//3243 1862//3243
f 1626//3244 1606//3244 664//3244
f 743//3245 1526//3245 744//3245
f 1639//3246 1461//3246 1884//3246
f 1886//3247 1639//3247 1884//3247
f 996//3248 1478//3248 997//3248
f 1889//3249 1890//3249 1860//3249
f 1891//3250 1868//3250 1892//3250
f 1202//3251 605//3251 1479//3251
f 1893//3252 1526//3253 743//3254
f 1894//3255 1879//3255 1525//3255
f 1894//3256 1885//3230 1879//3229
f 1895//3257 1896//3258 1897//3259
f 1898//3260 1899//3260 1900//3260
f 1526//2154 1525//2153 744//3261
f 1901//3262 1902//3263 1903//3264
f 1854//3265 1853//3265 1904//3265
f 1905//3266 1832//3266 1408//3266
f 1906//3267 1907//3267 1838//3267
f 1907//3268 1908//3268 1836//3268
f 1908//3269 1909//3269 1836//3269
f 1909//3270 1634//3271 1836//3272
f 445//3273 1894//3273 1525//3273
f 1886//3274 1910//3274 1639//3274
f 1440//3275 1911//3275 1912//3275
f 1906//3276 1913//3277 1907//3278
f 1907//3279 1914//3280 1908//3281
f 1915//3282 1632//3282 1916//3282
f 1917//3283 1634//3283 1909//3283
f 1918//3284 1886//3284 1881//3284
f 1887//3285 1918//3285 1881//3285
f 1910//3286 1263//3286 1639//3286
f 1890//3287 1919//3288 1861//3289
f 1920//3290 1921//3290 1922//3290
f 1316//3291 613//3291 1059//3291
f 1923//3292 1914//3280 1907//3279
f 1913//3277 1923//3293 1907//3278
f 1914//3294 1924//3294 1908//3294
f 1924//3295 1925//3296 1909//3297
f 1908//3298 1924//3295 1909//3297
f 1710//3299 1916//3299 1634//3299
f 1917//3300 1710//3300 1634//3300
f 1910//3301 1926//3301 1263//3301
f 1920//3302 121//3303 1921//3304
f 1888//3305 784//3305 1432//3305
f 1871//3306 1927//3307 1906//3308
f 1924//3309 1928//3309 1925//3309
f 1925//3310 1917//3310 1909//3310
f 816//3311 1168//3311 1265//3311
f 1918//3312 1910//3312 1886//3312
f 664//3313 665//3313 855//3313
f 77//3314 1605//3314 1197//3314
f 1921//3315 121//3315 1386//3315
f 1860//3316 1890//3287 1861//3289
f 1927//3317 1923//3317 1906//3317
f 1906//3276 1923//3293 1913//3277
f 1710//3318 1917//3318 1925//3318
f 1287//1663 1286//1662 31//3319
f 1929//3320 1918//3320 1887//3320
f 1885//3321 1929//3321 1887//3321
f 1888//3322 1862//3322 784//3322
f 1184//3323 1930//3323 1927//3323
f 1871//3306 1184//3324 1927//3307
f 1923//3325 1931//3325 1914//3325
f 1710//3326 1450//3326 1916//3326
f 1918//3327 1932//3327 1910//3327
f 1910//3328 1932//3328 1926//3328
f 1468//3329 831//3329 833//3329
f 1630//3330 1212//3330 1482//3330
f 1362//3331 1438//3331 419//3331
f 99//3332 101//3332 1668//3332
f 288//3333 1291//3333 287//3333
f 1921//3334 1385//3334 1933//3334
f 1934//3335 1930//3335 1184//3335
f 1927//3336 1935//3337 1923//3338
f 1914//3339 1931//3339 1924//3339
f 1894//3340 1929//3340 1885//3340
f 1793//3341 1339//3341 1400//3341
f 857//3342 876//3342 821//3342
f 1936//3343 1523//3343 1937//3343
f 1936//3344 859//3344 1938//3344
f 1936//3345 1939//3345 859//3345
f 1939//3346 1940//3346 859//3346
f 1800//3347 1821//3347 1356//3347
f 1934//3348 1941//3348 1930//3348
f 1927//3336 1930//3349 1935//3337
f 1928//3350 1557//3350 1925//3350
f 216//3351 1710//3351 1925//3351
f 1557//3352 216//3352 1925//3352
f 1355//3353 1800//3353 1356//3353
f 1821//3354 1942//3354 1356//3354
f 1926//3355 1326//3355 1263//3355
f 1942//3356 1350//3356 1356//3356
f 1935//3337 1931//3357 1923//3338
f 1931//3358 1750//3358 1924//3358
f 1924//3359 1543//3359 1928//3359
f 1543//3360 1557//3360 1928//3360
f 1943//3361 1944//3362 1596//3363
f 1918//3364 1945//3364 1932//3364
f 1932//3365 1326//3365 1926//3365
f 1946//3366 858//3366 860//3366
f 1184//3367 1183//3367 1934//3367
f 1924//3368 1750//3368 1543//3368
f 1379//3369 472//3369 471//3369
f 1469//3370 1947//3370 1494//3370
f 1948//3371 1949//3372 1950//3373
f 446//3374 1951//3374 444//3374
f 444//3375 1951//3375 445//3375
f 1859//3376 1952//3377 1953//3378
f 1824//3379 1857//3379 1856//3379
f 1954//3380 1939//3380 1936//3380
f 1954//3381 529//3381 1939//3381
f 1882//3382 1183//3382 1955//3382
f 1934//3383 1183//3383 1941//3383
f 1941//3384 1935//3384 1930//3384
f 1931//3385 1956//3386 1750//2896
f 1957//3387 1288//1708 1304//1707
f 79//3388 145//2440 1605//2439
f 79//3389 1357//3389 145//3389
f 1161//3390 1958//3390 446//3390
f 446//3391 1958//3391 1951//3391
f 1951//3392 1959//3392 445//3392
f 1959//3393 1894//3393 445//3393
f 1894//3394 1960//3394 1929//3394
f 1937//3395 1954//3395 1936//3395
f 1935//3337 1956//3396 1931//3357
f 1961//3397 1894//3397 1959//3397
f 1961//3398 1960//3398 1894//3398
f 1929//3399 1945//3399 1918//3399
f 1962//3400 1963//3401 1964//3402
f 1648//3403 1466//3082 1477//3084
f 1937//3404 1965//3404 1954//3404
f 1469//3405 1262//3405 1966//3405
f 84//3406 1882//3406 1955//3406
f 1935//3337 1096//3407 1956//3396
f 1750//2896 1956//3386 1475//2897
f 77//3408 79//3408 1605//3408
f 1960//3409 1945//3409 1929//3409
f 1945//3410 1967//3410 1932//3410
f 1968//3411 1447//3411 1964//3411
f 1269//3412 1968//3413 1964//3414
f 1969//3415 529//3415 1954//3415
f 1970//3416 1183//3416 1882//3416
f 1183//3417 1971//3417 1941//3417
f 51//3418 1972//3418 510//3418
f 405//3419 678//3419 632//3419
f 1211//3420 1402//3420 1378//3420
f 831//3421 1402//3421 1735//3421
f 1973//3422 1719//3422 1932//3422
f 1967//3423 1973//3423 1932//3423
f 1932//3424 1719//3424 1326//3424
f 1969//3425 1954//3425 1965//3425
f 1969//3426 527//3426 529//3426
f 1183//3427 1970//3427 1971//3427
f 1096//3428 841//3428 1956//3428
f 1960//3429 1967//3429 1945//3429
f 656//3430 302//208 304//210
f 1971//3431 1382//3431 1941//3431
f 1941//3432 1382//3433 1935//3434
f 1935//3434 1382//3433 1096//3435
f 1974//3436 1975//3436 1866//3436
f 64//3437 1280//3437 1976//3437
f 304//3438 1362//3438 1622//3438
f 1622//3439 1362//3439 419//3439
f 1358//3440 656//3440 1360//3440
f 1958//3441 1977//3442 1951//3443
f 1608//3444 832//3444 1735//3444
f 855//3445 1402//3445 1211//3445
f 1978//3446 1969//3446 1965//3446
f 1970//3447 1979//3447 1971//3447
f 1980//3448 1981//3448 1982//3448
f 1521//3449 1139//3449 1983//3449
f 1626//3450 664//3450 1630//3450
f 1984//3451 1985//3451 1986//3451
f 1942//3452 1987//3452 1350//3452
f 1988//3453 1959//3453 1951//3453
f 1959//3454 1988//3454 1961//3454
f 578//3455 1772//3455 1753//3455
f 78//3456 302//3456 656//3456
f 1197//3457 1605//3457 144//3457
f 983//3458 1989//3458 1965//3458
f 1989//3459 1978//3459 1965//3459
f 1978//3460 527//3461 1969//3462
f 852//3463 851//3463 691//3463
f 1990//3464 1970//3464 1882//3464
f 1990//3465 1979//3465 1970//3465
f 1991//3466 1922//3466 1921//3466
f 1992//3467 205//3467 1993//3467
f 1378//3468 1381//3468 1502//3468
f 1502//3469 1468//3469 197//3469
f 1502//3470 197//3470 1503//3470
f 1378//3471 1502//3471 277//3471
f 1378//3472 277//3472 276//3472
f 1988//3473 1967//3473 1960//3473
f 1961//3474 1988//3474 1960//3474
f 1821//3475 1822//3475 1942//3475
f 14//3476 13//3476 492//3476
f 603//3477 851//3477 850//3477
f 1269//3412 1582//3478 1968//3413
f 1979//3479 1382//3480 1971//3481
f 1981//3482 1994//3482 1995//3482
f 1573//3483 1254//3483 1580//3483
f 1982//3484 1981//3484 1850//3484
f 832//3485 1416//3485 833//3485
f 852//3486 620//3486 619//3486
f 510//3487 462//3487 461//3487
f 1988//3488 1996//3488 1967//3488
f 1967//3489 1996//3489 1973//3489
f 79//3490 656//3490 1357//3490
f 605//3491 1201//3491 603//3491
f 86//3492 1990//3492 1882//3492
f 1788//3493 1680//3494 1990//3495
f 1979//3479 1680//3496 1382//3480
f 1995//3497 1865//3497 1850//3497
f 1997//3498 1998//3498 1999//3498
f 2000//3499 1520//3499 1369//3499
f 1449//3500 1506//3500 2001//3500
f 850//3501 619//3501 604//3501
f 2//3502 211//3502 421//3502
f 1235//3503 1977//3503 1321//3503
f 1360//3504 304//3504 69//3504
f 1139//3505 1520//3505 963//3505
f 2002//3506 1570//3506 1968//3506
f 1234//3507 1978//3507 1989//3507
f 1978//3460 1359//3508 527//3461
f 1417//3509 1426//2694 222//2018
f 69//3510 304//3510 1622//3510
f 2003//3511 1952//3377 1859//3376
f 2004//3512 2005//3512 2006//3512
f 70//3513 171//3513 105//3513
f 1977//3442 2007//3514 1951//3443
f 1719//3515 1973//3515 1996//3515
f 1292//3516 1018//3516 1229//3516
f 1438//3517 1443//2516 419//2515
f 420//3518 1201//3518 1202//3518
f 267//3519 357//3519 195//3519
f 1466//2201 1648//3520 1535//2199
f 607//3521 939//3521 158//3521
f 1245//3522 614//3522 1962//3522
f 2008//3523 2009//3523 2010//3523
f 2010//3524 2009//3524 2011//3524
f 1104//3525 344//3525 343//3525
f 2012//3526 1896//3526 1895//3526
f 1562//3527 1977//3527 1235//3527
f 1996//3528 2013//3528 1719//3528
f 1312//3529 620//3529 1310//3529
f 1692//3530 715//3530 1691//3530
f 1362//3531 1439//3531 1438//3531
f 331//3532 2003//3533 1859//3532
f 1998//3534 2014//3535 2008//3536
f 2011//3537 2015//3537 1216//3537
f 1994//3538 1488//3539 1974//3540
f 330//3541 30//3541 32//3541
f 1951//3542 2016//3543 1988//3544
f 1988//3545 2016//3545 1996//3545
f 30//3546 1287//3546 31//3546
f 144//3547 146//3547 160//3547
f 1852//3548 2017//3548 1853//3548
f 2018//3549 2009//3549 2008//3549
f 2015//3550 1453//3550 1216//3550
f 1594//3551 2019//3551 2020//3551
f 1375//3552 191//3552 105//3552
f 934//3553 1355//3553 1351//3553
f 1562//3554 2007//3554 1977//3554
f 2016//3543 1951//3542 2007//3555
f 2016//3556 2013//3556 1996//3556
f 2002//3557 36//3557 1570//3557
f 1596//3558 1582//3558 1696//3558
f 37//3559 2002//3559 1582//3559
f 2021//3560 1831//3561 2022//3562
f 81//3563 187//3563 1228//3563
f 1286//3564 1340//3564 133//3564
f 1953//3565 1952//3565 1860//3565
f 2023//3566 2024//3566 2025//3566
f 1966//3567 2021//3567 2026//3567
f 2027//3568 2011//3568 2009//3568
f 2028//3569 1849//3569 1889//3569
f 1562//3570 2029//3570 2007//3570
f 1340//3571 1286//3571 934//3571
f 37//3572 1582//3572 1596//3572
f 2013//3573 1720//3573 1719//3573
f 1637//3574 1355//3574 934//3574
f 1414//3575 1440//3575 1866//3575
f 2030//3576 2031//3576 2025//3576
f 2012//3577 1584//3577 1896//3577
f 2014//3578 2018//3578 2008//3578
f 2015//3579 2011//3579 2027//3579
f 1863//3580 1510//3580 2032//3580
f 1707//3581 1709//3582 2033//3583
f 205//3584 2034//3585 206//3586
f 2016//3587 2035//3587 2013//3587
f 1286//3588 1637//3588 934//3588
f 138//3589 160//3589 1364//3589
f 1507//3590 1387//3590 1538//3590
f 338//3591 1230//3591 1136//3591
f 2012//3592 2036//3592 2037//3592
f 2038//3593 2018//3593 2014//3593
f 2018//3594 2039//3594 2009//3594
f 2009//3595 2039//3595 2027//3595
f 2040//3596 1707//3597 2033//3598
f 2041//3599 2036//3600 2042//3601
f 2043//3602 1904//3603 2042//3604
f 1493//3605 1500//3605 1056//3605
f 205//3584 1537//3606 2034//3585
f 1431//3607 1888//3607 1432//3607
f 1919//3608 1890//3608 2044//3608
f 1407//3609 1507//3609 1506//3609
f 278//3610 277//3610 1535//3610
f 1852//3611 1858//3611 2017//3611
f 1730//3612 2045//3612 1731//3612
f 1731//3613 2045//3613 2046//3613
f 1986//3614 2047//3614 1984//3614
f 2038//3615 2048//3615 2018//3615
f 1448//3616 1500//3616 1449//3616
f 1853//3617 2017//3618 2049//3619
f 784//3620 1862//3620 785//3620
f 2029//3621 868//3621 1828//3621
f 2029//3622 2050//3622 2007//3622
f 2035//3623 2016//3623 2007//3623
f 1543//3624 1550//3624 1557//3624
f 187//3625 30//3625 330//3625
f 1868//3626 1891//3626 2051//3626
f 1984//3627 2052//3627 2038//3627
f 2053//3628 2048//3628 2038//3628
f 2048//3629 2039//3629 2018//3629
f 2054//3630 2027//3630 2039//3630
f 2027//3631 2055//3631 2015//3631
f 2055//3632 1453//3632 2015//3632
f 2056//3633 2057//3633 1453//3633
f 185//3634 184//3634 1413//3634
f 2022//3635 1831//3635 1830//3635
f 1407//3636 1385//3636 1507//3636
f 2029//3637 1828//3637 2050//3637
f 2035//3638 1739//3638 1720//3638
f 2013//3639 2035//3639 1720//3639
f 1717//3640 882//3640 1596//3640
f 2058//3641 2051//3641 1891//3641
f 1432//3642 1854//3642 2059//3642
f 2060//3643 2061//3643 1986//3643
f 1986//3644 2061//3644 2047//3644
f 2038//3645 2052//3645 2053//3645
f 2048//3646 2054//3646 2039//3646
f 2054//3647 2055//3647 2027//3647
f 2062//3648 1453//3648 2055//3648
f 2063//3649 2057//3649 2056//3649
f 1769//3650 1056//3650 1770//3650
f 1500//3651 1448//3651 1770//3651
f 1385//3652 1407//3652 1933//3652
f 1827//3653 2050//3653 1828//3653
f 2050//3654 2064//3654 2007//3654
f 2007//3655 2064//3655 2035//3655
f 1717//3656 1596//3656 1944//3656
f 2065//3657 1717//3657 1944//3657
f 2066//3658 1891//3658 1892//3658
f 2051//3659 1730//3659 2067//3659
f 2045//3660 2068//3660 2069//3660
f 1801//3661 2061//3661 2060//3661
f 2047//3662 2070//3663 1984//3664
f 1984//3665 2070//3665 2052//3665
f 2053//3666 2071//3666 2048//3666
f 2048//3667 2071//3667 2054//3667
f 2072//3668 2055//3668 2054//3668
f 2056//3669 1453//3669 2062//3669
f 853//3670 2003//3670 331//3670
f 1500//3671 1770//3671 1056//3671
f 2073//3672 1827//3672 1782//3672
f 2073//3673 2050//3673 1827//3673
f 1739//3674 2035//3674 2064//3674
f 427//3675 2069//3675 2068//3675
f 825//3676 827//3676 1265//3676
f 770//3677 993//3678 992//3679
f 1955//3680 1183//3680 1288//3680
f 1518//3681 2040//3596 2033//3598
f 2071//3682 2074//3682 2054//3682
f 2075//3683 2072//3683 2054//3683
f 2055//3684 1660//3684 2062//3684
f 1660//3685 281//3685 2062//3685
f 281//3686 2056//3686 2062//3686
f 2076//3687 2059//3687 1904//3687
f 1279//3688 1278//3688 2077//3688
f 906//3689 2073//3689 1782//3689
f 2073//3690 2064//3690 2050//3690
f 2065//3691 1944//3691 2078//3691
f 2079//3692 1892//3692 75//3692
f 2079//3693 2080//3693 1892//3693
f 2080//3694 2066//3694 1892//3694
f 1891//3695 2066//3695 2058//3695
f 2051//3696 2045//3696 1730//3696
f 2052//3697 1527//3697 2053//3697
f 2072//3698 1660//3699 2055//3700
f 2081//3701 2082//3701 2083//3701
f 2082//3702 2084//3702 2083//3702
f 2085//3703 2086//3704 1371//3705
f 1774//3706 1782//3706 1775//3706
f 2087//3707 2064//3707 2073//3707
f 1797//3708 2065//3708 2078//3708
f 1753//3709 2079//3709 75//3709
f 998//3710 2045//3711 2051//3712
f 2070//3713 2088//3714 2052//3715
f 2052//3716 2088//3716 1527//3716
f 2053//3717 1527//3717 2071//3717
f 2074//3718 2075//3718 2054//3718
f 2063//3719 1522//3720 396//3721
f 2081//3722 396//3722 1522//3722
f 2081//3723 1417//3723 2082//3723
f 119//3724 1774//3724 221//3724
f 2089//3725 1488//3539 1994//3538
f 905//3726 2087//3726 2073//3726
f 2087//3727 1739//3727 2064//3727
f 2090//3728 2065//3728 1797//3728
f 2090//3729 1717//3729 2065//3729
f 2090//3730 1835//3730 1717//3730
f 1772//3731 2079//3731 1753//3731
f 1439//3732 1337//3732 1336//3732
f 127//3733 1739//3733 128//3733
f 1772//3734 2080//3734 2079//3734
f 998//3710 1682//3735 2045//3711
f 2045//3736 1682//3736 2068//3736
f 283//3737 2091//3737 2070//3737
f 2047//3662 283//3738 2070//3663
f 2070//3713 2091//3739 2088//3714
f 2088//3740 41//2159 1527//2161
f 234//3741 2075//3741 2074//3741
f 2075//3742 1420//3743 2072//3744
f 1395//3745 1660//3699 2072//3698
f 281//3746 280//3746 2056//3746
f 280//3747 2063//3747 2056//3747
f 222//3748 2084//3748 2082//3748
f 222//3749 221//3749 2084//3749
f 119//3750 1679//3750 1774//3750
f 1679//3751 906//2939 1774//2938
f 906//3752 905//3752 2073//3752
f 1311//3753 1739//3753 2087//3753
f 996//3754 2051//3754 2058//3754
f 996//3755 998//3755 2051//3755
f 2075//3756 234//3756 1420//3756
f 280//3757 1522//3720 2063//3719
f 905//3758 1312//3758 2087//3758
f 1312//3759 1311//3759 2087//3759
f 2085//3760 2092//3760 2031//3760
f 1497//3761 842//3761 1681//3761
f 37//3762 36//3762 2002//3762
f 1476//3763 2080//3763 1772//3763
f 1476//3764 2066//3764 2080//3764
f 1476//3765 2058//3765 2066//3765
f 1788//3766 85//3766 1322//3766
f 2091//3767 41//3767 2088//3767
f 2071//3768 223//3768 2074//3768
f 223//3769 234//3769 2074//3769
f 1420//3743 823//3770 2072//3744
f 823//3771 1395//3745 2072//3698
f 279//3772 281//3772 1660//3772
f 1417//3773 222//3773 2082//3773
f 212//3774 1679//3774 119//3774
f 200//3775 161//3775 1492//3775
f 656//3776 304//3776 1360//3776
f 1643//3777 1835//3777 2090//3777
f 303//3778 1337//3778 1439//3778
f 1478//3779 2058//3779 1476//3779
f 2058//3780 1478//3780 996//3780
f 997//3781 1682//3781 998//3781
f 214//3782 1681//3782 1787//3782
f 214//3783 1787//3783 215//3783
f 215//3784 1787//3784 1322//3784
f 283//3785 2047//3785 284//3785
f 1527//3786 186//3786 2071//3786
f 2071//3787 186//3787 223//3787
f 280//3788 1401//3788 1522//3788
f 1522//3789 1418//3789 2081//3789
f 1418//3790 1417//3790 2081//3790
f 1864//3791 2024//3791 2093//3791
f 2024//3792 2094//3792 2093//3792
f 1981//3793 2095//3793 1994//3793
f 879//3132 878//3794 1424//3133
f 1779//3795 2031//3795 2030//3795
f 2096//3796 1430//3796 2059//3796
f 1260//3797 1615//3797 1559//3797
f 2097//3798 2043//3798 1897//3798
f 2012//3799 2037//3799 1071//3799
f 570//3800 27//3800 775//3800
f 1432//3801 784//3801 786//3801
f 1507//3802 1385//3802 1387//3802
f 1450//3803 1449//3803 1915//3803
f 1658//3804 1980//3804 1742//3804
f 1980//3805 2098//3805 1742//3805
f 231//3806 1848//3806 1259//3806
f 232//3807 231//3807 1259//3807
f 84//3808 1955//3808 527//3808
f 1500//3809 1407//3810 1506//3811
f 1777//3812 1779//3812 2030//3812
f 2099//3813 1472//3813 1539//3813
f 827//3814 826//3814 1329//3814
f 1273//3815 233//3815 232//3815
f 1235//3816 568//3816 245//3816
f 1742//3817 2098//3817 2100//3817
f 2025//3818 2024//3818 2101//3818
f 2086//3819 2085//3820 1779//3821
f 1905//3822 1055//3822 2049//3822
f 911//3823 371//3823 2102//3823
f 2103//3824 2104//3824 2105//3824
f 1405//3825 1440//3826 184//3827
f 2102//3828 1539//3828 911//3828
f 1911//3829 1405//3829 1372//3829
f 1440//3826 1405//3825 1911//3830
f 2106//3831 2004//3831 2107//3831
f 1425//3832 974//3832 1496//3832
f 1865//3833 2108//3833 1850//3833
f 2109//3834 1865//3834 2110//3835
f 2111//3836 2097//3836 1897//3836
f 95//3837 1430//3837 71//3837
f 2100//3838 2028//3838 1952//3838
f 2025//3839 2031//3839 2023//3839
f 1994//3840 1974//3840 1865//3840
f 2098//3841 2028//3841 2100//3841
f 1658//3842 2095//3842 1980//3842
f 1912//3843 2086//3819 1779//3821
f 1865//3844 1778//3844 1651//3844
f 1851//3845 1850//3845 2108//3845
f 1387//3846 1864//3846 1538//3846
f 2030//3847 2025//3847 122//3847
f 2020//3848 2112//3848 2113//3848
f 2102//3849 2114//3849 1539//3849
f 2114//3850 2099//3850 1539//3850
f 1855//3851 1615//3851 1260//3851
f 1415//3852 1414//3852 1488//3852
f 1288//3853 528//3853 1955//3853
f 854//3854 556//3854 591//3854
f 528//3855 1939//3855 529//3855
f 1949//3856 2115//3856 1950//3856
f 2028//3857 2098//3857 1982//3857
f 1651//3858 1778//3858 1777//3858
f 1488//3859 1414//3859 1975//3859
f 1694//3860 1143//3860 2067//3860
f 780//3861 767//3861 791//3861
f 994//3862 1487//3862 992//3862
f 1778//3863 1912//3863 1779//3863
f 623//3864 625//3864 1390//3864
f 1359//3865 1328//3865 85//3865
f 992//3866 2095//3866 1658//3866
f 1852//3867 1856//3867 1858//3867
f 1506//3868 1508//3868 2001//3868
f 1824//3869 2116//3869 1825//3869
f 122//3870 2025//3870 2101//3870
f 2117//3871 2114//3871 2102//3871
f 307//3872 1431//3872 1430//3872
f 2114//3873 2118//3873 2099//3873
f 2095//3874 2089//3874 1994//3874
f 1387//3875 1386//3875 1864//3875
f 2077//3876 1278//3876 2119//3876
f 2095//3877 1981//3877 1980//3877
f 2120//3878 2043//3878 2097//3878
f 2049//3879 1055//3879 2036//3879
f 1250//1605 1008//1604 1551//3880
f 111//3881 120//3881 307//3881
f 1500//3809 1506//3811 1449//3882
f 1125//3883 764//3883 1363//3883
f 1982//3884 1849//3884 2028//3884
f 1865//3885 1974//3885 1866//3885
f 1995//3886 1994//3886 1865//3886
f 371//3887 2117//3887 2102//3887
f 1811//3888 1952//3889 853//3890
f 1946//3891 2022//3891 1830//3891
f 254//3892 1511//3892 271//3892
f 1597//3893 1620//3893 1617//3893
f 1620//3894 1561//3894 1617//3894
f 2116//3895 1824//3895 1856//3895
f 2032//3896 2114//3896 2117//3896
f 1904//3897 2041//3897 2042//3897
f 1430//3898 1432//3898 2059//3898
f 1253//3899 765//3899 1125//3899
f 154//3900 830//3900 152//3900
f 1643//3901 2090//3901 1797//3901
f 2121//3902 1561//3902 1620//3902
f 2122//3903 2121//3903 1620//3903
f 2121//3904 472//3904 1561//3904
f 2101//3905 2024//3905 1864//3905
f 2028//3906 1860//3906 1952//3906
f 2028//3907 1889//3907 1860//3907
f 2077//3908 2119//3908 2123//3908
f 1399//3909 860//3909 1304//3909
f 1233//3910 51//3910 510//3910
f 2036//3911 1054//3911 2037//3911
f 2077//3912 2123//3912 2124//3912
f 786//3913 2116//3914 1854//3915
f 477//3916 1880//3916 478//3916
f 1620//3917 1624//3917 2122//3917
f 2122//3918 2125//3918 2121//3918
f 2121//3919 2125//3919 472//3919
f 1864//3920 2093//3920 1538//3920
f 1537//3921 205//3921 1992//3921
f 1624//3922 1797//3922 2122//3922
f 1797//3923 2126//3923 2122//3923
f 2126//3924 2125//3924 2122//3924
f 2125//3925 835//3925 472//3925
f 860//3926 2127//3926 1946//3926
f 1890//3927 1849//3927 1851//3927
f 527//3928 1955//3928 528//3928
f 1304//3929 860//3929 1957//3929
f 2078//3930 2126//3930 1797//3930
f 417//3931 226//3931 835//3931
f 1628//3932 2111//3932 2019//3932
f 2019//3933 2111//3933 2128//3933
f 2129//3934 71//3934 2096//3934
f 1054//3935 2036//3935 1055//3935
f 1372//3936 1389//3936 1390//3936
f 1830//3937 1528//3937 858//3937
f 1508//3938 1538//3938 1992//3938
f 2012//3939 1071//3939 1584//3939
f 1432//3940 786//3940 1854//3940
f 1854//3941 2116//3941 1852//3941
f 1172//3942 2130//3942 1173//3942
f 2125//3943 2131//3943 835//3943
f 835//3944 2131//3944 417//3944
f 1933//3945 1406//3945 1823//3945
f 1853//3946 2041//3946 1904//3946
f 2120//3947 2129//3947 2043//3947
f 1848//3948 1258//3948 437//3948
f 237//3949 967//1128 244//1127
f 1338//2176 343//3950 657//2177
f 371//3951 1236//3951 2117//3951
f 2129//3952 2096//3952 2076//3952
f 1853//3617 2049//3619 2041//3953
f 1172//3954 424//3954 1756//3954
f 1897//3955 2043//3955 2042//3955
f 62//3956 1448//3956 1450//3956
f 2042//3601 2036//3600 2012//3957
f 344//3958 1284//3958 407//3958
f 205//3959 204//3959 1485//3959
f 260//3960 262//3960 1693//3960
f 1862//3961 1861//3961 785//3961
f 1919//3962 1844//3962 785//3962
f 1861//3963 1919//3963 785//3963
f 417//3964 2132//3964 226//3964
f 226//3965 2132//3965 2133//3965
f 2134//3966 2135//3966 2136//3966
f 418//3967 575//3967 576//3967
f 1863//3968 1125//3968 1510//3968
f 1974//3969 1488//3969 1975//3969
f 2005//3970 2137//3970 2006//3970
f 1852//3971 2116//3971 1856//3971
f 1993//3972 1485//3972 1484//3972
f 1580//3973 1254//3973 1236//3973
f 205//3974 1485//3974 1993//3974
f 681//3975 680//3975 1130//3975
f 1512//3976 2118//3976 2114//3976
f 911//3977 1539//3977 1455//3977
f 1849//3978 1890//3978 1889//3978
f 1253//3979 1863//3979 1254//3979
f 405//3980 1433//3980 679//3980
f 1915//3981 2001//3981 1484//3981
f 1706//3982 2138//3982 480//3982
f 853//3983 1952//3983 2003//3983
f 71//3984 1430//3984 2096//3984
f 575//3985 2131//3985 2125//3985
f 1462//3986 1472//3986 1392//3986
f 2132//3987 255//3987 2139//3987
f 2128//3988 2111//3988 1897//3988
f 2140//3989 2128//3990 1897//3991
f 2141//3992 2109//3992 1650//3992
f 1229//3993 520//3993 522//3993
f 2022//3994 1946//3994 2127//3994
f 1859//3995 1953//3995 1888//3995
f 1487//3996 994//3996 1415//3996
f 2142//3997 2138//3997 1706//3997
f 2142//3998 2143//3998 2138//3998
f 2143//3999 2144//3999 2145//3999
f 2138//4000 2143//4000 2145//4000
f 1389//4001 1405//4001 1404//4001
f 556//4002 854//4002 554//4002
f 1957//4003 860//4003 1940//4003
f 1816//4004 827//4004 1447//4004
f 1811//3888 2100//4005 1952//3889
f 2146//4006 1947//4006 1966//4006
f 1865//3834 2109//3834 2108//4007
f 1484//4008 1486//4008 1915//4008
f 2001//4009 1993//4009 1484//4009
f 2147//4010 1536//4010 1538//4010
f 2129//4011 2076//4011 2043//4011
f 192//4012 1561//4012 472//4012
f 1594//4013 2020//4013 1592//4013
f 1386//4014 121//4014 123//4014
f 2139//4015 2148//4015 2133//4015
f 2149//4016 1706//4017 2150//4018
f 2148//4019 2149//4019 2150//4019
f 2149//4020 2142//4020 1706//4020
f 528//4021 1957//4021 1940//4021
f 1486//4022 1632//4022 1915//4022
f 1583//4023 1236//4023 300//4023
f 122//4024 2101//4024 123//4024
f 2117//4025 1236//4025 2032//4025
f 255//4026 257//4026 2139//4026
f 257//4027 2151//4028 2139//4029
f 2139//4029 2151//4028 2148//4030
f 2152//4031 2144//4032 2143//4033
f 1788//4034 1990//4034 86//4034
f 770//3677 992//3679 1644//4035
f 1372//4036 1371//4036 1912//4036
f 1866//3193 1912//4037 1778//3194
f 2149//4038 2153//4038 2142//4038
f 2153//4039 2143//4039 2142//4039
f 2154//4040 2144//4040 2152//4040
f 1537//4041 1992//4041 1538//4041
f 1236//4042 1254//4042 1863//4042
f 2042//4043 2012//4043 1895//4043
f 2155//4044 2152//4031 2143//4033
f 2043//3602 2076//4045 1904//3603
f 256//4046 1665//4047 257//4048
f 1665//4047 2151//4049 257//4048
f 2156//4050 2155//4050 2143//4050
f 2135//4051 2134//4051 2154//4051
f 1508//4052 1992//4053 1993//4054
f 1940//4055 1939//4055 528//4055
f 675//4056 1665//4056 256//4056
f 2151//4057 2157//4057 2149//4057
f 2148//4058 2151//4058 2149//4058
f 2149//4059 2157//4059 2153//4059
f 2143//4060 2153//4060 2156//4060
f 329//4061 71//4062 2129//4063
f 2017//4064 1905//4064 2049//4064
f 2158//4065 2152//4065 2155//4065
f 1510//4066 1363//4066 1511//4066
f 329//4061 2129//4063 2120//4067
f 307//4068 120//4068 1431//4068
f 1510//4069 1125//4069 1363//4069
f 1372//4070 1405//4070 1389//4070
f 2096//4071 2059//4071 2076//4071
f 1331//4072 1665//4072 675//4072
f 1564//4073 2157//4073 2151//4073
f 2158//4074 2154//4074 2152//4074
f 1564//4075 2151//4075 1665//4075
f 2157//4076 2159//4077 2153//4078
f 2153//4079 2159//4079 2156//4079
f 2156//4080 2158//4080 2155//4080
f 2160//4081 2154//4081 2158//4081
f 2001//4082 1508//4052 1993//4054
f 329//4083 2120//4083 1628//4083
f 120//4084 331//3532 1859//3532
f 1975//4085 1414//4085 1866//4085
f 2002//4086 1968//4086 1582//4086
f 1564//4087 1427//4087 2157//4087
f 1427//4088 2161//4088 2157//4088
f 2157//4076 2161//4089 2159//4077
f 2160//4090 2135//4090 2154//4090
f 2160//4091 2136//4091 2135//4091
f 2162//4092 287//4092 1291//4092
f 2041//4093 2049//4093 2036//4093
f 1252//4094 765//4094 1253//4094
f 1431//4095 1859//4095 1888//4095
f 575//4096 2125//4096 801//4096
f 1811//4097 1742//4097 2100//4097
f 1825//4098 2116//4098 2163//4098
f 2042//4099 1895//4099 1897//4099
f 534//4100 898//4100 899//4100
f 1844//4101 2163//4101 2116//4101
f 1564//4102 1428//1979 1427//1978
f 2164//4103 2158//4103 2156//4103
f 208//4104 325//4104 680//4104
f 1136//4105 2165//4105 1463//4105
f 1777//3026 2030//4106 122//3024
f 2089//4107 1487//4107 1488//4107
f 1844//4108 2116//3914 786//3913
f 2159//4109 2166//4109 2156//4109
f 2166//4110 2164//4110 2156//4110
f 2164//4111 2160//4111 2158//4111
f 1897//3259 1896//3258 2140//4112
f 1507//4113 1538//4113 1508//4113
f 2098//4114 1980//4114 1982//4114
f 1677//4115 1811//4115 853//4115
f 1673//3052 1742//4116 1811//3053
f 803//4117 749//4117 1567//4117
f 2161//4118 2167//4118 2159//4118
f 1920//4119 1922//4119 1650//4119
f 1512//4120 1511//4120 2168//4120
f 2109//4121 2110//4121 1650//4121
f 2109//4122 2141//4122 2108//4122
f 1865//4123 1651//4123 2110//4123
f 992//4124 1487//4124 2089//4124
f 1449//4125 2001//4125 1915//4125
f 1890//4126 1851//4126 2044//4126
f 1911//4127 1372//4127 1912//4127
f 2123//4128 2119//4128 2169//4128
f 2020//4129 2128//3990 2140//3989
f 2095//4130 992//4130 2089//4130
f 2044//4131 1851//4131 2170//4131
f 2020//4132 2140//4132 2112//4132
f 528//4133 1288//4133 1957//4133
f 1968//4134 1570//4134 1265//4134
f 1866//4135 1440//4135 1912//4135
f 1816//4136 1447//4136 1968//4136
f 1385//4137 1921//4137 1386//4137
f 2044//4138 1844//4138 1919//4138
f 1953//4139 1860//4139 1888//4139
f 596//4140 494//4140 597//4140
f 2159//4141 2167//4141 2166//4141
f 2171//4142 2160//4142 2164//4142
f 2171//4143 2172//4143 2160//4143
f 2172//4144 2136//4144 2160//4144
f 2172//4145 1092//4145 2136//4145
f 2111//4146 2120//4146 2097//4146
f 1628//4147 2120//4147 2111//4147
f 1982//4148 1850//4148 1849//4148
f 1236//4149 1863//4149 2032//4149
f 1943//3361 1596//3363 1696//4150
f 1411//4151 2173//4151 2092//4151
f 1779//4152 2085//4152 2031//4152
f 1427//4153 1429//4153 1592//4153
f 1427//4154 2167//4155 2161//4156
f 2112//4157 2166//4157 2167//4157
f 2113//4158 2112//4158 2167//4158
f 2112//4159 2164//4159 2166//4159
f 2112//4160 2140//4160 2164//4160
f 2140//4161 2171//4161 2164//4161
f 2059//4162 1854//4162 1904//4162
f 123//4163 2101//4163 1864//4163
f 1868//4164 2051//4164 2067//4164
f 1510//4165 2114//4165 2032//4165
f 1644//4166 992//4166 1658//4166
f 1233//4167 510//4167 461//4167
f 1427//4154 1592//4168 2167//4155
f 1896//4169 2172//4169 2171//4169
f 1981//4170 1995//4170 1850//4170
f 2019//4171 2128//4171 2020//4171
f 1510//4172 1512//4172 2114//4172
f 1130//4173 635//4173 1100//4173
f 1968//4174 1265//4174 1816//4174
f 2169//4175 2119//4175 2174//4175
f 2020//4176 2167//4176 1592//4176
f 2020//4177 2113//4177 2167//4177
f 2172//4178 1896//4178 1092//4178
f 1447//4179 1329//4179 1962//4179
f 931//1081 1618//4180 933//1079
f 2023//4181 2031//4181 2173//4181
f 2140//4182 1896//4182 2171//4182
f 1946//4183 1830//4183 858//4183
f 1920//3302 1649//4184 121//3303
f 2011//4185 1216//4185 1215//4185
f 1835//4186 939//4186 1717//4186
f 1453//4187 2057//4187 1454//4187
f 1728//4188 1715//4188 1789//4188
f 90//4189 2057//4189 91//4189
f 1454//4190 2057//4190 90//4190
f 2175//4191 2057//4191 2063//4191
f 1842//4192 90//4192 2145//4192
f 2176//4193 90//4193 1842//4193
f 395//4194 2177//4194 2178//4194
f 16//4195 506//4195 555//4195
f 1830//4196 1554//4196 1528//4196
f 395//4197 1839//4197 2177//4197
f 1839//4198 2179//4198 2177//4198
f 241//4199 1511//4199 254//4199
f 2179//4200 1839//4200 2180//4200
f 2181//4201 2168//4202 1511//4203
f 241//4203 2181//4201 1511//4203
f 2182//4204 2183//4204 2134//4204
f 2180//4205 1782//4205 1826//4205
f 2181//4206 2184//4206 2168//4206
f 2184//4207 2185//4207 2168//4207
f 463//4208 1868//4208 2067//4208
f 251//4209 2186//4209 241//4209
f 241//4210 2186//4210 2181//4210
f 172//4211 2187//4211 1232//4211
f 1365//4212 2188//4212 974//4212
f 1997//4213 1999//4214 2189//4215
f 2190//4216 1213//4216 966//4216
f 1103//4217 616//4217 478//4217
f 1552//4218 2021//4218 1262//4218
f 1990//3495 1680//3494 1979//4219
f 2186//4220 2184//4220 2181//4220
f 1836//4221 1838//4221 1907//4221
f 1837//4222 1836//4222 1846//4222
f 1789//4223 2191//4223 1726//4223
f 2192//4224 2193//4224 2194//4224
f 2078//4225 2195//4225 801//4225
f 1985//4226 2196//4226 2192//4226
f 1986//4227 1985//4227 2192//4227
f 1173//4228 2130//4228 251//4228
f 2130//4229 2197//4229 2186//4229
f 251//4230 2130//4230 2186//4230
f 2185//4231 2099//4231 2118//4231
f 1986//4232 2192//4232 2060//4232
f 1985//4233 1997//4233 2196//4233
f 2198//4234 1763//4235 2183//4236
f 2199//4237 2200//4237 2191//4237
f 2154//4238 2183//4238 2144//4238
f 394//4239 396//4239 2081//4239
f 2197//4240 2201//4240 2186//4240
f 2186//4241 2201//4241 2184//4241
f 2201//4242 1473//4242 2185//4242
f 2184//4243 2201//4243 2185//4243
f 2021//4244 1552//4244 1831//4244
f 1554//4245 1831//4245 1552//4245
f 172//4246 1231//4246 2202//4246
f 1826//4247 868//4247 788//4247
f 1410//4248 1409//4248 2203//4248
f 1962//4249 1964//4249 1447//4249
f 1857//4250 2017//4250 1858//4250
f 2185//4251 1473//4251 2099//4251
f 1473//4252 1472//4252 2099//4252
f 2179//4253 176//4253 1314//4253
f 2179//4254 2180//4254 176//4254
f 176//4255 2180//4255 2204//4255
f 396//4256 2178//4256 2175//4256
f 396//4257 395//4257 2178//4257
f 1724//4258 1726//4258 2205//4258
f 175//4259 493//4259 224//4259
f 1450//4260 1915//4260 1916//4260
f 1789//4261 1761//4261 2191//4261
f 2177//4262 92//4262 91//4262
f 1172//4263 1756//4263 2130//4263
f 1839//4264 1775//4264 2180//4264
f 1725//4265 1789//4265 1726//4265
f 1997//4213 2189//4215 2196//4266
f 2187//4267 172//4267 1169//4267
f 175//4268 2150//4018 1706//4017
f 175//4269 224//4269 2150//4269
f 2180//4270 1775//4270 1782//4270
f 1756//4271 1755//4271 2130//4271
f 1755//4272 2197//4272 2130//4272
f 1958//4273 1161//4273 1321//4273
f 2176//4274 1454//4274 90//4274
f 1641//4275 213//4275 1328//4275
f 213//4276 1641//4276 214//4276
f 2191//4277 2198//4277 2206//4277
f 2199//4278 2191//4278 2206//4278
f 2207//4279 2200//4279 2199//4279
f 224//156 226//158 2133//4280
f 2208//4281 2207//4281 1806//4281
f 2208//4282 2200//4282 2207//4282
f 840//4283 2209//4283 1474//4283
f 2069//4284 1731//4284 2046//4284
f 2069//4285 2210//4285 1731//4285
f 1782//4286 1827//3095 1826//3094
f 2197//4287 2211//4287 2201//4287
f 1393//4288 1473//4288 2201//4288
f 2211//4289 1393//4289 2201//4289
f 1493//4290 1905//4290 1408//4290
f 172//4291 2202//4291 173//4291
f 1615//4292 1855//4292 1662//4292
f 1390//4293 625//4293 1372//4293
f 1493//4294 1056//1205 1055//1204
f 2207//4295 1297//4295 1334//4295
f 1333//4296 2207//4296 1334//4296
f 2189//4297 1727//4297 2212//4297
f 1857//4298 1823//4298 1832//4298
f 174//4299 173//4299 2213//4299
f 424//4300 1172//4300 1219//4300
f 2214//4301 2182//4301 2136//4301
f 2215//4302 1807//4303 1332//4302
f 1727//4304 2010//4304 1215//4304
f 1755//4305 1847//4306 2197//4307
f 2197//4308 1847//4308 2211//4308
f 801//4309 2126//4309 2078//4309
f 173//4310 1807//4310 2215//4310
f 624//4311 1371//4311 625//4311
f 2136//4312 2182//4312 2134//4312
f 1847//4313 1393//4313 2211//4313
f 1956//4314 841//4314 1475//4314
f 1727//4315 1215//4315 1728//4315
f 1371//3705 2086//3704 1912//4316
f 2175//4317 2178//4317 91//4317
f 1806//4318 1333//4318 1332//4318
f 2216//4319 966//4319 324//4319
f 1701//4320 1232//4320 2210//4320
f 2057//4321 2175//4321 91//4321
f 1584//4322 1092//4322 1896//4322
f 1999//4323 2008//4323 2010//4323
f 868//4324 2029//4324 1562//4324
f 2213//4325 2215//4325 2217//4325
f 2213//4326 2209//4326 2187//4326
f 1132//4327 143//4327 730//4327
f 1985//4328 2038//4329 1997//4330
f 2218//4331 1801//4331 2060//4331
f 1126//4332 324//4332 966//4332
f 1743//4333 1766//4333 1491//4333
f 2219//4334 1641//4334 1695//4334
f 1701//4335 2210//4335 2069//4335
f 426//4336 1701//4337 2069//4338
f 1806//4339 2207//4339 1333//4339
f 255//4340 2132//4340 417//4340
f 624//4341 2092//4341 1371//4341
f 1520//4342 1139//4342 1521//4342
f 2220//4343 2221//4343 2222//4343
f 2119//4344 1278//4344 2223//4344
f 1999//4345 1727//4345 2189//4345
f 426//4346 2069//4346 427//4346
f 2224//4347 173//4348 2202//4349
f 974//4350 2188//4350 1496//4350
f 1334//4351 1296//4351 2225//4351
f 2195//4352 2190//4352 2216//4352
f 2177//4353 479//4353 92//4353
f 424//4354 423//4354 1755//4354
f 423//4355 1847//4306 1755//4305
f 1731//4356 2210//4356 2221//4356
f 471//356 473//358 247//4357
f 2187//4358 2209//4358 2226//4358
f 1857//4359 1824//4359 1823//4359
f 177//4360 493//4360 175//4360
f 1731//4361 2219//4362 1694//4363
f 2227//4364 1516//4364 1383//4364
f 1537//4365 1536//4365 2228//4365
f 2177//4366 1314//4366 479//4366
f 1210//4367 971//4367 1083//4367
f 1278//4368 1370//4368 2223//4368
f 2173//4369 1411//4369 880//4369
f 2092//4370 2085//4370 1371//4370
f 2229//4371 2224//4347 2202//4349
f 2207//4372 2199//4372 1297//4372
f 2199//4373 1298//4373 1297//4373
f 1423//4374 2230//4374 879//4374
f 2231//4375 2173//4375 880//4375
f 1678//4376 2232//4376 2214//4376
f 1715//4377 1762//4377 1761//4377
f 2196//4266 2189//4215 2229//4378
f 1461//4379 1685//4379 1884//4379
f 1083//4380 2233//4380 1210//4380
f 2233//4381 1208//4381 1210//4381
f 1916//4382 1632//4382 1634//4382
f 1496//4383 2230//4383 1423//4383
f 2230//4384 880//4384 879//4384
f 1538//4385 2093//4385 2147//4385
f 1810//4386 1834//3110 1032//3109
f 1834//4387 2232//4387 1678//4387
f 1874//4388 438//4388 1767//4388
f 2219//4389 2220//4389 1641//4389
f 2234//4390 2187//4390 2226//4390
f 2233//4391 1365//4391 1208//4391
f 2230//4392 2231//4392 880//4392
f 2231//4393 2235//4393 2173//4393
f 2196//4394 2229//4394 2193//4394
f 1314//4395 176//4395 175//4395
f 801//4396 323//4396 575//4396
f 1083//4397 1555//4397 2233//4397
f 2233//4398 2236//4398 1365//4398
f 1365//4399 2236//4399 2188//4399
f 2188//4400 2237//4400 1496//4400
f 2237//4401 2238//4402 2230//4403
f 1496//4404 2237//4401 2230//4403
f 2230//4405 2238//4405 2231//4405
f 2238//4406 2239//4406 2231//4406
f 2239//4407 2240//4407 2231//4407
f 2240//4408 2235//4408 2231//4408
f 1641//4409 2222//4409 1642//4409
f 1369//4410 1521//4410 1370//4410
f 2221//4411 2234//4411 2222//4411
f 2218//4412 1701//4337 426//4336
f 2182//4413 2198//4413 2183//4413
f 1763//4414 1842//4414 2144//4414
f 1555//4415 2241//4415 2233//4415
f 2188//4416 2242//4416 2237//4416
f 2173//4417 2235//4417 2023//4417
f 128//4418 1739//4418 1311//4418
f 446//4419 1526//3253 1893//3252
f 983//4420 51//4420 1234//4420
f 1169//4421 174//4421 2187//4421
f 453//4422 75//4422 1892//4422
f 1726//4423 2200//4423 2208//4423
f 2233//4424 2243//4424 2236//4424
f 2236//4425 2243//4425 2188//4425
f 2243//4426 2242//4426 2188//4426
f 1695//4427 1641//4427 1328//4427
f 2217//4428 2225//4428 1474//4428
f 1649//4429 1651//4429 1777//4429
f 1486//4430 1485//4430 2244//4430
f 463//4431 2067//4431 1143//4431
f 2237//4432 2245//4432 2238//4432
f 2240//4433 2246//4433 2235//4433
f 1411//4434 624//4435 1412//4436
f 1144//4437 1695//4437 1328//4437
f 1642//4438 2234//4438 1498//4438
f 2217//4439 1474//4439 2209//4439
f 1232//4440 2187//4440 2221//4440
f 1330//4441 1350//4441 2247//4441
f 2218//4442 1231//4442 1701//4442
f 2233//4443 2241//4443 2243//4443
f 2234//4444 2226//4444 1498//4444
f 2226//4445 2209//4446 1498//4447
f 2209//4448 2213//4448 2217//4448
f 2227//4449 2248//4449 1516//4449
f 1516//4450 2248//4450 1555//4450
f 1555//4451 2248//4451 2241//4451
f 2242//4452 2245//4452 2237//4452
f 2238//4453 2245//4453 2239//4453
f 2249//4454 2023//4455 2235//4456
f 1450//4457 1710//4457 62//4457
f 2094//4458 2024//4458 2023//4458
f 2118//4459 2168//4459 2185//4459
f 1649//4460 122//4460 121//4460
f 1998//4461 1997//4330 2038//4329
f 2137//4462 2250//4462 2251//4462
f 1805//4463 1943//4463 1696//4463
f 2193//4464 2202//4464 1231//4464
f 177//4465 2204//4465 788//4465
f 2248//4466 2252//4466 2241//4466
f 2241//4467 2253//4467 2243//4467
f 2253//4468 2242//4468 2243//4468
f 2254//4469 2246//4469 2240//4469
f 2179//4470 1314//4470 2177//4470
f 1233//4471 461//4471 463//4471
f 1031//4472 1296//4472 1810//4472
f 2063//4473 396//4473 2175//4473
f 1383//4474 1394//4474 2227//4474
f 2255//4475 2256//4475 2245//4475
f 2245//4476 2256//4476 2239//4476
f 2256//4477 2240//4477 2239//4477
f 2246//4478 2257//4478 2235//4478
f 2257//4479 2249//4479 2235//4479
f 2249//4454 2094//4480 2023//4455
f 1805//4481 1213//4481 2190//4481
f 453//4482 1892//4482 1868//4482
f 2232//4483 2206//4483 2182//4483
f 1517//4484 1302//4485 1518//3681
f 2227//4486 2258//4486 2248//4486
f 2248//4487 2259//4487 2252//4487
f 2252//4488 2260//4488 2241//4488
f 2253//4489 2261//4489 2242//4489
f 2242//4490 2262//4490 2245//4490
f 343//4491 616//4491 1104//4491
f 1234//4492 1989//4492 983//4492
f 2092//4493 624//4435 1411//4434
f 2248//4494 2258//4494 2259//4494
f 2259//4495 2260//4495 2252//4495
f 2241//4496 2260//4496 2253//4496
f 2242//4497 2261//4497 2262//4497
f 2262//4498 2263//4498 2245//4498
f 2245//4499 2263//4499 2255//4499
f 2254//4500 2240//4500 2256//4500
f 2254//4501 2257//4501 2246//4501
f 1092//4502 2214//4502 2136//4502
f 1298//4503 2199//4503 2232//4503
f 2199//4504 2206//4504 2232//4504
f 208//4505 681//4505 209//4505
f 2227//4506 2264//4506 2258//4506
f 2263//4507 2265//4507 2255//4507
f 2222//4508 2234//4508 1642//4508
f 1770//4509 1448//4509 64//4509
f 1944//4510 1943//4510 2078//4510
f 1530//4511 2266//4511 2227//4511
f 2259//4512 2258//4512 2264//4512
f 2267//4513 2255//4513 2265//4513
f 2267//4514 2268//4514 2256//4514
f 2255//4515 2267//4515 2256//4515
f 2268//4516 2269//4516 2254//4516
f 2256//4517 2268//4517 2254//4517
f 2254//4518 2269//4518 2257//4518
f 2257//4519 2270//4519 2249//4519
f 2270//4520 2094//4480 2249//4454
f 1296//4521 1834//4521 1810//4521
f 2225//4522 1296//4522 1549//4522
f 1259//4523 1848//4523 1855//4523
f 592//4524 456//4524 626//4524
f 1938//4525 859//4525 858//4525
f 1991//4526 2170//4526 2141//4526
f 973//4527 1555//4527 1083//4527
f 1773//4528 2084//4528 1774//4528
f 2094//4529 2271//4529 2093//4529
f 2260//4530 2272//4531 2253//4532
f 2261//4533 2273//4533 2262//4533
f 2269//4534 2274//4534 2257//4534
f 2274//4535 2270//4535 2257//4535
f 2094//4536 2270//4536 2271//4536
f 1521//4537 1983//4538 1370//4539
f 1805//4540 1224//4540 1213//4540
f 1789//4541 1715//4541 1761//4541
f 1474//4542 1549//2249 1542//2248
f 1922//4543 1991//4543 2141//4543
f 1459//4544 813//4544 632//4544
f 2204//4545 2180//4545 1826//4545
f 1216//4546 1454//4546 2176//4546
f 2189//4547 2212//4547 2224//4547
f 1715//4548 1216//4548 2176//4548
f 2227//4549 2266//4549 2264//4549
f 2259//4550 2272//4550 2260//4550
f 2272//4531 2275//4551 2253//4532
f 2253//4552 2275//4552 2261//4552
f 2268//4553 2276//4553 2269//4553
f 2276//4554 2277//4554 2269//4554
f 2269//4555 2277//4555 2274//4555
f 1359//4556 463//1336 1144//1338
f 1234//4557 463//4557 1359//4557
f 1762//4558 2176//4559 1842//4560
f 1825//4561 2170//4561 1991//4561
f 2183//4562 2154//4562 2134//4562
f 1839//4563 1773//4563 1775//4563
f 2259//4564 2278//4564 2272//4564
f 2263//4565 2262//4565 2265//4565
f 1641//4566 2220//4566 2222//4566
f 2163//4567 2170//4567 1825//4567
f 2163//4568 2044//4568 2170//4568
f 2195//4569 2078//4570 1943//4571
f 569//4572 568//4572 1161//4572
f 2278//4573 2279//4573 2272//4573
f 2272//4574 2273//4574 2275//4574
f 2273//4575 2261//4575 2275//4575
f 2273//4576 2280//4577 2262//4578
f 2277//4579 2281//4579 2274//4579
f 2281//4580 2270//4580 2274//4580
f 1549//4581 1296//4581 217//4581
f 1851//4582 2108//4583 2170//4584
f 2178//4585 2177//4585 91//4585
f 2219//4586 2221//4586 2220//4586
f 2280//4587 2265//4587 2262//4587
f 2267//4588 2282//4588 2268//4588
f 2268//4589 2282//4590 2276//4591
f 2147//4592 2271//4592 2270//4592
f 2281//4593 2147//4593 2270//4593
f 2067//4594 1730//4594 1694//4594
f 1933//4595 1991//4595 1921//4595
f 801//4596 2195//4596 802//4596
f 53//4597 1972//4597 51//4597
f 1874//4598 1103//4598 478//4598
f 2279//4599 2283//4599 2272//4599
f 2283//4600 2284//4600 2272//4600
f 2284//4601 2285//4602 2272//4603
f 2272//4604 2285//4604 2273//4604
f 2285//4605 2280//4577 2273//4576
f 1296//4606 1298//4607 1834//4608
f 1844//4609 2044//4609 2163//4609
f 1922//4610 2141//4610 1650//4610
f 1806//4611 1726//4611 2208//4611
f 437//4612 1767//4612 438//4612
f 2264//4613 2286//4613 2259//4613
f 2259//4614 2286//4614 2278//4614
f 2276//4615 2287//4615 2277//4615
f 2277//4616 2287//4616 2281//4616
f 2288//4617 2278//4617 2286//4617
f 2278//4618 2288//4618 2279//4618
f 2285//4619 2289//4619 2280//4619
f 2289//4620 2290//4620 2265//4620
f 2280//4621 2289//4621 2265//4621
f 2290//4622 2267//4622 2265//4622
f 174//4623 2213//4623 2187//4623
f 1143//4624 1695//4624 1144//4624
f 1530//4625 2291//4625 2266//4625
f 2288//4626 2292//4626 2279//4626
f 2279//4627 2292//4627 2283//4627
f 2284//4601 2289//4628 2285//4602
f 2282//4590 2293//4629 2276//4591
f 2287//4630 2294//4630 2281//4630
f 2195//4569 1943//4571 1805//4631
f 1276//4632 1847//4632 423//4632
f 1823//4633 1991//4633 1933//4633
f 2224//4634 1807//4634 173//4634
f 2204//4635 1826//4635 788//4635
f 1470//4636 1947//4636 1530//4636
f 1530//4637 1947//4637 2291//4637
f 2295//4638 2267//4638 2290//4638
f 2267//4639 2295//4640 2282//4641
f 2276//4642 2293//4642 2287//4642
f 2228//4643 2147//4643 2281//4643
f 1823//4644 1825//4644 1991//4644
f 2133//4645 2148//4645 2150//4645
f 2131//4646 575//4646 417//4646
f 2291//4647 2296//4648 2266//4649
f 2296//4648 2264//4650 2266//4649
f 2292//4651 2297//4651 2283//4651
f 2284//4652 2297//4652 2289//4652
f 2287//4653 2298//4653 2294//4653
f 2228//4654 2281//4654 2294//4654
f 2229//4655 2189//4655 2224//4655
f 2216//4656 2190//4656 966//4656
f 1836//3272 1634//3271 1633//4657
f 1470//4658 1494//4658 1947//4658
f 2264//4659 2296//4659 2286//4659
f 2283//4660 2297//4660 2284//4660
f 2297//4661 2299//4661 2289//4661
f 2293//4662 2300//4662 2287//4662
f 2300//4663 2298//4663 2287//4663
f 2298//4664 2228//4664 2294//4664
f 2083//4665 2084//4665 1773//4665
f 2217//4666 2215//4666 2225//4666
f 2200//4667 1726//4667 2191//4667
f 2282//4668 2301//4668 2293//4668
f 1280//4669 1071//4669 1976//4669
f 1976//4670 1071//4670 2037//4670
f 2195//4671 1805//4671 2190//4671
f 2083//4672 1773//4672 394//4672
f 176//4673 2204//4673 177//4673
f 2296//4674 2302//4674 2286//4674
f 2286//4675 2302//4675 2288//4675
f 2292//4676 2303//4676 2297//4676
f 2299//4677 2304//4677 2289//4677
f 2289//4678 2304//4678 2290//4678
f 2295//4640 2301//4679 2282//4641
f 2293//4680 2305//4680 2300//4680
f 1133//4681 1444//4681 1241//4681
f 2034//4682 1537//4683 2228//4684
f 2081//4685 2083//4685 394//4685
f 1519//4686 1518//4686 2306//4686
f 2221//4687 2187//4687 2234//4687
f 2302//4688 2307//4688 2288//4688
f 2307//4689 2303//4689 2292//4689
f 2288//4690 2307//4690 2292//4690
f 2303//4691 2308//4691 2297//4691
f 2304//4692 2309//4692 2290//4692
f 2309//4693 2295//4693 2290//4693
f 2108//4583 2141//4694 2170//4584
f 51//4695 1233//4695 1234//4695
f 1678//4696 2214//4696 1092//4696
f 2297//4697 2310//4698 2299//4699
f 2301//4700 2305//4700 2293//4700
f 206//4701 2228//4701 2298//4701
f 206//4702 2034//4682 2228//4684
f 1826//4703 1828//4703 868//4703
f 437//4704 1855//4704 1848//4704
f 2308//4705 2311//4705 2297//4705
f 2297//4697 2311//4706 2310//4698
f 2299//4707 2312//4707 2304//4707
f 2305//4708 2313//4708 2300//4708
f 2313//4709 2298//4709 2300//4709
f 1731//4361 2221//4710 2219//4362
f 1832//4711 1905//4711 1857//4711
f 1985//4712 1984//4712 2038//4712
f 2195//4713 2216//4713 802//4713
f 2183//4714 1763//4714 2144//4714
f 75//4715 452//4715 76//4715
f 2144//4716 1842//4716 2145//4716
f 2312//4717 2309//4717 2304//4717
f 2309//4718 2314//4718 2301//4718
f 2295//4719 2309//4719 2301//4719
f 2314//4720 2315//4720 2305//4720
f 2301//4721 2314//4721 2305//4721
f 2021//4722 1966//4722 1262//4722
f 452//4723 451//4723 76//4723
f 1761//4724 2198//4724 2191//4724
f 1947//4725 2146//4725 2291//4725
f 2291//4726 2146//4726 2296//4726
f 2299//4727 2310//4727 2312//4727
f 2315//4728 2316//4728 2305//4728
f 2305//4729 2316//4729 2313//4729
f 2313//4730 2317//4730 2298//4730
f 2298//4731 2317//4731 206//4731
f 2060//4732 2194//4732 2218//4732
f 1332//4733 1334//4733 2225//4733
f 2210//4734 1232//4734 2221//4734
f 2147//4735 2228//4735 1536//4735
f 2308//4736 2318//4736 2311//4736
f 2312//4737 2319//4737 2309//4737
f 2316//4738 2317//4738 2313//4738
f 2198//4234 1761//4739 1763//4235
f 1245//4740 1329//4740 1246//4740
f 1965//4741 52//4741 983//4741
f 1965//4742 1937//4742 52//4742
f 510//4743 1972//4743 1409//4743
f 233//4744 1284//4744 1258//4744
f 1407//4745 1406//4745 1933//4745
f 2310//4746 2319//4746 2312//4746
f 2314//4747 2320//4747 2315//4747
f 1354//4748 2321//4748 1708//4748
f 1806//4749 2205//4749 1726//4749
f 1555//4750 1509//4750 1516//4750
f 1332//4302 2225//4751 2215//4302
f 494//4752 245//4752 597//4752
f 2322//4753 1519//4754 2306//4755
f 1938//4756 1523//4756 1936//4756
f 1434//4757 1433//4757 404//4757
f 404//4758 2323//4758 1434//4758
f 1474//4759 2225//4759 1549//4759
f 2146//4760 2026//4760 2296//4760
f 2296//4761 2324//4761 2302//4761
f 2325//4762 2307//4762 2302//4762
f 2324//4763 2325//4763 2302//4763
f 2325//4764 2303//4764 2307//4764
f 2303//4765 2318//4765 2308//4765
f 2311//4766 2319//4766 2310//4766
f 2319//4767 2326//4767 2309//4767
f 2317//4768 204//4768 206//4768
f 994//4769 993//4769 769//4769
f 1868//4770 462//4770 453//4770
f 1095//4771 1768//4771 1147//4771
f 1650//4772 1649//4772 1920//4772
f 1715//4773 2176//4559 1762//4558
f 1054//4774 1976//4774 2037//4774
f 2321//4775 2327//4775 1277//4775
f 2133//4776 2132//4776 2139//4776
f 2296//4777 2026//4778 2324//4779
f 2326//4780 2320//4780 2314//4780
f 2309//4781 2326//4781 2314//4781
f 2320//4782 2328//4782 2315//4782
f 2315//4783 2328//4783 2316//4783
f 2316//4784 2329//4784 2317//4784
f 1873//4785 478//4785 1880//4785
f 2212//4786 2205//4786 2224//4786
f 1268//4787 1696//4787 1582//4787
f 1801//4788 2218//4788 426//4788
f 2330//4789 1410//4789 2203//4789
f 1410//4790 2330//4790 451//4790
f 2327//4791 1278//4791 1277//4791
f 1433//4792 405//4792 404//4792
f 1434//4793 2323//4793 614//4793
f 1999//4794 1998//3534 2008//3536
f 1227//4795 962//4795 1520//4795
f 2331//4796 2303//4796 2325//4796
f 2331//4797 2318//4797 2303//4797
f 2311//4798 2318//4798 2319//4798
f 2318//4799 2332//4799 2319//4799
f 2319//4800 2332//4800 2326//4800
f 2329//4801 204//4801 2317//4801
f 2205//4802 1806//4802 2224//4802
f 1728//4803 1217//4803 1715//4803
f 1493//4804 1055//4804 1905//4804
f 614//4805 2323//4805 1962//4805
f 1215//4806 1217//4806 1728//4806
f 74//4807 1754//4807 75//4807
f 2333//4808 1237//4808 1366//4808
f 2092//4809 2173//4809 2031//4809
f 1874//4810 1767//4810 1103//4810
f 2326//4811 2334//4812 2320//4813
f 2320//4814 2334//4814 2328//4814
f 2206//4815 2198//4815 2182//4815
f 1694//4816 2219//4816 1695//4816
f 2232//4817 2182//4817 2214//4817
f 436//4818 1855//4818 437//4818
f 2335//4819 2336//4819 2337//4819
f 1963//4820 2323//4820 404//4820
f 2146//4821 1966//4821 2026//4821
f 2331//4822 2338//4823 2318//4824
f 2338//4823 2332//4825 2318//4824
f 2326//4811 2339//4826 2334//4812
f 2340//4827 204//4827 2329//4827
f 2192//4828 2194//4828 2060//4828
f 75//4829 1754//4829 1753//4829
f 1727//4830 2205//4830 2212//4830
f 680//4831 633//4831 635//4831
f 2341//4832 1963//4832 404//4832
f 1963//3401 1962//3400 2323//4833
f 1329//4834 1245//4834 1962//4834
f 2332//4835 2339//4835 2326//4835
f 2340//4836 2244//4836 204//4836
f 2244//4837 1485//4837 204//4837
f 2194//4838 2193//4838 1231//4838
f 394//4839 1839//4839 395//4839
f 221//4840 1774//4840 2084//4840
f 2194//4841 1231//4841 2218//4841
f 2342//4842 2343//4842 278//4842
f 1872//4843 2338//4843 2331//4843
f 2334//4844 2344//4844 2328//4844
f 2316//4845 2340//4845 2329//4845
f 2229//4846 2202//4846 2193//4846
f 1727//4847 1724//4847 2205//4847
f 1298//4607 2232//4848 1834//4608
f 1642//4849 1498//4849 1497//4849
f 1469//4850 892//1576 1262//1578
f 1727//4851 1729//4852 1724//4853
f 2345//4854 2325//4854 2324//4854
f 2345//4855 2331//4855 2325//4855
f 2332//4856 2346//4856 2339//4856
f 2346//4857 2334//4857 2339//4857
f 2328//4858 2344//4858 2316//4858
f 2316//4859 2344//4859 2340//4859
f 2127//4860 860//4860 1399//4860
f 1798//4861 577//4861 2347//4861
f 1458//4862 1393//4862 1847//4862
f 1458//4863 1391//4863 1393//4863
f 1814//4864 1829//4864 1752//4864
f 236//4865 403//4865 631//4865
f 2341//4866 404//4866 403//4866
f 2026//4778 2127//4867 2324//4779
f 2345//4868 1872//4868 2331//4868
f 2346//4869 2332//4869 2338//4869
f 2045//4870 2069//4870 2046//4870
f 173//4871 2215//4871 2213//4871
f 1103//4872 1767//4872 1104//4872
f 452//4873 75//4873 453//4873
f 1481//4874 1483//4874 1587//4874
f 1964//3402 1963//3401 2341//4875
f 1523//4876 1938//4876 858//4876
f 2026//4778 2022//4877 2127//4867
f 1399//4878 2324//4878 2127//4878
f 1399//4879 2345//4879 2324//4879
f 2346//4880 2348//4880 2334//4880
f 2349//4881 2344//4881 2334//4881
f 2348//4882 2349//4882 2334//4882
f 2349//4883 2350//4883 2344//4883
f 2350//4884 2340//4884 2344//4884
f 2340//4885 2350//4885 2244//4885
f 1724//4853 1729//4852 1725//4886
f 2192//4887 2196//4887 2193//4887
f 2343//4888 1481//4888 1587//4888
f 1587//4889 278//4889 2343//4889
f 1678//4890 1070//4890 1032//4890
f 2021//3560 2022//3562 2026//4891
f 1872//4892 2346//4892 2338//4892
f 554//4893 509//4893 16//4893
f 2271//4894 2147//4894 2093//4894
f 1769//4895 1054//4895 1056//4895
f 152//4896 1869//4896 1609//4896
f 224//4897 2133//4897 2150//4897
f 1399//4898 1185//4898 2345//4898
f 1184//4899 1872//4899 2345//4899
f 1871//4900 2346//4900 1872//4900
f 1871//4901 1906//4901 2346//4901
f 1838//4902 2346//4902 1906//4902
f 1838//4903 2348//4903 2346//4903
f 479//4904 480//4904 2138//4904
f 1769//4905 1976//4905 1054//4905
f 1651//4906 1650//4906 2110//4906
f 1621//4907 403//4907 236//4907
f 1621//4908 2341//4908 403//4908
f 2351//4909 1491//4909 1766//4909
f 2352//4910 1687//4910 1733//4910
f 1185//4911 1184//4911 2345//4911
f 86//4912 85//4912 1788//4912
f 1234//4913 1359//4913 1978//4913
f 1838//4914 1837//4914 2348//4914
f 1837//4915 2349//4916 2348//4917
f 2350//4918 1633//4918 2244//4918
f 1633//4919 1486//4919 2244//4919
f 1321//4920 1977//4920 1958//4920
f 90//4921 2138//4921 2145//4921
f 90//4922 92//4922 2138//4922
f 1238//4923 588//4923 818//4923
f 1998//4924 2038//4924 2014//4924
f 1302//4485 2040//3596 1518//3681
f 237//4925 631//4925 1006//4925
f 237//4926 236//4926 631//4926
f 235//4927 1621//4927 236//4927
f 1270//4928 2341//4928 1621//4928
f 1270//4929 1269//4929 1964//4929
f 2341//4930 1270//4930 1964//4930
f 2011//4931 1215//4931 2010//4931
f 2224//4932 1806//4932 1807//4932
f 1846//4933 2349//4916 1837//4915
f 324//809 802//808 2216//4934
f 92//4935 479//4935 2138//4935
f 1498//4447 2209//4446 840//4936
f 1840//4937 1533//4937 1809//4937
f 2174//4938 2119//4938 2223//4938
f 1406//3104 1832//3106 1823//4939
f 801//4940 2125//4940 2126//4940
f 1846//4941 2350//4941 2349//4941
f 2350//4942 1846//4942 1633//4942
f 1633//4943 1632//4943 1486//4943
f 1999//4944 2010//4944 1727//4944
f 64//4945 1976//4945 1769//4945
f 2353//4946 2354//4946 2355//4946
f 2354//4947 2356//4947 2355//4947
f 2357//4948 2358//4948 2356//4948
f 2354//4949 2357//4949 2356//4949
f 2165//4950 1136//4950 2359//4950
f 2360//4951 2361//4951 2336//4951
f 2362//4952 990//4952 2363//4952
f 2364//4953 2365//4953 2366//4953
f 268//4954 2367//4954 269//4954
f 2368//4955 2369//4955 2370//4955
f 2361//4956 2371//4956 2372//4956
f 2367//4957 2373//4957 507//4957
f 2250//4958 2372//4958 2368//4958
f 2374//4959 2000//4959 1369//4959
f 2375//4960 1301//1698 1300//1697
f 2322//4753 2376//4961 1519//4754
f 2364//4962 2377//4962 2365//4962
f 2378//4963 2355//4963 2356//4963
f 1495//4964 2379//4965 2380//4966
f 2365//4967 2377//4967 2366//4967
f 744//4968 1880//4968 477//4968
f 2377//4969 2381//4969 2366//4969
f 2353//4970 2355//4970 2382//4970
f 1802//4971 287//4971 2162//4971
f 477//4972 28//4972 743//4972
f 1684//4973 1792//4973 2383//4973
f 365//4974 1446//4974 464//4974
f 1380//1908 1241//1545 1444//4975
f 1019//4976 2333//4976 2373//4976
f 569//4977 1893//4977 27//4977
f 2362//4978 2363//4978 2374//4978
f 1160//4979 446//4979 1893//4979
f 569//4980 1160//4980 1893//4980
f 1534//4981 1533//4981 2384//4981
f 2385//4982 1218//4982 1219//4982
f 2385//4983 1898//4983 1218//4983
f 1898//4984 2377//4984 2364//4984
f 1551//4985 1008//4985 1020//4985
f 1767//4986 344//4986 1104//4986
f 1495//4964 949//4987 2379//4965
f 2381//4988 2354//4988 2353//4988
f 424//4989 1218//4989 425//4989
f 2386//4990 2387//4991 1517//4484
f 2378//4992 2356//4992 2388//4992
f 2105//4993 2335//4993 2337//4993
f 2360//4994 2371//4994 2361//4994
f 2355//4995 2389//4995 2382//4995
f 949//4996 1299//4996 950//4996
f 2355//4997 2378//4997 2389//4997
f 2380//4998 2379//4998 2358//4998
f 2368//4999 2370//4999 2251//4999
f 1987//5000 2390//5000 2391//5000
f 390//5001 2392//5001 1682//5001
f 1218//5002 1900//5002 2103//5002
f 2359//5003 1136//5003 1230//5003
f 989//5004 535//5004 536//5004
f 137//5005 1330//5005 160//5005
f 324//5006 1126//5006 325//5006
f 1282//5007 843//5007 845//5007
f 418//5008 256//5008 255//5008
f 1330//5009 2247//5009 1197//5009
f 2393//5010 2357//5010 2354//5010
f 2393//5011 1463//5011 2357//5011
f 2357//5012 1463//5012 2165//5012
f 2394//5013 2165//5014 2359//5015
f 2357//5016 2165//5016 2394//5016
f 2370//5017 1950//5017 2251//5017
f 949//4987 948//5018 2379//4965
f 2366//5019 2381//5019 2353//5019
f 2335//5020 2395//5020 2336//5020
f 2396//5021 77//5021 1197//5021
f 2397//5022 2385//5022 1219//5022
f 2385//5023 2398//5023 1898//5023
f 2398//5024 2377//5024 1898//5024
f 2389//5025 2378//5025 2399//5025
f 2398//5026 2400//5026 2377//5026
f 2400//5027 2381//5027 2377//5027
f 2104//5028 1900//5028 1899//5028
f 1330//5029 1197//5029 160//5029
f 2247//5030 2396//5030 1197//5030
f 77//5031 2396//5031 2401//5031
f 1465//5032 2354//5032 2381//5032
f 1465//5033 2393//5033 2354//5033
f 1218//5034 2103//5034 712//5034
f 1240//5035 1237//5035 2333//5035
f 2123//5036 2169//5036 2402//5036
f 2006//5037 2137//5037 2251//5037
f 1019//5038 1240//5038 2333//5038
f 949//5039 1495//5039 1306//5039
f 2107//5040 1300//5040 2386//5040
f 2247//5041 1350//5041 2396//5041
f 1666//5042 1346//5042 2403//5042
f 2005//5043 2336//5043 2137//5043
f 2004//5044 1903//5044 2005//5044
f 2404//5045 1903//5045 2004//5045
f 1533//5046 1901//5046 2384//5046
f 2061//5047 284//5047 2047//5047
f 1350//5048 1987//5048 2396//5048
f 2396//5049 1987//5049 2391//5049
f 2391//5050 2405//5051 2396//5052
f 2396//5052 2405//5051 2401//5053
f 2359//5015 2380//5054 2394//5013
f 1901//5055 2404//5055 2384//5055
f 2107//5056 2386//5056 2106//5056
f 2406//5057 1902//5058 2407//5059
f 2405//5060 2408//5060 2401//5060
f 2401//5061 2408//5061 2403//5061
f 1464//5062 2381//5062 2400//5062
f 1464//5063 1465//5063 2381//5063
f 1140//5064 1139//5064 1147//5064
f 2106//5065 2386//5065 2409//5065
f 2106//5066 2409//5067 1534//5068
f 2251//5069 2375//5069 2107//5069
f 1384//5070 2407//5070 1471//5070
f 2407//5071 1840//3126 1471//3128
f 2408//5072 2410//5072 2403//5072
f 2403//5073 2410//5073 1666//5073
f 1900//5074 2104//5074 2103//5074
f 35//5075 1257//5075 33//5075
f 2409//5076 1517//5076 2411//5076
f 1798//5077 2412//5077 1813//5077
f 2410//5078 2413//5078 1666//5078
f 2103//5079 2337//5080 1902//5058
f 2373//5081 2333//5081 1368//5081
f 2333//5082 1366//5082 1368//5082
f 2409//5083 2386//4990 1517//4484
f 2376//4961 1532//5084 2411//5085
f 988//5086 1239//5086 989//5086
f 2405//5087 2414//5088 2408//5089
f 2408//5090 2414//5090 2410//5090
f 2415//5091 333//5091 332//5091
f 2386//4990 1300//5092 2387//4991
f 1950//5093 1353//5093 2375//5093
f 1845//5094 2413//5095 2410//5096
f 1758//5097 1765//5097 1845//5097
f 2337//5098 2103//5098 2105//5098
f 1570//5099 816//5099 1265//5099
f 1520//5100 2000//5100 1227//5100
f 2391//5101 2390//5101 2405//5101
f 576//5102 323//222 325//224
f 2373//5103 1368//5104 2416//5105
f 1305//5106 1219//5106 1172//5106
f 760//5107 1577//5107 694//5107
f 728//5108 760//5108 694//5108
f 113//5109 1548//5109 25//5109
f 1758//5110 1766//5110 1747//5110
f 1548//5111 80//5111 25//5111
f 1809//5112 893//5112 2417//5112
f 2363//5113 536//5113 1225//5113
f 1301//5114 1353//5115 1707//5116
f 2390//5117 2418//5117 2405//5117
f 2418//5118 2414//5088 2405//5087
f 2414//5119 2419//5119 2410//5119
f 2420//5120 1845//5094 2410//5096
f 2420//5121 1758//5121 1845//5121
f 2399//5122 2421//5122 1948//5122
f 1305//5123 2397//5123 1219//5123
f 2421//5124 1949//5124 1948//5124
f 1746//5125 1780//5125 1790//5125
f 1440//5126 1413//5126 184//5126
f 1445//5127 365//5127 367//5127
f 893//5128 2376//5128 2322//5128
f 332//5129 334//1878 1353//1877
f 2410//5130 2419//5130 2420//5130
f 2373//5103 2416//5105 507//5131
f 984//5132 356//5132 267//5132
f 1014//5133 263//5133 230//5133
f 1480//5134 1014//5134 230//5134
f 2411//5135 1517//5135 1519//5135
f 2376//4961 2411//5085 1519//4754
f 2422//5136 2370//5136 2369//5136
f 1301//5137 1707//3597 1302//4485
f 2417//5138 893//944 892//943
f 1822//5139 2390//5139 1942//5139
f 1480//5140 1015//5140 1014//5140
f 795//5141 1666//5141 2413//5141
f 2403//5142 1346//5142 2401//5142
f 893//5143 1809//5144 2376//5145
f 2417//5146 892//1576 1469//4850
f 2423//5147 2414//5147 2418//5147
f 2423//5148 2419//5148 2414//5148
f 2420//5149 1766//5149 1758//5149
f 1346//5150 77//5150 2401//5150
f 2424//5151 2400//5151 2398//5151
f 2424//5152 1499//5152 2400//5152
f 2395//5153 2360//5153 2336//5153
f 1463//5154 1076//5154 1136//5154
f 1684//5155 1349//5155 1348//5155
f 1546//5156 1829//5156 1547//5156
f 2419//5157 2351//5157 2420//5157
f 2420//5158 2351//5158 1766//5158
f 245//173 648//5159 246//174
f 334//5160 2425//5160 1354//5160
f 2375//4960 1300//1697 2107//5161
f 1499//5162 1464//5162 2400//5162
f 295//5163 947//5163 649//5163
f 1009//5164 1271//5165 114//5166
f 283//5167 282//5167 1009//5167
f 1271//5168 2426//5168 1489//5168
f 1548//5169 1829//5169 1546//5169
f 1353//5170 1354//5170 1707//5170
f 989//5171 536//5171 2363//5171
f 2162//5172 2418//5172 2390//5172
f 2162//5173 2423//5173 2418//5173
f 2061//5174 2427//5175 284//5176
f 2425//5177 2327//5177 1354//5177
f 1109//2460 1645//3165 1281//2458
f 282//5178 2426//5178 1009//5178
f 113//5179 1489//5179 1548//5179
f 1950//5180 332//5129 1353//1877
f 2162//5181 2390//5181 1822//5181
f 990//5182 989//5182 2363//5182
f 1436//5183 2393//5183 1465//5183
f 1436//5184 1463//5184 2393//5184
f 1489//5185 2428//5185 1548//5185
f 2428//5186 1829//5186 1548//5186
f 1226//5187 1225//5188 169//417
f 1291//5189 2423//5189 2162//5189
f 2419//5190 1843//5191 2351//5192
f 1843//5191 1491//5193 2351//5192
f 2379//5194 2362//5194 2358//5194
f 2372//5195 2371//5195 2369//5195
f 1436//5196 1464//5196 1437//5196
f 284//5197 2429//5197 282//5197
f 2430//5198 2431//5199 282//5200
f 282//5201 2431//5201 2426//5201
f 1235//5202 495//5202 1562//5202
f 1732//5203 1608//5203 1607//5203
f 1802//5204 2162//5204 1822//5204
f 2432//5205 2419//5205 2423//5205
f 2419//5206 2432//5206 1843//5206
f 2362//5207 2374//5207 2358//5207
f 2421//5208 2378//5208 2388//5208
f 2336//5209 2361//5209 2137//5209
f 2427//5210 2429//5210 284//5210
f 2429//5211 2430//5198 282//5200
f 2367//5212 507//397 269//396
f 1133//5213 2407//5213 1444//5213
f 1869//5214 1662//5214 436//5214
f 2432//5215 2423//5215 1291//5215
f 2250//5216 2368//5216 2251//5216
f 2433//5217 2389//5217 2399//5217
f 2431//5218 2434//5218 2426//5218
f 2337//5219 2336//5219 1903//5219
f 229//5220 200//5220 1843//5220
f 1801//5221 428//5222 2427//5223
f 2426//5224 2435//5224 1489//5224
f 2435//5225 2436//5225 1489//5225
f 1489//5226 2436//5226 2428//5226
f 1512//5227 2168//5227 2118//5227
f 1020//5228 2373//5228 2367//5228
f 268//5229 1020//5229 2367//5229
f 2347//5230 577//5230 579//5230
f 2437//5231 2432//5231 1291//5231
f 2432//5232 229//5232 1843//5232
f 1803//5233 1796//5233 1798//5233
f 74//5234 579//5234 1754//5234
f 428//5222 2438//5235 2427//5223
f 2438//5236 2439//5236 2427//5236
f 2427//5237 2439//5237 2429//5237
f 2429//5211 2431//5199 2430//5198
f 2431//5238 2440//5238 2434//5238
f 2436//5239 2441//5239 2428//5239
f 2441//5240 1829//5240 2428//5240
f 2441//5241 1752//5241 1829//5241
f 1682//5242 2442//5242 2068//5242
f 107//2314 1460//2313 1263//5243
f 2330//5244 2443//5244 74//5244
f 76//5245 2330//5245 74//5245
f 2429//5246 2439//5246 2431//5246
f 2439//5247 2444//5247 2431//5247
f 2431//5248 2444//5248 2440//5248
f 1840//5249 1809//5249 1841//5249
f 2384//5250 2404//5250 2106//5250
f 1005//5251 2437//5251 1291//5251
f 2437//5252 1480//5252 2432//5252
f 2432//5253 1480//5253 229//5253
f 1374//5254 1317//5254 1316//5254
f 74//5255 2443//5255 579//5255
f 1367//5256 1499//5256 2424//5256
f 2440//5257 2435//5257 2426//5257
f 2434//5258 2440//5258 2426//5258
f 1471//5259 2417//5259 1469//5259
f 2106//5260 2404//5260 2004//5260
f 1798//5261 1783//5261 577//5261
f 1034//5262 2437//5262 1005//5262
f 1480//5263 230//5263 229//5263
f 2389//5264 2371//5264 2360//5264
f 2203//5265 2443//5265 2330//5265
f 2438//5266 2445//5266 2439//5266
f 2446//5267 2444//5267 2439//5267
f 2444//5268 2447//5268 2440//5268
f 2435//5269 2448//5269 2436//5269
f 2436//5270 2448//5270 2441//5270
f 2363//5271 1225//5271 2000//5271
f 2387//4991 1300//5092 1302//4485
f 1302//4485 1707//3597 2040//3596
f 1034//5272 1480//5272 2437//5272
f 2433//5273 2369//5273 2371//5273
f 2433//5274 2422//5275 2369//5276
f 2203//5277 2449//5277 2443//5277
f 1177//5278 1178//5278 1459//5278
f 1235//5279 1161//5279 568//5279
f 2445//5280 2446//5280 2439//5280
f 2447//5281 2450//5281 2440//5281
f 2448//5282 2451//5282 2441//5282
f 2452//5283 1752//5283 2441//5283
f 2451//5284 2452//5284 2441//5284
f 1752//5285 2452//5285 1445//5285
f 1790//5286 1684//5286 1625//5286
f 578//5287 577//5287 1783//5287
f 1033//5288 1034//5288 1005//5288
f 1230//5289 1206//5289 2359//5289
f 1225//5188 536//418 169//417
f 2389//5290 2433//5290 2371//5290
f 1020//5291 1019//5291 2373//5291
f 2453//5292 579//5292 2443//5292
f 2449//5293 2453//5293 2443//5293
f 2453//5294 2347//5294 579//5294
f 1436//5295 1077//5295 1463//5295
f 2435//5296 2454//5296 2448//5296
f 2382//5297 2389//5297 2455//5297
f 278//5298 1813//5298 2342//5298
f 427//5299 2438//5299 428//5299
f 2446//5300 2447//5301 2444//5302
f 2440//5303 2450//5303 2454//5303
f 2440//5304 2454//5304 2435//5304
f 1149//5305 1367//5305 583//5305
f 1354//5306 2327//5306 2321//5306
f 2107//5307 2004//5307 2006//5307
f 2068//5308 2442//5308 2438//5308
f 427//5309 2068//5309 2438//5309
f 2438//5310 2442//5310 2445//5310
f 2452//5311 1446//5311 1445//5311
f 1905//5312 2017//5312 1857//5312
f 1662//5313 1661//5313 1615//5313
f 2416//5314 2398//5315 2385//5316
f 2416//5317 2424//5317 2398//5317
f 1972//5318 2456//5319 1409//5320
f 2457//5321 2203//5321 1409//5321
f 2456//5322 2457//5322 1409//5322
f 2457//5323 2449//5323 2203//5323
f 2412//5324 2347//5324 2453//5324
f 2347//5325 2412//5325 1798//5325
f 40//5326 41//5326 2091//5326
f 2445//5327 2442//5327 1682//5327
f 2446//5300 2458//5328 2447//5301
f 2459//5329 2452//5329 2451//5329
f 2459//5330 1446//5330 2452//5330
f 1349//5331 1094//5331 1347//5331
f 2460//5332 2453//5332 2449//5332
f 1682//5333 2392//5333 2445//5333
f 2461//5334 2458//5334 2446//5334
f 2458//5335 2462//5335 2447//5335
f 2447//5336 2462//5336 2450//5336
f 2448//5337 2459//5338 2451//5339
f 1534//5340 2384//5340 2106//5340
f 2399//5341 2378//5341 2421//5341
f 2357//5342 2394//5342 2358//5342
f 1899//5343 1898//5343 2364//5343
f 2460//5344 2412//5344 2453//5344
f 2399//5345 2422//5275 2433//5274
f 1987//5346 1942//5346 2390//5346
f 1594//5347 1628//5347 2019//5347
f 2445//5348 2461//5348 2446//5348
f 2463//5349 2450//5349 2462//5349
f 2450//5350 2463//5351 2454//5352
f 2464//5353 2459//5338 2448//5337
f 2361//5354 2372//5354 2250//5354
f 2137//5355 2361//5355 2250//5355
f 1541//5356 1020//5356 268//5356
f 2463//5351 2464//5357 2454//5352
f 2454//5358 2464//5358 2448//5358
f 1366//5359 1237//5359 582//5359
f 53//5360 2456//5319 1972//5318
f 2392//5361 2461//5361 2445//5361
f 2091//5362 283//5362 40//5362
f 2455//5363 2389//5363 2360//5363
f 1305//5364 508//5364 2397//5364
f 508//5365 2385//5365 2397//5365
f 591//5366 590//5366 1704//5366
f 2465//5367 2457//5367 2456//5367
f 2466//5368 2449//5369 2457//5370
f 2466//5371 2460//5372 2449//5373
f 508//5374 2416//5314 2385//5316
f 1366//5375 582//5375 1367//5375
f 76//5376 451//5376 2330//5376
f 1687//5377 2462//5377 2458//5377
f 1687//5378 2463//5378 2462//5378
f 1306//5379 1299//5379 949//5379
f 2387//4991 1302//4485 1517//4484
f 249//5380 560//5380 547//5380
f 1687//5381 2352//5381 2463//5381
f 2352//5382 2464//5382 2463//5382
f 2467//5383 2468//5383 2459//5383
f 2459//5384 2468//5384 1446//5384
f 1149//5385 1499//5385 1367//5385
f 2465//5386 2456//5386 53//5386
f 830//5387 1615//5387 1661//5387
f 2464//5388 2467//5388 2459//5388
f 333//239 2425//5389 334//240
f 1227//5390 2000//5390 1225//5390
f 1966//5391 1947//5391 1469//5391
f 52//5392 2469//5392 53//5392
f 2469//5393 2465//5393 53//5393
f 2412//5394 2460//5394 1813//5394
f 2460//5395 2342//5395 1813//5395
f 1481//2933 2343//5396 1780//2931
f 401//5397 400//5397 414//5397
f 162//5398 164//5398 151//5398
f 1948//3371 1950//3373 2370//5399
f 1523//5400 2470//5400 1937//5400
f 2470//5401 2469//5401 1937//5401
f 1937//5402 2469//5402 52//5402
f 2342//5403 1792//5403 1780//5403
f 1780//5404 1792//5404 1790//5404
f 2467//5405 2464//5405 2352//5405
f 2468//5406 464//5406 1446//5406
f 1902//3263 2337//5407 1903//3264
f 2107//5408 2006//5408 2251//5408
f 1524//5409 2471//5409 1523//5409
f 2471//5410 2470//5410 1523//5410
f 2471//5411 2472//5412 2470//5413
f 2472//5412 2469//5414 2470//5413
f 2473//5415 2457//5415 2465//5415
f 2473//5416 2466//5368 2457//5370
f 2460//5417 2474//5417 2342//5417
f 743//5418 27//5418 1893//5418
f 1534//5068 2409//5067 2411//5419
f 2469//5420 2475//5420 2465//5420
f 2475//5421 2476//5422 2465//5423
f 2473//5424 2477//5424 2466//5424
f 2466//5371 2478//5425 2460//5372
f 2478//5426 2474//5426 2460//5426
f 2474//5427 1792//5427 2342//5427
f 1733//5428 1737//5428 2352//5428
f 1737//5429 2467//5429 2352//5429
f 496//5430 464//5430 2468//5430
f 2472//5412 2475//5431 2469//5414
f 2467//5432 2479//5432 2468//5432
f 2479//5433 496//5433 2468//5433
f 1218//5434 1898//5434 1900//5434
f 1528//5435 1553//5435 1524//5435
f 1553//5436 2471//5436 1524//5436
f 2471//5437 2480//5437 2472//5437
f 2465//5438 2481//5438 2473//5438
f 2474//5439 2383//5439 1792//5439
f 1008//5440 1063//5440 1019//5440
f 1532//5441 1534//5441 2411//5441
f 1554//5442 1553//5442 1528//5442
f 2482//5443 2465//5443 2476//5443
f 2482//5444 2481//5444 2465//5444
f 2483//5445 2473//5445 2481//5445
f 2477//5446 2223//5446 2466//5446
f 2223//5447 2478//5447 2466//5447
f 2478//5448 2484//5449 2474//5450
f 2383//5451 1349//5451 1684//5451
f 2483//5452 2481//5452 2482//5452
f 2485//5453 2383//5453 2474//5453
f 2426//5454 1271//5454 1009//5454
f 1607//5455 2467//5455 1737//5455
f 1809//5144 1532//5456 2376//5145
f 2486//5457 2480//5458 2471//5459
f 2475//5460 2472//5460 2480//5460
f 2487//5461 2475//5461 2480//5461
f 2485//5462 1349//5462 2383//5462
f 507//5463 2416//5463 508//5463
f 1607//5464 2479//5464 2467//5464
f 1841//5465 1809//5465 2417//5465
f 2251//5466 1950//5466 2375//5466
f 2379//5467 948//5467 2362//5467
f 2488//5468 2480//5468 2486//5468
f 2488//5469 2489//5469 2480//5469
f 2489//5470 2487//5470 2480//5470
f 2484//5449 2485//5471 2474//5450
f 2485//5472 1352//5472 1349//5472
f 859//5473 1940//5473 860//5473
f 40//5474 1009//5164 114//5166
f 2479//5475 2490//5475 496//5475
f 496//5476 1128//5477 465//5478
f 2380//5479 2359//5479 1495//5479
f 1368//5480 1367//5480 2424//5480
f 2486//5457 2471//5459 1553//5481
f 1141//5482 2485//5471 2484//5449
f 436//5483 1662//5483 1855//5483
f 2427//5175 2061//5174 1801//5484
f 1607//5485 2490//5485 2479//5485
f 2490//5486 1128//5477 496//5476
f 465//5487 593//5487 550//5487
f 2491//5488 2488//5488 2486//5488
f 2491//5489 2492//5489 2488//5489
f 2492//5490 2493//5490 2488//5490
f 2493//5491 2489//5491 2488//5491
f 2124//5492 2476//5422 2475//5421
f 2413//5493 1845//5493 795//5493
f 2359//5494 1206//2082 1495//2081
f 1607//5495 456//5495 2490//5495
f 456//5496 1128//5496 2490//5496
f 1841//5497 2417//5497 1471//5497
f 1901//5498 1533//5498 1840//5498
f 894//5499 2486//5499 1553//5499
f 1140//5500 1352//5500 2485//5500
f 2407//5501 1902//5501 1840//5501
f 2394//5502 2380//5502 2358//5502
f 1133//5503 712//5503 2407//5503
f 2343//5504 2342//5504 1780//5504
f 2494//5505 2486//5505 894//5505
f 2494//5506 2491//5506 2486//5506
f 2124//5507 2482//5508 2476//5509
f 2482//5510 2495//5510 2483//5510
f 2496//5511 2478//5511 2223//5511
f 2496//5512 2497//5513 2478//5514
f 2497//5513 2484//5515 2478//5514
f 1140//5516 2485//5516 1141//5516
f 1768//5517 1352//5517 1140//5517
f 1352//5518 1768//5518 1094//5518
f 712//5519 2406//5520 2407//5521
f 1707//5522 1354//5522 1708//5522
f 456//5523 592//5523 1128//5523
f 948//5524 950//5524 2362//5524
f 950//5525 990//5525 2362//5525
f 1552//5526 894//5526 1553//5526
f 2498//5527 2491//5527 2494//5527
f 2499//5528 2493//5528 2492//5528
f 2499//5529 2500//5529 2493//5529
f 2124//5530 2475//5530 2487//5530
f 2497//5531 1141//5532 2484//5533
f 269//5534 508//5534 1305//5534
f 2388//5535 1949//5535 2421//5535
f 1950//5536 2115//5536 332//5536
f 2227//5537 1394//5537 1530//5537
f 2501//5538 2492//5538 2491//5538
f 2501//5539 2499//5539 2492//5539
f 1709//5540 2500//5540 2499//5540
f 2502//5541 2482//5508 2124//5507
f 2502//5542 2495//5542 2482//5542
f 429//5543 365//5543 464//5543
f 2416//5544 1368//5544 2424//5544
f 712//5519 2103//5545 2406//5520
f 2491//5546 2498//5546 2501//5546
f 1903//5547 2336//5547 2005//5547
f 2399//5548 1948//5548 2422//5548
f 2372//5549 2369//5549 2368//5549
f 1902//5550 1901//5550 1840//5550
f 1901//5551 1903//5551 2404//5551
f 2033//5552 2499//5552 2501//5552
f 1983//5553 2497//5553 2496//5553
f 2406//5057 2103//5079 1902//5058
f 2498//5554 2306//5554 2501//5554
f 2033//3583 1709//3582 2499//5555
f 1983//5556 1141//5532 2497//5531
f 2422//5557 1948//5557 2370//5557
f 2115//5558 2415//5558 332//5558
f 990//5559 950//5559 988//5559
f 1518//5560 2501//5560 2306//5560
f 1518//5561 2033//5561 2501//5561
f 2124//5562 2123//5562 2502//5562
f 2502//5563 2123//5563 2495//5563
f 1370//4539 1983//4538 2496//5564
f 1262//5565 894//5565 1552//5565
f 2498//5566 2322//5566 2306//5566
f 1139//5567 1141//5567 1983//5567
f 1094//5568 1768//5568 1095//5568
f 2363//5569 2000//5569 2374//5569
f 1444//5570 2407//5570 1384//5570
f 2375//5571 1353//5115 1301//5114
f 893//5572 2494//5572 894//5572
f 893//5573 2322//5573 2498//5573
f 2494//5574 893//5574 2498//5574
f 2123//5575 2402//5575 2495//5575
f 1370//5576 2496//5576 2223//5576
f 1687//5577 2458//5577 2503//5577
f 2458//5578 2461//5578 2503//5578
f 2461//5579 2392//5579 2503//5579
f 2392//5580 390//5580 2503//5580
f 390//5581 389//5581 2503//5581
f 389//5582 1416//5582 2503//5582
f 1416//5583 1687//5583 2503//5583
